#VRML V2.0 utf8
# Generated by VRML 2.0 driver of GEANT4


#---------- CAMERA
Viewpoint {
	position 0 0 1732.05
}

#---------- SOLID: world:0
	Shape {
		appearance Appearance {
			material Material {
				diffuseColor 1 1 1
				transparency 0.7
			}
		}
		geometry IndexedFaceSet {
			coord Coordinate {
				point [
					-500 -500 -500,
					500 -500 -500,
					500 500 -500,
					-500 500 -500,
					-500 -500 500,
					500 -500 500,
					500 500 500,
					-500 500 500,
				]
			}
			coordIndex [
				0, 3, 2, 1, -1,
				4, 7, 3, 0, -1,
				7, 6, 2, 3, -1,
				6, 5, 1, 2, -1,
				5, 4, 0, 1, -1,
				4, 5, 6, 7, -1,
			]
			solid FALSE
		}
	}
#---------- SOLID: phantom:0
	Shape {
		appearance Appearance {
			material Material {
				diffuseColor 0.8 0.8 0.8
				transparency 0.7
			}
		}
		geometry IndexedFaceSet {
			coord Coordinate {
				point [
					50 0 25,
					48.2963 12.941 25,
					43.3013 25 25,
					35.3553 35.3553 25,
					25 43.3013 25,
					12.941 48.2963 25,
					3.06162e-15 50 25,
					-12.941 48.2963 25,
					-25 43.3013 25,
					-35.3553 35.3553 25,
					-43.3013 25 25,
					-48.2963 12.941 25,
					-50 6.12323e-15 25,
					-48.2963 -12.941 25,
					-43.3013 -25 25,
					-35.3553 -35.3553 25,
					-25 -43.3013 25,
					-12.941 -48.2963 25,
					-9.18485e-15 -50 25,
					12.941 -48.2963 25,
					25 -43.3013 25,
					35.3553 -35.3553 25,
					43.3013 -25 25,
					48.2963 -12.941 25,
					50 0 -25,
					48.2963 12.941 -25,
					43.3013 25 -25,
					35.3553 35.3553 -25,
					25 43.3013 -25,
					12.941 48.2963 -25,
					3.06162e-15 50 -25,
					-12.941 48.2963 -25,
					-25 43.3013 -25,
					-35.3553 35.3553 -25,
					-43.3013 25 -25,
					-48.2963 12.941 -25,
					-50 6.12323e-15 -25,
					-48.2963 -12.941 -25,
					-43.3013 -25 -25,
					-35.3553 -35.3553 -25,
					-25 -43.3013 -25,
					-12.941 -48.2963 -25,
					-9.18485e-15 -50 -25,
					12.941 -48.2963 -25,
					25 -43.3013 -25,
					35.3553 -35.3553 -25,
					43.3013 -25 -25,
					48.2963 -12.941 -25,
					0 0 25,
					0 0 -25,
				]
			}
			coordIndex [
				0, 24, 25, 1, -1,
				1, 25, 26, 2, -1,
				2, 26, 27, 3, -1,
				3, 27, 28, 4, -1,
				4, 28, 29, 5, -1,
				5, 29, 30, 6, -1,
				6, 30, 31, 7, -1,
				7, 31, 32, 8, -1,
				8, 32, 33, 9, -1,
				9, 33, 34, 10, -1,
				10, 34, 35, 11, -1,
				11, 35, 36, 12, -1,
				12, 36, 37, 13, -1,
				13, 37, 38, 14, -1,
				14, 38, 39, 15, -1,
				15, 39, 40, 16, -1,
				16, 40, 41, 17, -1,
				17, 41, 42, 18, -1,
				18, 42, 43, 19, -1,
				19, 43, 44, 20, -1,
				20, 44, 45, 21, -1,
				21, 45, 46, 22, -1,
				22, 46, 47, 23, -1,
				23, 47, 24, 0, -1,
				48, 0, 1, -1,
				48, 1, 2, -1,
				48, 2, 3, -1,
				48, 3, 4, -1,
				48, 4, 5, -1,
				48, 5, 6, -1,
				48, 6, 7, -1,
				48, 7, 8, -1,
				48, 8, 9, -1,
				48, 9, 10, -1,
				48, 10, 11, -1,
				48, 11, 12, -1,
				48, 12, 13, -1,
				48, 13, 14, -1,
				48, 14, 15, -1,
				48, 15, 16, -1,
				48, 16, 17, -1,
				48, 17, 18, -1,
				48, 18, 19, -1,
				48, 19, 20, -1,
				48, 20, 21, -1,
				48, 21, 22, -1,
				48, 22, 23, -1,
				48, 23, 0, -1,
				24, 49, 25, -1,
				25, 49, 26, -1,
				26, 49, 27, -1,
				27, 49, 28, -1,
				28, 49, 29, -1,
				29, 49, 30, -1,
				30, 49, 31, -1,
				31, 49, 32, -1,
				32, 49, 33, -1,
				33, 49, 34, -1,
				34, 49, 35, -1,
				35, 49, 36, -1,
				36, 49, 37, -1,
				37, 49, 38, -1,
				38, 49, 39, -1,
				39, 49, 40, -1,
				40, 49, 41, -1,
				41, 49, 42, -1,
				42, 49, 43, -1,
				43, 49, 44, -1,
				44, 49, 45, -1,
				45, 49, 46, -1,
				46, 49, 47, -1,
				47, 49, 24, -1,
			]
			solid FALSE
		}
	}
#---------- SOLID: water_hole_0:0
	Shape {
		appearance Appearance {
			material Material {
				diffuseColor 0.2 0.5 1
				transparency 0.7
			}
		}
		geometry IndexedFaceSet {
			coord Coordinate {
				point [
					5 0 20,
					4.82963 1.2941 20,
					4.33013 2.5 20,
					3.53553 3.53553 20,
					2.5 4.33013 20,
					1.2941 4.82963 20,
					3.06162e-16 5 20,
					-1.2941 4.82963 20,
					-2.5 4.33013 20,
					-3.53553 3.53553 20,
					-4.33013 2.5 20,
					-4.82963 1.2941 20,
					-5 6.12323e-16 20,
					-4.82963 -1.2941 20,
					-4.33013 -2.5 20,
					-3.53553 -3.53553 20,
					-2.5 -4.33013 20,
					-1.2941 -4.82963 20,
					-9.18485e-16 -5 20,
					1.2941 -4.82963 20,
					2.5 -4.33013 20,
					3.53553 -3.53553 20,
					4.33013 -2.5 20,
					4.82963 -1.2941 20,
					5 0 -20,
					4.82963 1.2941 -20,
					4.33013 2.5 -20,
					3.53553 3.53553 -20,
					2.5 4.33013 -20,
					1.2941 4.82963 -20,
					3.06162e-16 5 -20,
					-1.2941 4.82963 -20,
					-2.5 4.33013 -20,
					-3.53553 3.53553 -20,
					-4.33013 2.5 -20,
					-4.82963 1.2941 -20,
					-5 6.12323e-16 -20,
					-4.82963 -1.2941 -20,
					-4.33013 -2.5 -20,
					-3.53553 -3.53553 -20,
					-2.5 -4.33013 -20,
					-1.2941 -4.82963 -20,
					-9.18485e-16 -5 -20,
					1.2941 -4.82963 -20,
					2.5 -4.33013 -20,
					3.53553 -3.53553 -20,
					4.33013 -2.5 -20,
					4.82963 -1.2941 -20,
					0 0 20,
					0 0 -20,
				]
			}
			coordIndex [
				0, 24, 25, 1, -1,
				1, 25, 26, 2, -1,
				2, 26, 27, 3, -1,
				3, 27, 28, 4, -1,
				4, 28, 29, 5, -1,
				5, 29, 30, 6, -1,
				6, 30, 31, 7, -1,
				7, 31, 32, 8, -1,
				8, 32, 33, 9, -1,
				9, 33, 34, 10, -1,
				10, 34, 35, 11, -1,
				11, 35, 36, 12, -1,
				12, 36, 37, 13, -1,
				13, 37, 38, 14, -1,
				14, 38, 39, 15, -1,
				15, 39, 40, 16, -1,
				16, 40, 41, 17, -1,
				17, 41, 42, 18, -1,
				18, 42, 43, 19, -1,
				19, 43, 44, 20, -1,
				20, 44, 45, 21, -1,
				21, 45, 46, 22, -1,
				22, 46, 47, 23, -1,
				23, 47, 24, 0, -1,
				48, 0, 1, -1,
				48, 1, 2, -1,
				48, 2, 3, -1,
				48, 3, 4, -1,
				48, 4, 5, -1,
				48, 5, 6, -1,
				48, 6, 7, -1,
				48, 7, 8, -1,
				48, 8, 9, -1,
				48, 9, 10, -1,
				48, 10, 11, -1,
				48, 11, 12, -1,
				48, 12, 13, -1,
				48, 13, 14, -1,
				48, 14, 15, -1,
				48, 15, 16, -1,
				48, 16, 17, -1,
				48, 17, 18, -1,
				48, 18, 19, -1,
				48, 19, 20, -1,
				48, 20, 21, -1,
				48, 21, 22, -1,
				48, 22, 23, -1,
				48, 23, 0, -1,
				24, 49, 25, -1,
				25, 49, 26, -1,
				26, 49, 27, -1,
				27, 49, 28, -1,
				28, 49, 29, -1,
				29, 49, 30, -1,
				30, 49, 31, -1,
				31, 49, 32, -1,
				32, 49, 33, -1,
				33, 49, 34, -1,
				34, 49, 35, -1,
				35, 49, 36, -1,
				36, 49, 37, -1,
				37, 49, 38, -1,
				38, 49, 39, -1,
				39, 49, 40, -1,
				40, 49, 41, -1,
				41, 49, 42, -1,
				42, 49, 43, -1,
				43, 49, 44, -1,
				44, 49, 45, -1,
				45, 49, 46, -1,
				46, 49, 47, -1,
				47, 49, 24, -1,
			]
			solid FALSE
		}
	}
#---------- SOLID: water_hole_1:0
	Shape {
		appearance Appearance {
			material Material {
				diffuseColor 0.2 0.5 1
				transparency 0.7
			}
		}
		geometry IndexedFaceSet {
			coord Coordinate {
				point [
					25 0 20,
					24.8296 1.2941 20,
					24.3301 2.5 20,
					23.5355 3.53553 20,
					22.5 4.33013 20,
					21.2941 4.82963 20,
					20 5 20,
					18.7059 4.82963 20,
					17.5 4.33013 20,
					16.4645 3.53553 20,
					15.6699 2.5 20,
					15.1704 1.2941 20,
					15 6.12323e-16 20,
					15.1704 -1.2941 20,
					15.6699 -2.5 20,
					16.4645 -3.53553 20,
					17.5 -4.33013 20,
					18.7059 -4.82963 20,
					20 -5 20,
					21.2941 -4.82963 20,
					22.5 -4.33013 20,
					23.5355 -3.53553 20,
					24.3301 -2.5 20,
					24.8296 -1.2941 20,
					25 0 -20,
					24.8296 1.2941 -20,
					24.3301 2.5 -20,
					23.5355 3.53553 -20,
					22.5 4.33013 -20,
					21.2941 4.82963 -20,
					20 5 -20,
					18.7059 4.82963 -20,
					17.5 4.33013 -20,
					16.4645 3.53553 -20,
					15.6699 2.5 -20,
					15.1704 1.2941 -20,
					15 6.12323e-16 -20,
					15.1704 -1.2941 -20,
					15.6699 -2.5 -20,
					16.4645 -3.53553 -20,
					17.5 -4.33013 -20,
					18.7059 -4.82963 -20,
					20 -5 -20,
					21.2941 -4.82963 -20,
					22.5 -4.33013 -20,
					23.5355 -3.53553 -20,
					24.3301 -2.5 -20,
					24.8296 -1.2941 -20,
					20 0 20,
					20 0 -20,
				]
			}
			coordIndex [
				0, 24, 25, 1, -1,
				1, 25, 26, 2, -1,
				2, 26, 27, 3, -1,
				3, 27, 28, 4, -1,
				4, 28, 29, 5, -1,
				5, 29, 30, 6, -1,
				6, 30, 31, 7, -1,
				7, 31, 32, 8, -1,
				8, 32, 33, 9, -1,
				9, 33, 34, 10, -1,
				10, 34, 35, 11, -1,
				11, 35, 36, 12, -1,
				12, 36, 37, 13, -1,
				13, 37, 38, 14, -1,
				14, 38, 39, 15, -1,
				15, 39, 40, 16, -1,
				16, 40, 41, 17, -1,
				17, 41, 42, 18, -1,
				18, 42, 43, 19, -1,
				19, 43, 44, 20, -1,
				20, 44, 45, 21, -1,
				21, 45, 46, 22, -1,
				22, 46, 47, 23, -1,
				23, 47, 24, 0, -1,
				48, 0, 1, -1,
				48, 1, 2, -1,
				48, 2, 3, -1,
				48, 3, 4, -1,
				48, 4, 5, -1,
				48, 5, 6, -1,
				48, 6, 7, -1,
				48, 7, 8, -1,
				48, 8, 9, -1,
				48, 9, 10, -1,
				48, 10, 11, -1,
				48, 11, 12, -1,
				48, 12, 13, -1,
				48, 13, 14, -1,
				48, 14, 15, -1,
				48, 15, 16, -1,
				48, 16, 17, -1,
				48, 17, 18, -1,
				48, 18, 19, -1,
				48, 19, 20, -1,
				48, 20, 21, -1,
				48, 21, 22, -1,
				48, 22, 23, -1,
				48, 23, 0, -1,
				24, 49, 25, -1,
				25, 49, 26, -1,
				26, 49, 27, -1,
				27, 49, 28, -1,
				28, 49, 29, -1,
				29, 49, 30, -1,
				30, 49, 31, -1,
				31, 49, 32, -1,
				32, 49, 33, -1,
				33, 49, 34, -1,
				34, 49, 35, -1,
				35, 49, 36, -1,
				36, 49, 37, -1,
				37, 49, 38, -1,
				38, 49, 39, -1,
				39, 49, 40, -1,
				40, 49, 41, -1,
				41, 49, 42, -1,
				42, 49, 43, -1,
				43, 49, 44, -1,
				44, 49, 45, -1,
				45, 49, 46, -1,
				46, 49, 47, -1,
				47, 49, 24, -1,
			]
			solid FALSE
		}
	}
#---------- SOLID: water_hole_2:0
	Shape {
		appearance Appearance {
			material Material {
				diffuseColor 0.2 0.5 1
				transparency 0.7
			}
		}
		geometry IndexedFaceSet {
			coord Coordinate {
				point [
					15 17.3 20,
					14.8296 18.5941 20,
					14.3301 19.8 20,
					13.5355 20.8355 20,
					12.5 21.6301 20,
					11.2941 22.1296 20,
					10 22.3 20,
					8.7059 22.1296 20,
					7.5 21.6301 20,
					6.46447 20.8355 20,
					5.66987 19.8 20,
					5.17037 18.5941 20,
					5 17.3 20,
					5.17037 16.0059 20,
					5.66987 14.8 20,
					6.46447 13.7645 20,
					7.5 12.9699 20,
					8.7059 12.4704 20,
					10 12.3 20,
					11.2941 12.4704 20,
					12.5 12.9699 20,
					13.5355 13.7645 20,
					14.3301 14.8 20,
					14.8296 16.0059 20,
					15 17.3 -20,
					14.8296 18.5941 -20,
					14.3301 19.8 -20,
					13.5355 20.8355 -20,
					12.5 21.6301 -20,
					11.2941 22.1296 -20,
					10 22.3 -20,
					8.7059 22.1296 -20,
					7.5 21.6301 -20,
					6.46447 20.8355 -20,
					5.66987 19.8 -20,
					5.17037 18.5941 -20,
					5 17.3 -20,
					5.17037 16.0059 -20,
					5.66987 14.8 -20,
					6.46447 13.7645 -20,
					7.5 12.9699 -20,
					8.7059 12.4704 -20,
					10 12.3 -20,
					11.2941 12.4704 -20,
					12.5 12.9699 -20,
					13.5355 13.7645 -20,
					14.3301 14.8 -20,
					14.8296 16.0059 -20,
					10 17.3 20,
					10 17.3 -20,
				]
			}
			coordIndex [
				0, 24, 25, 1, -1,
				1, 25, 26, 2, -1,
				2, 26, 27, 3, -1,
				3, 27, 28, 4, -1,
				4, 28, 29, 5, -1,
				5, 29, 30, 6, -1,
				6, 30, 31, 7, -1,
				7, 31, 32, 8, -1,
				8, 32, 33, 9, -1,
				9, 33, 34, 10, -1,
				10, 34, 35, 11, -1,
				11, 35, 36, 12, -1,
				12, 36, 37, 13, -1,
				13, 37, 38, 14, -1,
				14, 38, 39, 15, -1,
				15, 39, 40, 16, -1,
				16, 40, 41, 17, -1,
				17, 41, 42, 18, -1,
				18, 42, 43, 19, -1,
				19, 43, 44, 20, -1,
				20, 44, 45, 21, -1,
				21, 45, 46, 22, -1,
				22, 46, 47, 23, -1,
				23, 47, 24, 0, -1,
				48, 0, 1, -1,
				48, 1, 2, -1,
				48, 2, 3, -1,
				48, 3, 4, -1,
				48, 4, 5, -1,
				48, 5, 6, -1,
				48, 6, 7, -1,
				48, 7, 8, -1,
				48, 8, 9, -1,
				48, 9, 10, -1,
				48, 10, 11, -1,
				48, 11, 12, -1,
				48, 12, 13, -1,
				48, 13, 14, -1,
				48, 14, 15, -1,
				48, 15, 16, -1,
				48, 16, 17, -1,
				48, 17, 18, -1,
				48, 18, 19, -1,
				48, 19, 20, -1,
				48, 20, 21, -1,
				48, 21, 22, -1,
				48, 22, 23, -1,
				48, 23, 0, -1,
				24, 49, 25, -1,
				25, 49, 26, -1,
				26, 49, 27, -1,
				27, 49, 28, -1,
				28, 49, 29, -1,
				29, 49, 30, -1,
				30, 49, 31, -1,
				31, 49, 32, -1,
				32, 49, 33, -1,
				33, 49, 34, -1,
				34, 49, 35, -1,
				35, 49, 36, -1,
				36, 49, 37, -1,
				37, 49, 38, -1,
				38, 49, 39, -1,
				39, 49, 40, -1,
				40, 49, 41, -1,
				41, 49, 42, -1,
				42, 49, 43, -1,
				43, 49, 44, -1,
				44, 49, 45, -1,
				45, 49, 46, -1,
				46, 49, 47, -1,
				47, 49, 24, -1,
			]
			solid FALSE
		}
	}
#---------- SOLID: water_hole_3:0
	Shape {
		appearance Appearance {
			material Material {
				diffuseColor 0.2 0.5 1
				transparency 0.7
			}
		}
		geometry IndexedFaceSet {
			coord Coordinate {
				point [
					-5 17.3 20,
					-5.17037 18.5941 20,
					-5.66987 19.8 20,
					-6.46447 20.8355 20,
					-7.5 21.6301 20,
					-8.7059 22.1296 20,
					-10 22.3 20,
					-11.2941 22.1296 20,
					-12.5 21.6301 20,
					-13.5355 20.8355 20,
					-14.3301 19.8 20,
					-14.8296 18.5941 20,
					-15 17.3 20,
					-14.8296 16.0059 20,
					-14.3301 14.8 20,
					-13.5355 13.7645 20,
					-12.5 12.9699 20,
					-11.2941 12.4704 20,
					-10 12.3 20,
					-8.7059 12.4704 20,
					-7.5 12.9699 20,
					-6.46447 13.7645 20,
					-5.66987 14.8 20,
					-5.17037 16.0059 20,
					-5 17.3 -20,
					-5.17037 18.5941 -20,
					-5.66987 19.8 -20,
					-6.46447 20.8355 -20,
					-7.5 21.6301 -20,
					-8.7059 22.1296 -20,
					-10 22.3 -20,
					-11.2941 22.1296 -20,
					-12.5 21.6301 -20,
					-13.5355 20.8355 -20,
					-14.3301 19.8 -20,
					-14.8296 18.5941 -20,
					-15 17.3 -20,
					-14.8296 16.0059 -20,
					-14.3301 14.8 -20,
					-13.5355 13.7645 -20,
					-12.5 12.9699 -20,
					-11.2941 12.4704 -20,
					-10 12.3 -20,
					-8.7059 12.4704 -20,
					-7.5 12.9699 -20,
					-6.46447 13.7645 -20,
					-5.66987 14.8 -20,
					-5.17037 16.0059 -20,
					-10 17.3 20,
					-10 17.3 -20,
				]
			}
			coordIndex [
				0, 24, 25, 1, -1,
				1, 25, 26, 2, -1,
				2, 26, 27, 3, -1,
				3, 27, 28, 4, -1,
				4, 28, 29, 5, -1,
				5, 29, 30, 6, -1,
				6, 30, 31, 7, -1,
				7, 31, 32, 8, -1,
				8, 32, 33, 9, -1,
				9, 33, 34, 10, -1,
				10, 34, 35, 11, -1,
				11, 35, 36, 12, -1,
				12, 36, 37, 13, -1,
				13, 37, 38, 14, -1,
				14, 38, 39, 15, -1,
				15, 39, 40, 16, -1,
				16, 40, 41, 17, -1,
				17, 41, 42, 18, -1,
				18, 42, 43, 19, -1,
				19, 43, 44, 20, -1,
				20, 44, 45, 21, -1,
				21, 45, 46, 22, -1,
				22, 46, 47, 23, -1,
				23, 47, 24, 0, -1,
				48, 0, 1, -1,
				48, 1, 2, -1,
				48, 2, 3, -1,
				48, 3, 4, -1,
				48, 4, 5, -1,
				48, 5, 6, -1,
				48, 6, 7, -1,
				48, 7, 8, -1,
				48, 8, 9, -1,
				48, 9, 10, -1,
				48, 10, 11, -1,
				48, 11, 12, -1,
				48, 12, 13, -1,
				48, 13, 14, -1,
				48, 14, 15, -1,
				48, 15, 16, -1,
				48, 16, 17, -1,
				48, 17, 18, -1,
				48, 18, 19, -1,
				48, 19, 20, -1,
				48, 20, 21, -1,
				48, 21, 22, -1,
				48, 22, 23, -1,
				48, 23, 0, -1,
				24, 49, 25, -1,
				25, 49, 26, -1,
				26, 49, 27, -1,
				27, 49, 28, -1,
				28, 49, 29, -1,
				29, 49, 30, -1,
				30, 49, 31, -1,
				31, 49, 32, -1,
				32, 49, 33, -1,
				33, 49, 34, -1,
				34, 49, 35, -1,
				35, 49, 36, -1,
				36, 49, 37, -1,
				37, 49, 38, -1,
				38, 49, 39, -1,
				39, 49, 40, -1,
				40, 49, 41, -1,
				41, 49, 42, -1,
				42, 49, 43, -1,
				43, 49, 44, -1,
				44, 49, 45, -1,
				45, 49, 46, -1,
				46, 49, 47, -1,
				47, 49, 24, -1,
			]
			solid FALSE
		}
	}
#---------- SOLID: water_hole_4:0
	Shape {
		appearance Appearance {
			material Material {
				diffuseColor 0.2 0.5 1
				transparency 0.7
			}
		}
		geometry IndexedFaceSet {
			coord Coordinate {
				point [
					-15 0 20,
					-15.1704 1.2941 20,
					-15.6699 2.5 20,
					-16.4645 3.53553 20,
					-17.5 4.33013 20,
					-18.7059 4.82963 20,
					-20 5 20,
					-21.2941 4.82963 20,
					-22.5 4.33013 20,
					-23.5355 3.53553 20,
					-24.3301 2.5 20,
					-24.8296 1.2941 20,
					-25 6.12323e-16 20,
					-24.8296 -1.2941 20,
					-24.3301 -2.5 20,
					-23.5355 -3.53553 20,
					-22.5 -4.33013 20,
					-21.2941 -4.82963 20,
					-20 -5 20,
					-18.7059 -4.82963 20,
					-17.5 -4.33013 20,
					-16.4645 -3.53553 20,
					-15.6699 -2.5 20,
					-15.1704 -1.2941 20,
					-15 0 -20,
					-15.1704 1.2941 -20,
					-15.6699 2.5 -20,
					-16.4645 3.53553 -20,
					-17.5 4.33013 -20,
					-18.7059 4.82963 -20,
					-20 5 -20,
					-21.2941 4.82963 -20,
					-22.5 4.33013 -20,
					-23.5355 3.53553 -20,
					-24.3301 2.5 -20,
					-24.8296 1.2941 -20,
					-25 6.12323e-16 -20,
					-24.8296 -1.2941 -20,
					-24.3301 -2.5 -20,
					-23.5355 -3.53553 -20,
					-22.5 -4.33013 -20,
					-21.2941 -4.82963 -20,
					-20 -5 -20,
					-18.7059 -4.82963 -20,
					-17.5 -4.33013 -20,
					-16.4645 -3.53553 -20,
					-15.6699 -2.5 -20,
					-15.1704 -1.2941 -20,
					-20 0 20,
					-20 0 -20,
				]
			}
			coordIndex [
				0, 24, 25, 1, -1,
				1, 25, 26, 2, -1,
				2, 26, 27, 3, -1,
				3, 27, 28, 4, -1,
				4, 28, 29, 5, -1,
				5, 29, 30, 6, -1,
				6, 30, 31, 7, -1,
				7, 31, 32, 8, -1,
				8, 32, 33, 9, -1,
				9, 33, 34, 10, -1,
				10, 34, 35, 11, -1,
				11, 35, 36, 12, -1,
				12, 36, 37, 13, -1,
				13, 37, 38, 14, -1,
				14, 38, 39, 15, -1,
				15, 39, 40, 16, -1,
				16, 40, 41, 17, -1,
				17, 41, 42, 18, -1,
				18, 42, 43, 19, -1,
				19, 43, 44, 20, -1,
				20, 44, 45, 21, -1,
				21, 45, 46, 22, -1,
				22, 46, 47, 23, -1,
				23, 47, 24, 0, -1,
				48, 0, 1, -1,
				48, 1, 2, -1,
				48, 2, 3, -1,
				48, 3, 4, -1,
				48, 4, 5, -1,
				48, 5, 6, -1,
				48, 6, 7, -1,
				48, 7, 8, -1,
				48, 8, 9, -1,
				48, 9, 10, -1,
				48, 10, 11, -1,
				48, 11, 12, -1,
				48, 12, 13, -1,
				48, 13, 14, -1,
				48, 14, 15, -1,
				48, 15, 16, -1,
				48, 16, 17, -1,
				48, 17, 18, -1,
				48, 18, 19, -1,
				48, 19, 20, -1,
				48, 20, 21, -1,
				48, 21, 22, -1,
				48, 22, 23, -1,
				48, 23, 0, -1,
				24, 49, 25, -1,
				25, 49, 26, -1,
				26, 49, 27, -1,
				27, 49, 28, -1,
				28, 49, 29, -1,
				29, 49, 30, -1,
				30, 49, 31, -1,
				31, 49, 32, -1,
				32, 49, 33, -1,
				33, 49, 34, -1,
				34, 49, 35, -1,
				35, 49, 36, -1,
				36, 49, 37, -1,
				37, 49, 38, -1,
				38, 49, 39, -1,
				39, 49, 40, -1,
				40, 49, 41, -1,
				41, 49, 42, -1,
				42, 49, 43, -1,
				43, 49, 44, -1,
				44, 49, 45, -1,
				45, 49, 46, -1,
				46, 49, 47, -1,
				47, 49, 24, -1,
			]
			solid FALSE
		}
	}
#---------- SOLID: water_hole_5:0
	Shape {
		appearance Appearance {
			material Material {
				diffuseColor 0.2 0.5 1
				transparency 0.7
			}
		}
		geometry IndexedFaceSet {
			coord Coordinate {
				point [
					-5 -17.3 20,
					-5.17037 -16.0059 20,
					-5.66987 -14.8 20,
					-6.46447 -13.7645 20,
					-7.5 -12.9699 20,
					-8.7059 -12.4704 20,
					-10 -12.3 20,
					-11.2941 -12.4704 20,
					-12.5 -12.9699 20,
					-13.5355 -13.7645 20,
					-14.3301 -14.8 20,
					-14.8296 -16.0059 20,
					-15 -17.3 20,
					-14.8296 -18.5941 20,
					-14.3301 -19.8 20,
					-13.5355 -20.8355 20,
					-12.5 -21.6301 20,
					-11.2941 -22.1296 20,
					-10 -22.3 20,
					-8.7059 -22.1296 20,
					-7.5 -21.6301 20,
					-6.46447 -20.8355 20,
					-5.66987 -19.8 20,
					-5.17037 -18.5941 20,
					-5 -17.3 -20,
					-5.17037 -16.0059 -20,
					-5.66987 -14.8 -20,
					-6.46447 -13.7645 -20,
					-7.5 -12.9699 -20,
					-8.7059 -12.4704 -20,
					-10 -12.3 -20,
					-11.2941 -12.4704 -20,
					-12.5 -12.9699 -20,
					-13.5355 -13.7645 -20,
					-14.3301 -14.8 -20,
					-14.8296 -16.0059 -20,
					-15 -17.3 -20,
					-14.8296 -18.5941 -20,
					-14.3301 -19.8 -20,
					-13.5355 -20.8355 -20,
					-12.5 -21.6301 -20,
					-11.2941 -22.1296 -20,
					-10 -22.3 -20,
					-8.7059 -22.1296 -20,
					-7.5 -21.6301 -20,
					-6.46447 -20.8355 -20,
					-5.66987 -19.8 -20,
					-5.17037 -18.5941 -20,
					-10 -17.3 20,
					-10 -17.3 -20,
				]
			}
			coordIndex [
				0, 24, 25, 1, -1,
				1, 25, 26, 2, -1,
				2, 26, 27, 3, -1,
				3, 27, 28, 4, -1,
				4, 28, 29, 5, -1,
				5, 29, 30, 6, -1,
				6, 30, 31, 7, -1,
				7, 31, 32, 8, -1,
				8, 32, 33, 9, -1,
				9, 33, 34, 10, -1,
				10, 34, 35, 11, -1,
				11, 35, 36, 12, -1,
				12, 36, 37, 13, -1,
				13, 37, 38, 14, -1,
				14, 38, 39, 15, -1,
				15, 39, 40, 16, -1,
				16, 40, 41, 17, -1,
				17, 41, 42, 18, -1,
				18, 42, 43, 19, -1,
				19, 43, 44, 20, -1,
				20, 44, 45, 21, -1,
				21, 45, 46, 22, -1,
				22, 46, 47, 23, -1,
				23, 47, 24, 0, -1,
				48, 0, 1, -1,
				48, 1, 2, -1,
				48, 2, 3, -1,
				48, 3, 4, -1,
				48, 4, 5, -1,
				48, 5, 6, -1,
				48, 6, 7, -1,
				48, 7, 8, -1,
				48, 8, 9, -1,
				48, 9, 10, -1,
				48, 10, 11, -1,
				48, 11, 12, -1,
				48, 12, 13, -1,
				48, 13, 14, -1,
				48, 14, 15, -1,
				48, 15, 16, -1,
				48, 16, 17, -1,
				48, 17, 18, -1,
				48, 18, 19, -1,
				48, 19, 20, -1,
				48, 20, 21, -1,
				48, 21, 22, -1,
				48, 22, 23, -1,
				48, 23, 0, -1,
				24, 49, 25, -1,
				25, 49, 26, -1,
				26, 49, 27, -1,
				27, 49, 28, -1,
				28, 49, 29, -1,
				29, 49, 30, -1,
				30, 49, 31, -1,
				31, 49, 32, -1,
				32, 49, 33, -1,
				33, 49, 34, -1,
				34, 49, 35, -1,
				35, 49, 36, -1,
				36, 49, 37, -1,
				37, 49, 38, -1,
				38, 49, 39, -1,
				39, 49, 40, -1,
				40, 49, 41, -1,
				41, 49, 42, -1,
				42, 49, 43, -1,
				43, 49, 44, -1,
				44, 49, 45, -1,
				45, 49, 46, -1,
				46, 49, 47, -1,
				47, 49, 24, -1,
			]
			solid FALSE
		}
	}
#---------- SOLID: water_hole_6:0
	Shape {
		appearance Appearance {
			material Material {
				diffuseColor 0.2 0.5 1
				transparency 0.7
			}
		}
		geometry IndexedFaceSet {
			coord Coordinate {
				point [
					15 -17.3 20,
					14.8296 -16.0059 20,
					14.3301 -14.8 20,
					13.5355 -13.7645 20,
					12.5 -12.9699 20,
					11.2941 -12.4704 20,
					10 -12.3 20,
					8.7059 -12.4704 20,
					7.5 -12.9699 20,
					6.46447 -13.7645 20,
					5.66987 -14.8 20,
					5.17037 -16.0059 20,
					5 -17.3 20,
					5.17037 -18.5941 20,
					5.66987 -19.8 20,
					6.46447 -20.8355 20,
					7.5 -21.6301 20,
					8.7059 -22.1296 20,
					10 -22.3 20,
					11.2941 -22.1296 20,
					12.5 -21.6301 20,
					13.5355 -20.8355 20,
					14.3301 -19.8 20,
					14.8296 -18.5941 20,
					15 -17.3 -20,
					14.8296 -16.0059 -20,
					14.3301 -14.8 -20,
					13.5355 -13.7645 -20,
					12.5 -12.9699 -20,
					11.2941 -12.4704 -20,
					10 -12.3 -20,
					8.7059 -12.4704 -20,
					7.5 -12.9699 -20,
					6.46447 -13.7645 -20,
					5.66987 -14.8 -20,
					5.17037 -16.0059 -20,
					5 -17.3 -20,
					5.17037 -18.5941 -20,
					5.66987 -19.8 -20,
					6.46447 -20.8355 -20,
					7.5 -21.6301 -20,
					8.7059 -22.1296 -20,
					10 -22.3 -20,
					11.2941 -22.1296 -20,
					12.5 -21.6301 -20,
					13.5355 -20.8355 -20,
					14.3301 -19.8 -20,
					14.8296 -18.5941 -20,
					10 -17.3 20,
					10 -17.3 -20,
				]
			}
			coordIndex [
				0, 24, 25, 1, -1,
				1, 25, 26, 2, -1,
				2, 26, 27, 3, -1,
				3, 27, 28, 4, -1,
				4, 28, 29, 5, -1,
				5, 29, 30, 6, -1,
				6, 30, 31, 7, -1,
				7, 31, 32, 8, -1,
				8, 32, 33, 9, -1,
				9, 33, 34, 10, -1,
				10, 34, 35, 11, -1,
				11, 35, 36, 12, -1,
				12, 36, 37, 13, -1,
				13, 37, 38, 14, -1,
				14, 38, 39, 15, -1,
				15, 39, 40, 16, -1,
				16, 40, 41, 17, -1,
				17, 41, 42, 18, -1,
				18, 42, 43, 19, -1,
				19, 43, 44, 20, -1,
				20, 44, 45, 21, -1,
				21, 45, 46, 22, -1,
				22, 46, 47, 23, -1,
				23, 47, 24, 0, -1,
				48, 0, 1, -1,
				48, 1, 2, -1,
				48, 2, 3, -1,
				48, 3, 4, -1,
				48, 4, 5, -1,
				48, 5, 6, -1,
				48, 6, 7, -1,
				48, 7, 8, -1,
				48, 8, 9, -1,
				48, 9, 10, -1,
				48, 10, 11, -1,
				48, 11, 12, -1,
				48, 12, 13, -1,
				48, 13, 14, -1,
				48, 14, 15, -1,
				48, 15, 16, -1,
				48, 16, 17, -1,
				48, 17, 18, -1,
				48, 18, 19, -1,
				48, 19, 20, -1,
				48, 20, 21, -1,
				48, 21, 22, -1,
				48, 22, 23, -1,
				48, 23, 0, -1,
				24, 49, 25, -1,
				25, 49, 26, -1,
				26, 49, 27, -1,
				27, 49, 28, -1,
				28, 49, 29, -1,
				29, 49, 30, -1,
				30, 49, 31, -1,
				31, 49, 32, -1,
				32, 49, 33, -1,
				33, 49, 34, -1,
				34, 49, 35, -1,
				35, 49, 36, -1,
				36, 49, 37, -1,
				37, 49, 38, -1,
				38, 49, 39, -1,
				39, 49, 40, -1,
				40, 49, 41, -1,
				41, 49, 42, -1,
				42, 49, 43, -1,
				43, 49, 44, -1,
				44, 49, 45, -1,
				45, 49, 46, -1,
				46, 49, 47, -1,
				47, 49, 24, -1,
			]
			solid FALSE
		}
	}
#---------- POLYLINE
Shape {
	appearance Appearance {
		material Material {
			diffuseColor 0.5 0.5 0.5
			emissiveColor 0.5 0.5 0.5
		}
	}
	geometry IndexedLineSet {
		coord Coordinate {
			point [
				-3.6951 1.17751 19.8379,
			]
		}
		coordIndex [
			0, -1
		]
	}
}
#---------- POLYLINE
Shape {
	appearance Appearance {
		material Material {
			diffuseColor 0 0 1
			emissiveColor 0 0 1
		}
	}
	geometry IndexedLineSet {
		coord Coordinate {
			point [
				-3.6951 1.17751 19.8379,
				-3.71116 1.25245 19.8978,
				-3.72195 1.31393 19.9586,
				-3.72472 1.34004 19.9906,
				-3.72643 1.34581 19.9978,
				-3.72649 1.34591 19.9979,
				-3.72755 1.34764 20,
				-3.72771 1.34791 20.0003,
				-3.72785 1.34812 20.0006,
				-3.7279 1.3482 20.0007,
				-3.72809 1.3485 20.0011,
				-3.72825 1.34873 20.0014,
				-3.72843 1.34897 20.0017,
				-3.72859 1.3492 20.002,
				-3.72932 1.35037 20.0036,
				-3.73043 1.35318 20.0054,
				-3.73212 1.35774 20.0076,
				-3.735 1.36403 20.0109,
				-3.73935 1.37297 20.0154,
				-3.74567 1.38603 20.0205,
				-3.75327 1.4036 20.0273,
				-3.76117 1.42602 20.0406,
				-3.7652 1.46149 20.059,
				-3.7643 1.50748 20.0948,
				-3.77858 1.54325 20.1309,
				-3.80235 1.56647 20.1663,
				-3.82187 1.58598 20.2027,
				-3.83057 1.60367 20.2393,
				-3.83723 1.60577 20.2782,
				-3.84173 1.60105 20.3153,
				-3.8367 1.59192 20.3473,
				-3.83163 1.58029 20.3769,
				-3.82212 1.56575 20.4017,
				-3.80039 1.51155 20.4679,
				-3.76436 1.49578 20.5178,
				-3.7576 1.49095 20.5659,
				-3.77097 1.4974 20.6025,
				-3.77429 1.49194 20.6358,
				-3.76606 1.49524 20.6635,
				-3.75174 1.49321 20.6833,
				-3.73798 1.47867 20.6861,
				-3.7378 1.47822 20.6857,
			]
		}
		coordIndex [
			0, 1, 2, 3, 4, 5, 6, 7, 8, 9, 
			10, 11, 12, 13, 14, 15, 16, 17, 18, 19, 
			20, 21, 22, 23, 24, 25, 26, 27, 28, 29, 
			30, 31, 32, 33, 34, 35, 36, 37, 38, 39, 
			40, 41, -1
		]
	}
}
#---------- POLYLINE
Shape {
	appearance Appearance {
		material Material {
			diffuseColor 0 1 0
			emissiveColor 0 1 0
		}
	}
	geometry IndexedLineSet {
		coord Coordinate {
			point [
				-3.7378 1.47822 20.6857,
				-3.746 -0.122396 20,
				-3.76225 -3.29325 18.6417,
				-4.00075 -49.8397 -1.29727,
				-6.30733 -500 -194.131,
			]
		}
		coordIndex [
			0, 1, 2, 3, 4, -1
		]
	}
}
#---------- POLYLINE
Shape {
	appearance Appearance {
		material Material {
			diffuseColor 0 1 0
			emissiveColor 0 1 0
		}
	}
	geometry IndexedLineSet {
		coord Coordinate {
			point [
				-3.7378 1.47822 20.6857,
				-3.68619 11.5498 25,
				-1.18342 500 234.236,
			]
		}
		coordIndex [
			0, 1, 2, -1
		]
	}
}
#---------- POLYLINE
Shape {
	appearance Appearance {
		material Material {
			diffuseColor 0.5 0.5 0.5
			emissiveColor 0.5 0.5 0.5
		}
	}
	geometry IndexedLineSet {
		coord Coordinate {
			point [
				-3.6951 1.17751 19.8379,
				-3.39761 -1.07133 20,
				3.06253 -49.9061 23.5206,
				62.6035 -500 55.9688,
			]
		}
		coordIndex [
			0, 1, 2, 3, -1
		]
	}
}
#---------- POLYLINE
Shape {
	appearance Appearance {
		material Material {
			diffuseColor 0.5 0.5 0.5
			emissiveColor 0.5 0.5 0.5
		}
	}
	geometry IndexedLineSet {
		coord Coordinate {
			point [
				-3.6951 1.17751 19.8379,
				-3.69509 1.17751 19.8379,
			]
		}
		coordIndex [
			0, 1, -1
		]
	}
}
#---------- POLYLINE
Shape {
	appearance Appearance {
		material Material {
			diffuseColor 0.5 0.5 0.5
			emissiveColor 0.5 0.5 0.5
		}
	}
	geometry IndexedLineSet {
		coord Coordinate {
			point [
				-4.11787 -0.0568879 -8.80475,
			]
		}
		coordIndex [
			0, -1
		]
	}
}
#---------- POLYLINE
Shape {
	appearance Appearance {
		material Material {
			diffuseColor 0 0 1
			emissiveColor 0 0 1
		}
	}
	geometry IndexedLineSet {
		coord Coordinate {
			point [
				-4.11787 -0.0568879 -8.80475,
				-4.11786 -0.0567874 -8.80543,
			]
		}
		coordIndex [
			0, 1, -1
		]
	}
}
#---------- POLYLINE
Shape {
	appearance Appearance {
		material Material {
			diffuseColor 0 1 0
			emissiveColor 0 1 0
		}
	}
	geometry IndexedLineSet {
		coord Coordinate {
			point [
				-4.11786 -0.0567874 -8.80543,
				-0.816082 -4.93295 -9.83771,
				5.76173 -14.6472 -11.8942,
				10.8896 -22.2202 -13.4974,
				25.1179 -43.233 -17.9459,
				334.407 -500 -114.644,
			]
		}
		coordIndex [
			0, 1, 2, 3, 4, 5, -1
		]
	}
}
#---------- POLYLINE
Shape {
	appearance Appearance {
		material Material {
			diffuseColor 0 1 0
			emissiveColor 0 1 0
		}
	}
	geometry IndexedLineSet {
		coord Coordinate {
			point [
				-4.11786 -0.0567874 -8.80543,
				-4.88335 1.07371 -8.5661,
				-12.5568 12.406 -6.16704,
				-39.1898 31.0509 20.6469,
				-500 353.647 484.587,
			]
		}
		coordIndex [
			0, 1, 2, 3, 4, -1
		]
	}
}
#---------- POLYLINE
Shape {
	appearance Appearance {
		material Material {
			diffuseColor 0.5 0.5 0.5
			emissiveColor 0.5 0.5 0.5
		}
	}
	geometry IndexedLineSet {
		coord Coordinate {
			point [
				-4.11787 -0.0568879 -8.80475,
				-1.55357 -4.75252 -11.7596,
				5.02515 -16.7992 -19.3402,
				5.59777 -17.8477 -20,
				9.93695 -25.7935 -25,
				268.903 -500 -323.404,
			]
		}
		coordIndex [
			0, 1, 2, 3, 4, 5, -1
		]
	}
}
#---------- POLYLINE
Shape {
	appearance Appearance {
		material Material {
			diffuseColor 0.5 0.5 0.5
			emissiveColor 0.5 0.5 0.5
		}
	}
	geometry IndexedLineSet {
		coord Coordinate {
			point [
				-4.11787 -0.0568879 -8.80475,
				-4.11788 -0.0568803 -8.80474,
			]
		}
		coordIndex [
			0, 1, -1
		]
	}
}
#---------- POLYLINE
Shape {
	appearance Appearance {
		material Material {
			diffuseColor 0.5 0.5 0.5
			emissiveColor 0.5 0.5 0.5
		}
	}
	geometry IndexedLineSet {
		coord Coordinate {
			point [
				-1.18982 2.85949 10.2093,
			]
		}
		coordIndex [
			0, -1
		]
	}
}
#---------- POLYLINE
Shape {
	appearance Appearance {
		material Material {
			diffuseColor 0 0 1
			emissiveColor 0 0 1
		}
	}
	geometry IndexedLineSet {
		coord Coordinate {
			point [
				-1.18982 2.85949 10.2093,
				-1.3097 2.79051 10.2119,
				-1.40844 2.72869 10.2191,
				-1.46583 2.69259 10.216,
				-1.48453 2.65716 10.1791,
				-1.52416 2.63363 10.1659,
				-1.54975 2.6167 10.1841,
				-1.55971 2.60783 10.2117,
				-1.57567 2.62228 10.2276,
				-1.59443 2.62316 10.2378,
				-1.60363 2.62657 10.244,
				-1.60439 2.62641 10.2438,
			]
		}
		coordIndex [
			0, 1, 2, 3, 4, 5, 6, 7, 8, 9, 
			10, 11, -1
		]
	}
}
#---------- POLYLINE
Shape {
	appearance Appearance {
		material Material {
			diffuseColor 0 1 0
			emissiveColor 0 1 0
		}
	}
	geometry IndexedLineSet {
		coord Coordinate {
			point [
				-1.60439 2.62641 10.2438,
				4.11669 2.83775 -5.11627,
				11.5227 3.11135 -25,
				188.444 9.64713 -500,
			]
		}
		coordIndex [
			0, 1, 2, 3, -1
		]
	}
}
#---------- POLYLINE
Shape {
	appearance Appearance {
		material Material {
			diffuseColor 0 1 0
			emissiveColor 0 1 0
		}
	}
	geometry IndexedLineSet {
		coord Coordinate {
			point [
				-1.60439 2.62641 10.2438,
				-4.31485 2.52628 17.5209,
				-7.10056 2.42337 25,
				-184.021 -4.11241 500,
			]
		}
		coordIndex [
			0, 1, 2, 3, -1
		]
	}
}
#---------- POLYLINE
Shape {
	appearance Appearance {
		material Material {
			diffuseColor 0.5 0.5 0.5
			emissiveColor 0.5 0.5 0.5
		}
	}
	geometry IndexedLineSet {
		coord Coordinate {
			point [
				-1.18982 2.85949 10.2093,
				-4.97128 -0.535142 9.49159,
				-39.0959 -31.169 3.01486,
				-500 -444.925 -84.4629,
			]
		}
		coordIndex [
			0, 1, 2, 3, -1
		]
	}
}
#---------- POLYLINE
Shape {
	appearance Appearance {
		material Material {
			diffuseColor 0.5 0.5 0.5
			emissiveColor 0.5 0.5 0.5
		}
	}
	geometry IndexedLineSet {
		coord Coordinate {
			point [
				-1.18982 2.85949 10.2093,
				-1.18981 2.8595 10.2093,
			]
		}
		coordIndex [
			0, 1, -1
		]
	}
}
#---------- POLYLINE
Shape {
	appearance Appearance {
		material Material {
			diffuseColor 0.5 0.5 0.5
			emissiveColor 0.5 0.5 0.5
		}
	}
	geometry IndexedLineSet {
		coord Coordinate {
			point [
				-4.2698 -2.41665 7.54789,
			]
		}
		coordIndex [
			0, -1
		]
	}
}
#---------- POLYLINE
Shape {
	appearance Appearance {
		material Material {
			diffuseColor 0 0 1
			emissiveColor 0 0 1
		}
	}
	geometry IndexedLineSet {
		coord Coordinate {
			point [
				-4.2698 -2.41665 7.54789,
				-4.25613 -2.41905 7.53702,
				-4.23499 -2.41662 7.51709,
				-4.22279 -2.40339 7.5046,
				-4.23178 -2.40987 7.49742,
				-4.23161 -2.41108 7.49666,
			]
		}
		coordIndex [
			0, 1, 2, 3, 4, 5, -1
		]
	}
}
#---------- POLYLINE
Shape {
	appearance Appearance {
		material Material {
			diffuseColor 0 1 0
			emissiveColor 0 1 0
		}
	}
	geometry IndexedLineSet {
		coord Coordinate {
			point [
				-4.23161 -2.41108 7.49666,
				-4.46346 2.25333 7.30258,
				-5.1508 16.0813 6.72724,
				-5.29556 18.9936 6.60606,
				-6.8136 49.5336 5.33537,
				-29.2047 500 -13.4074,
			]
		}
		coordIndex [
			0, 1, 2, 3, 4, 5, -1
		]
	}
}
#---------- POLYLINE
Shape {
	appearance Appearance {
		material Material {
			diffuseColor 0 1 0
			emissiveColor 0 1 0
		}
	}
	geometry IndexedLineSet {
		coord Coordinate {
			point [
				-4.23161 -2.41108 7.49666,
				-4.218 -2.68486 7.50805,
				-1.86787 -49.9651 9.47526,
				20.5018 -500 28.2001,
			]
		}
		coordIndex [
			0, 1, 2, 3, -1
		]
	}
}
#---------- POLYLINE
Shape {
	appearance Appearance {
		material Material {
			diffuseColor 0.5 0.5 0.5
			emissiveColor 0.5 0.5 0.5
		}
	}
	geometry IndexedLineSet {
		coord Coordinate {
			point [
				-4.2698 -2.41665 7.54789,
				-4.9109 0.939706 10.0268,
				-7.23959 13.1311 19.0308,
				-7.49024 14.4433 20,
				-8.78337 21.2132 25,
				-100.237 500 378.614,
			]
		}
		coordIndex [
			0, 1, 2, 3, 4, 5, -1
		]
	}
}
#---------- POLYLINE
Shape {
	appearance Appearance {
		material Material {
			diffuseColor 0.5 0.5 0.5
			emissiveColor 0.5 0.5 0.5
		}
	}
	geometry IndexedLineSet {
		coord Coordinate {
			point [
				-4.2698 -2.41665 7.54789,
				-4.2698 -2.41666 7.54788,
			]
		}
		coordIndex [
			0, 1, -1
		]
	}
}
#---------- POLYLINE
Shape {
	appearance Appearance {
		material Material {
			diffuseColor 0.5 0.5 0.5
			emissiveColor 0.5 0.5 0.5
		}
	}
	geometry IndexedLineSet {
		coord Coordinate {
			point [
				-1.28522 -4.42017 3.77963,
			]
		}
		coordIndex [
			0, -1
		]
	}
}
#---------- POLYLINE
Shape {
	appearance Appearance {
		material Material {
			diffuseColor 0 0 1
			emissiveColor 0 0 1
		}
	}
	geometry IndexedLineSet {
		coord Coordinate {
			point [
				-1.28522 -4.42017 3.77963,
				-1.28704 -4.48137 3.78425,
				-1.29853 -4.53065 3.76624,
				-1.26889 -4.55452 3.74198,
				-1.24544 -4.58375 3.74074,
				-1.2272 -4.60237 3.76081,
				-1.22509 -4.62953 3.76217,
				-1.21712 -4.61202 3.752,
				-1.21477 -4.61085 3.74982,
			]
		}
		coordIndex [
			0, 1, 2, 3, 4, 5, 6, 7, 8, -1
		]
	}
}
#---------- POLYLINE
Shape {
	appearance Appearance {
		material Material {
			diffuseColor 0 1 0
			emissiveColor 0 1 0
		}
	}
	geometry IndexedLineSet {
		coord Coordinate {
			point [
				-1.21477 -4.61085 3.74982,
				-1.60948 -4.73388 3.86801,
				-46.3767 -18.687 17.2723,
				-500 -160.073 153.097,
			]
		}
		coordIndex [
			0, 1, 2, 3, -1
		]
	}
}
#---------- POLYLINE
Shape {
	appearance Appearance {
		material Material {
			diffuseColor 0 1 0
			emissiveColor 0 1 0
		}
	}
	geometry IndexedLineSet {
		coord Coordinate {
			point [
				-1.21477 -4.61085 3.74982,
				-0.204063 -4.29583 3.44719,
				1.52531 -4.76166 2.83102,
				47.0158 -17.0151 -13.3774,
				500 -139.033 -174.777,
			]
		}
		coordIndex [
			0, 1, 2, 3, 4, -1
		]
	}
}
#---------- POLYLINE
Shape {
	appearance Appearance {
		material Material {
			diffuseColor 0.5 0.5 0.5
			emissiveColor 0.5 0.5 0.5
		}
	}
	geometry IndexedLineSet {
		coord Coordinate {
			point [
				-1.28522 -4.42017 3.77963,
				-1.59609 -4.73841 4.0061,
				-9.06825 -12.3876 9.4494,
				-14.8893 -18.3465 13.6899,
				-30.415 -34.24 25,
				-485.396 -500 356.444,
			]
		}
		coordIndex [
			0, 1, 2, 3, 4, 5, -1
		]
	}
}
#---------- POLYLINE
Shape {
	appearance Appearance {
		material Material {
			diffuseColor 0.5 0.5 0.5
			emissiveColor 0.5 0.5 0.5
		}
	}
	geometry IndexedLineSet {
		coord Coordinate {
			point [
				-1.28522 -4.42017 3.77963,
				-1.28522 -4.42016 3.77963,
			]
		}
		coordIndex [
			0, 1, -1
		]
	}
}
#---------- POLYLINE
Shape {
	appearance Appearance {
		material Material {
			diffuseColor 0.5 0.5 0.5
			emissiveColor 0.5 0.5 0.5
		}
	}
	geometry IndexedLineSet {
		coord Coordinate {
			point [
				1.24345 -0.191753 -13.315,
			]
		}
		coordIndex [
			0, -1
		]
	}
}
#---------- POLYLINE
Shape {
	appearance Appearance {
		material Material {
			diffuseColor 0 0 1
			emissiveColor 0 0 1
		}
	}
	geometry IndexedLineSet {
		coord Coordinate {
			point [
				1.24345 -0.191753 -13.315,
				1.19276 -0.175011 -13.2876,
				1.14378 -0.157166 -13.2852,
				1.11559 -0.151702 -13.2563,
				1.10873 -0.158401 -13.2232,
				1.08971 -0.169 -13.204,
				1.08145 -0.188113 -13.2008,
				1.08252 -0.195404 -13.1986,
				1.08231 -0.19516 -13.1982,
			]
		}
		coordIndex [
			0, 1, 2, 3, 4, 5, 6, 7, 8, -1
		]
	}
}
#---------- POLYLINE
Shape {
	appearance Appearance {
		material Material {
			diffuseColor 0 1 0
			emissiveColor 0 1 0
		}
	}
	geometry IndexedLineSet {
		coord Coordinate {
			point [
				1.08231 -0.19516 -13.1982,
				-4.91344 0.926343 -15.0487,
				-16.0001 3.0001 -18.4704,
				-20.9562 3.92714 -20,
				-37.1567 6.95744 -25,
				-500 93.5322 -167.849,
			]
		}
		coordIndex [
			0, 1, 2, 3, 4, 5, -1
		]
	}
}
#---------- POLYLINE
Shape {
	appearance Appearance {
		material Material {
			diffuseColor 0 1 0
			emissiveColor 0 1 0
		}
	}
	geometry IndexedLineSet {
		coord Coordinate {
			point [
				1.08231 -0.19516 -13.1982,
				4.91607 -0.912265 -12.0149,
				15.9874 -2.98316 -8.59795,
				22.663 -4.23183 -6.53764,
				34.3993 -6.42709 -2.91545,
				35.4295 -6.39492 2.44036,
				33.9934 -7.91358 2.96965,
				11.5666 -4.64306 16.4266,
				-21.8576 -10.3229 -10.5167,
				43.5311 -3.58774 25,
				500 43.4292 272.937,
			]
		}
		coordIndex [
			0, 1, 2, 3, 4, 5, 6, 7, 8, 9, 
			10, -1
		]
	}
}
#---------- POLYLINE
Shape {
	appearance Appearance {
		material Material {
			diffuseColor 0.5 0.5 0.5
			emissiveColor 0.5 0.5 0.5
		}
	}
	geometry IndexedLineSet {
		coord Coordinate {
			point [
				1.24345 -0.191753 -13.315,
				2.99866 -4.001 -6.3424,
				7.21355 -13.1484 10.4013,
				9.62984 -18.3924 20,
				10.8885 -21.124 25,
				130.46 -280.626 500,
			]
		}
		coordIndex [
			0, 1, 2, 3, 4, 5, -1
		]
	}
}
#---------- POLYLINE
Shape {
	appearance Appearance {
		material Material {
			diffuseColor 0.5 0.5 0.5
			emissiveColor 0.5 0.5 0.5
		}
	}
	geometry IndexedLineSet {
		coord Coordinate {
			point [
				1.24345 -0.191753 -13.315,
				1.24346 -0.191751 -13.315,
			]
		}
		coordIndex [
			0, 1, -1
		]
	}
}
#---------- POLYLINE
Shape {
	appearance Appearance {
		material Material {
			diffuseColor 0.5 0.5 0.5
			emissiveColor 0.5 0.5 0.5
		}
	}
	geometry IndexedLineSet {
		coord Coordinate {
			point [
				0.108676 -0.427916 8.79517,
			]
		}
		coordIndex [
			0, -1
		]
	}
}
#---------- POLYLINE
Shape {
	appearance Appearance {
		material Material {
			diffuseColor 0 0 1
			emissiveColor 0 0 1
		}
	}
	geometry IndexedLineSet {
		coord Coordinate {
			point [
				0.108676 -0.427916 8.79517,
				0.0830431 -0.405475 8.78428,
				0.0580381 -0.406408 8.76889,
				0.0603562 -0.397092 8.74787,
				0.0622451 -0.393493 8.73587,
				0.0628583 -0.393451 8.7352,
			]
		}
		coordIndex [
			0, 1, 2, 3, 4, 5, -1
		]
	}
}
#---------- POLYLINE
Shape {
	appearance Appearance {
		material Material {
			diffuseColor 0 1 0
			emissiveColor 0 1 0
		}
	}
	geometry IndexedLineSet {
		coord Coordinate {
			point [
				0.0628583 -0.393451 8.7352,
				3.41788 3.6494 11.1486,
				10.6298 12.3398 16.3364,
				14.9913 17.5955 19.4738,
				22.6737 26.8529 25,
				415.323 500 307.447,
			]
		}
		coordIndex [
			0, 1, 2, 3, 4, 5, -1
		]
	}
}
#---------- POLYLINE
Shape {
	appearance Appearance {
		material Material {
			diffuseColor 0 1 0
			emissiveColor 0 1 0
		}
	}
	geometry IndexedLineSet {
		coord Coordinate {
			point [
				0.0628583 -0.393451 8.7352,
				-2.95673 -4.03209 6.5631,
				-9.82066 -12.3032 1.62562,
				-14.8781 -18.3975 -2.01237,
				-22.8509 -28.0049 -7.74754,
				-33.4366 -37.1751 -13.3933,
				-500 -441.354 -262.23,
			]
		}
		coordIndex [
			0, 1, 2, 3, 4, 5, 6, -1
		]
	}
}
#---------- POLYLINE
Shape {
	appearance Appearance {
		material Material {
			diffuseColor 0.5 0.5 0.5
			emissiveColor 0.5 0.5 0.5
		}
	}
	geometry IndexedLineSet {
		coord Coordinate {
			point [
				0.108676 -0.427916 8.79517,
				-4.73658 1.6015 2.77544,
				-27.0929 10.9654 -25,
				-409.419 171.101 -500,
			]
		}
		coordIndex [
			0, 1, 2, 3, -1
		]
	}
}
#---------- POLYLINE
Shape {
	appearance Appearance {
		material Material {
			diffuseColor 0.5 0.5 0.5
			emissiveColor 0.5 0.5 0.5
		}
	}
	geometry IndexedLineSet {
		coord Coordinate {
			point [
				0.108676 -0.427916 8.79517,
				0.108685 -0.427922 8.79517,
			]
		}
		coordIndex [
			0, 1, -1
		]
	}
}
#---------- POLYLINE
Shape {
	appearance Appearance {
		material Material {
			diffuseColor 0.5 0.5 0.5
			emissiveColor 0.5 0.5 0.5
		}
	}
	geometry IndexedLineSet {
		coord Coordinate {
			point [
				-2.84586 -2.03724 -11.0001,
			]
		}
		coordIndex [
			0, -1
		]
	}
}
#---------- POLYLINE
Shape {
	appearance Appearance {
		material Material {
			diffuseColor 0 0 1
			emissiveColor 0 0 1
		}
	}
	geometry IndexedLineSet {
		coord Coordinate {
			point [
				-2.84586 -2.03724 -11.0001,
				-2.5858 -2.042 -10.9674,
				-2.38501 -2.09742 -11.0392,
				-2.26547 -2.17069 -11.1601,
				-2.13122 -2.21135 -11.236,
				-2.01767 -2.16133 -11.2815,
				-1.97288 -2.1216 -11.3437,
				-1.99589 -2.07899 -11.3984,
				-2.0214 -2.0746 -11.4469,
				-2.06111 -2.08696 -11.4618,
				-2.09256 -2.1021 -11.4617,
				-2.10303 -2.12089 -11.4805,
				-2.11098 -2.13561 -11.4949,
				-2.10097 -2.14708 -11.4943,
				-2.09931 -2.14731 -11.4949,
				-2.09941 -2.1474 -11.495,
			]
		}
		coordIndex [
			0, 1, 2, 3, 4, 5, 6, 7, 8, 9, 
			10, 11, 12, 13, 14, 15, -1
		]
	}
}
#---------- POLYLINE
Shape {
	appearance Appearance {
		material Material {
			diffuseColor 0 1 0
			emissiveColor 0 1 0
		}
	}
	geometry IndexedLineSet {
		coord Coordinate {
			point [
				-2.09941 -2.1474 -11.495,
				-0.0239664 -4.99994 -14.3277,
				7.79523 -15.7468 -25,
				355.811 -494.067 -500,
			]
		}
		coordIndex [
			0, 1, 2, 3, -1
		]
	}
}
#---------- POLYLINE
Shape {
	appearance Appearance {
		material Material {
			diffuseColor 0 1 0
			emissiveColor 0 1 0
		}
	}
	geometry IndexedLineSet {
		coord Coordinate {
			point [
				-2.09941 -2.1474 -11.495,
				-4.76469 1.51582 -7.85721,
				-28.838 34.6027 25,
				-367.451 500 487.166,
			]
		}
		coordIndex [
			0, 1, 2, 3, -1
		]
	}
}
#---------- POLYLINE
Shape {
	appearance Appearance {
		material Material {
			diffuseColor 0.5 0.5 0.5
			emissiveColor 0.5 0.5 0.5
		}
	}
	geometry IndexedLineSet {
		coord Coordinate {
			point [
				-2.84586 -2.03724 -11.0001,
				-4.84122 -1.25005 -10.0233,
				-16.1763 3.22175 -4.4742,
				-20.5941 4.96458 -2.3115,
				-47.5097 15.583 10.865,
				-500 194.094 232.381,
			]
		}
		coordIndex [
			0, 1, 2, 3, 4, 5, -1
		]
	}
}
#---------- POLYLINE
Shape {
	appearance Appearance {
		material Material {
			diffuseColor 0.5 0.5 0.5
			emissiveColor 0.5 0.5 0.5
		}
	}
	geometry IndexedLineSet {
		coord Coordinate {
			point [
				-2.84586 -2.03724 -11.0001,
				-2.84587 -2.03724 -11.0001,
			]
		}
		coordIndex [
			0, 1, -1
		]
	}
}
#---------- POLYLINE
Shape {
	appearance Appearance {
		material Material {
			diffuseColor 0.5 0.5 0.5
			emissiveColor 0.5 0.5 0.5
		}
	}
	geometry IndexedLineSet {
		coord Coordinate {
			point [
				-2.40921 -3.00017 14.9863,
			]
		}
		coordIndex [
			0, -1
		]
	}
}
#---------- POLYLINE
Shape {
	appearance Appearance {
		material Material {
			diffuseColor 0 0 1
			emissiveColor 0 0 1
		}
	}
	geometry IndexedLineSet {
		coord Coordinate {
			point [
				-2.40921 -3.00017 14.9863,
				-2.46597 -3.1661 14.9725,
				-2.52857 -3.2825 14.9075,
				-2.52814 -3.38246 14.8713,
				-2.56669 -3.46067 14.9062,
				-2.60276 -3.51328 14.9562,
				-2.65266 -3.49361 14.9917,
				-2.65458 -3.53373 15.0217,
				-2.6828 -3.54492 15.0505,
				-2.70818 -3.56487 15.058,
				-2.72624 -3.5539 15.0761,
				-2.7296 -3.54177 15.0957,
				-2.73269 -3.54067 15.1101,
				-2.73246 -3.54066 15.1104,
			]
		}
		coordIndex [
			0, 1, 2, 3, 4, 5, 6, 7, 8, 9, 
			10, 11, 12, 13, -1
		]
	}
}
#---------- POLYLINE
Shape {
	appearance Appearance {
		material Material {
			diffuseColor 0 1 0
			emissiveColor 0 1 0
		}
	}
	geometry IndexedLineSet {
		coord Coordinate {
			point [
				-2.73246 -3.54066 15.1104,
				-4.9494 -0.709516 15.9524,
				-28.7723 29.7135 25,
				-397.032 500 164.86,
			]
		}
		coordIndex [
			0, 1, 2, 3, -1
		]
	}
}
#---------- POLYLINE
Shape {
	appearance Appearance {
		material Material {
			diffuseColor 0 1 0
			emissiveColor 0 1 0
		}
	}
	geometry IndexedLineSet {
		coord Coordinate {
			point [
				-2.73246 -3.54066 15.1104,
				-1.87564 -4.63486 14.785,
				5.85372 -14.5057 11.8495,
				11.7186 -21.9954 9.6221,
				27.2977 -41.8907 3.70534,
				386.022 -500 -132.533,
			]
		}
		coordIndex [
			0, 1, 2, 3, 4, 5, -1
		]
	}
}
#---------- POLYLINE
Shape {
	appearance Appearance {
		material Material {
			diffuseColor 0.5 0.5 0.5
			emissiveColor 0.5 0.5 0.5
		}
	}
	geometry IndexedLineSet {
		coord Coordinate {
			point [
				-2.40921 -3.00017 14.9863,
				4.84243 -1.24534 13.6755,
				15.1591 1.25119 11.8106,
				23.7333 3.32607 10.2608,
				49.0962 9.46367 5.67619,
				500 118.578 -75.8289,
			]
		}
		coordIndex [
			0, 1, 2, 3, 4, 5, -1
		]
	}
}
#---------- POLYLINE
Shape {
	appearance Appearance {
		material Material {
			diffuseColor 0.5 0.5 0.5
			emissiveColor 0.5 0.5 0.5
		}
	}
	geometry IndexedLineSet {
		coord Coordinate {
			point [
				-2.40921 -3.00017 14.9863,
				-2.40921 -3.00016 14.9863,
			]
		}
		coordIndex [
			0, 1, -1
		]
	}
}
#---------- POLYLINE
Shape {
	appearance Appearance {
		material Material {
			diffuseColor 0.5 0.5 0.5
			emissiveColor 0.5 0.5 0.5
		}
	}
	geometry IndexedLineSet {
		coord Coordinate {
			point [
				3.25356 3.55103 -9.16821,
			]
		}
		coordIndex [
			0, -1
		]
	}
}
#---------- POLYLINE
Shape {
	appearance Appearance {
		material Material {
			diffuseColor 0 0 1
			emissiveColor 0 0 1
		}
	}
	geometry IndexedLineSet {
		coord Coordinate {
			point [
				3.25356 3.55103 -9.16821,
				3.20283 3.47643 -9.1,
				3.14505 3.39968 -9.05339,
				3.07456 3.34271 -9.00731,
				2.9905 3.31026 -8.99509,
				2.9182 3.2908 -8.96239,
				2.85334 3.25908 -8.93697,
				2.78818 3.23425 -8.92667,
				2.73589 3.20049 -8.90834,
				2.60293 3.09934 -8.88028,
				2.52019 3.00174 -8.84248,
				2.48045 2.91681 -8.78556,
				2.51157 2.85052 -8.72476,
				2.50373 2.82466 -8.6535,
				2.50184 2.87143 -8.60792,
				2.49529 2.91422 -8.5777,
				2.45877 2.9355 -8.57521,
				2.4239 2.93378 -8.5713,
				2.40071 2.95007 -8.56172,
				2.38847 2.96155 -8.54647,
				2.38078 2.96826 -8.53733,
				2.38109 2.96838 -8.53713,
			]
		}
		coordIndex [
			0, 1, 2, 3, 4, 5, 6, 7, 8, 9, 
			10, 11, 12, 13, 14, 15, 16, 17, 18, 19, 
			20, 21, -1
		]
	}
}
#---------- POLYLINE
Shape {
	appearance Appearance {
		material Material {
			diffuseColor 0 1 0
			emissiveColor 0 1 0
		}
	}
	geometry IndexedLineSet {
		coord Coordinate {
			point [
				2.38109 2.96838 -8.53713,
				3.69591 3.36753 -9.48463,
				25.2261 9.90353 -25,
				500 154.032 -367.138,
			]
		}
		coordIndex [
			0, 1, 2, 3, -1
		]
	}
}
#---------- POLYLINE
Shape {
	appearance Appearance {
		material Material {
			diffuseColor 0 1 0
			emissiveColor 0 1 0
		}
	}
	geometry IndexedLineSet {
		coord Coordinate {
			point [
				2.38109 2.96838 -8.53713,
				-4.94425 0.7446 -3.25825,
				-15.6779 -2.51386 4.47678,
				-22.1952 -4.49234 9.17336,
				-40.4031 -10.0198 22.2946,
				-39.4942 -6.80192 25,
				103.647 500 451.095,
			]
		}
		coordIndex [
			0, 1, 2, 3, 4, 5, 6, -1
		]
	}
}
#---------- POLYLINE
Shape {
	appearance Appearance {
		material Material {
			diffuseColor 0.5 0.5 0.5
			emissiveColor 0.5 0.5 0.5
		}
	}
	geometry IndexedLineSet {
		coord Coordinate {
			point [
				3.25356 3.55103 -9.16821,
				3.51892 3.55207 -7.7378,
				9.59217 3.57594 25,
				97.7103 3.92229 500,
			]
		}
		coordIndex [
			0, 1, 2, 3, -1
		]
	}
}
#---------- POLYLINE
Shape {
	appearance Appearance {
		material Material {
			diffuseColor 0.5 0.5 0.5
			emissiveColor 0.5 0.5 0.5
		}
	}
	geometry IndexedLineSet {
		coord Coordinate {
			point [
				3.25356 3.55103 -9.16821,
				3.25357 3.55104 -9.16822,
			]
		}
		coordIndex [
			0, 1, -1
		]
	}
}
#---------- POLYLINE
Shape {
	appearance Appearance {
		material Material {
			diffuseColor 0.5 0.5 0.5
			emissiveColor 0.5 0.5 0.5
		}
	}
	geometry IndexedLineSet {
		coord Coordinate {
			point [
				-3.77691 2.18318 -16.5746,
			]
		}
		coordIndex [
			0, -1
		]
	}
}
#---------- POLYLINE
Shape {
	appearance Appearance {
		material Material {
			diffuseColor 0 0 1
			emissiveColor 0 0 1
		}
	}
	geometry IndexedLineSet {
		coord Coordinate {
			point [
				-3.77691 2.18318 -16.5746,
				-3.74607 2.16126 -16.5305,
				-3.71483 2.14005 -16.4994,
				-3.70218 2.10367 -16.4855,
				-3.69712 2.07134 -16.4814,
				-3.68123 2.05302 -16.471,
				-3.66983 2.03923 -16.4651,
				-3.67023 2.04006 -16.4622,
				-3.67033 2.03982 -16.4621,
			]
		}
		coordIndex [
			0, 1, 2, 3, 4, 5, 6, 7, 8, -1
		]
	}
}
#---------- POLYLINE
Shape {
	appearance Appearance {
		material Material {
			diffuseColor 0 1 0
			emissiveColor 0 1 0
		}
	}
	geometry IndexedLineSet {
		coord Coordinate {
			point [
				-3.67033 2.03982 -16.4621,
				-3.3991 3.66689 -15.3399,
				-2.96755 6.2557 -13.5544,
				-36.1052 -34.5892 -3.46794,
				-413.696 -500 111.463,
			]
		}
		coordIndex [
			0, 1, 2, 3, 4, -1
		]
	}
}
#---------- POLYLINE
Shape {
	appearance Appearance {
		material Material {
			diffuseColor 0 1 0
			emissiveColor 0 1 0
		}
	}
	geometry IndexedLineSet {
		coord Coordinate {
			point [
				-3.67033 2.03982 -16.4621,
				-4.40478 -2.36599 -19.5008,
				-5.73391 -10.3392 -25,
				-87.3599 -500 -362.721,
			]
		}
		coordIndex [
			0, 1, 2, 3, -1
		]
	}
}
#---------- POLYLINE
Shape {
	appearance Appearance {
		material Material {
			diffuseColor 0.5 0.5 0.5
			emissiveColor 0.5 0.5 0.5
		}
	}
	geometry IndexedLineSet {
		coord Coordinate {
			point [
				-3.77691 2.18318 -16.5746,
				-4.01488 2.98005 -16.9573,
				-9.01692 19.7296 -25,
				-152.444 500 -255.615,
			]
		}
		coordIndex [
			0, 1, 2, 3, -1
		]
	}
}
#---------- POLYLINE
Shape {
	appearance Appearance {
		material Material {
			diffuseColor 0.5 0.5 0.5
			emissiveColor 0.5 0.5 0.5
		}
	}
	geometry IndexedLineSet {
		coord Coordinate {
			point [
				-3.77691 2.18318 -16.5746,
				-3.77691 2.18317 -16.5746,
			]
		}
		coordIndex [
			0, 1, -1
		]
	}
}
#---------- POLYLINE
Shape {
	appearance Appearance {
		material Material {
			diffuseColor 0.5 0.5 0.5
			emissiveColor 0.5 0.5 0.5
		}
	}
	geometry IndexedLineSet {
		coord Coordinate {
			point [
				2.28066 1.00965 12.6165,
			]
		}
		coordIndex [
			0, -1
		]
	}
}
#---------- POLYLINE
Shape {
	appearance Appearance {
		material Material {
			diffuseColor 0 0 1
			emissiveColor 0 0 1
		}
	}
	geometry IndexedLineSet {
		coord Coordinate {
			point [
				2.28066 1.00965 12.6165,
				2.29617 0.971468 12.7582,
				2.28107 0.984101 12.8804,
				2.29752 0.985553 12.9616,
				2.3236 0.990304 12.9931,
				2.32261 1.00824 12.9794,
				2.3273 1.02105 12.9775,
				2.32684 1.02183 12.9774,
			]
		}
		coordIndex [
			0, 1, 2, 3, 4, 5, 6, 7, -1
		]
	}
}
#---------- POLYLINE
Shape {
	appearance Appearance {
		material Material {
			diffuseColor 0 1 0
			emissiveColor 0 1 0
		}
	}
	geometry IndexedLineSet {
		coord Coordinate {
			point [
				2.32684 1.02183 12.9774,
				-4.99993 -0.0256645 14.7897,
				-15.2265 -1.48773 17.3193,
				-24.1654 -2.76572 19.5304,
				-46.278 -5.92711 25,
				-500 -70.7949 137.23,
			]
		}
		coordIndex [
			0, 1, 2, 3, 4, 5, -1
		]
	}
}
#---------- POLYLINE
Shape {
	appearance Appearance {
		material Material {
			diffuseColor 0 1 0
			emissiveColor 0 1 0
		}
	}
	geometry IndexedLineSet {
		coord Coordinate {
			point [
				2.32684 1.02183 12.9774,
				4.80682 1.37639 12.364,
				15.9805 2.97388 9.60009,
				23.0251 3.98103 7.85758,
				49.3955 7.75116 1.33475,
				500 72.1733 -110.124,
			]
		}
		coordIndex [
			0, 1, 2, 3, 4, 5, -1
		]
	}
}
#---------- POLYLINE
Shape {
	appearance Appearance {
		material Material {
			diffuseColor 0.5 0.5 0.5
			emissiveColor 0.5 0.5 0.5
		}
	}
	geometry IndexedLineSet {
		coord Coordinate {
			point [
				2.28066 1.00965 12.6165,
				4.61091 -1.93377 8.51572,
				23.6563 -25.9907 -25,
				293.576 -366.936 -500,
			]
		}
		coordIndex [
			0, 1, 2, 3, -1
		]
	}
}
#---------- POLYLINE
Shape {
	appearance Appearance {
		material Material {
			diffuseColor 0.5 0.5 0.5
			emissiveColor 0.5 0.5 0.5
		}
	}
	geometry IndexedLineSet {
		coord Coordinate {
			point [
				2.28066 1.00965 12.6165,
				2.28066 1.00966 12.6165,
			]
		}
		coordIndex [
			0, 1, -1
		]
	}
}
#---------- POLYLINE
Shape {
	appearance Appearance {
		material Material {
			diffuseColor 0.5 0.5 0.5
			emissiveColor 0.5 0.5 0.5
		}
	}
	geometry IndexedLineSet {
		coord Coordinate {
			point [
				-0.255071 -2.33612 -4.00884,
			]
		}
		coordIndex [
			0, -1
		]
	}
}
#---------- POLYLINE
Shape {
	appearance Appearance {
		material Material {
			diffuseColor 0 0 1
			emissiveColor 0 0 1
		}
	}
	geometry IndexedLineSet {
		coord Coordinate {
			point [
				-0.255071 -2.33612 -4.00884,
				-0.256309 -2.29851 -3.90738,
				-0.27011 -2.307 -3.81902,
				-0.271899 -2.33899 -3.75226,
				-0.230174 -2.32549 -3.70749,
				-0.178555 -2.32367 -3.69378,
				-0.1344 -2.32425 -3.6967,
				-0.101315 -2.33906 -3.69719,
				-0.0840473 -2.35166 -3.69095,
				-0.0840743 -2.35414 -3.68896,
				-0.0840484 -2.35413 -3.68884,
			]
		}
		coordIndex [
			0, 1, 2, 3, 4, 5, 6, 7, 8, 9, 
			10, -1
		]
	}
}
#---------- POLYLINE
Shape {
	appearance Appearance {
		material Material {
			diffuseColor 0 1 0
			emissiveColor 0 1 0
		}
	}
	geometry IndexedLineSet {
		coord Coordinate {
			point [
				-0.0840484 -2.35413 -3.68884,
				-2.13128 -4.52301 -0.946125,
				-9.49609 -12.3255 8.92066,
				-14.9372 -18.0899 16.2102,
				-21.4981 -25.0407 25,
				-376.05 -400.661 500,
			]
		}
		coordIndex [
			0, 1, 2, 3, 4, 5, -1
		]
	}
}
#---------- POLYLINE
Shape {
	appearance Appearance {
		material Material {
			diffuseColor 0 1 0
			emissiveColor 0 1 0
		}
	}
	geometry IndexedLineSet {
		coord Coordinate {
			point [
				-0.0840484 -2.35413 -3.68884,
				4.3926 2.38853 -9.68629,
				15.8231 14.4983 -25,
				370.375 390.118 -500,
			]
		}
		coordIndex [
			0, 1, 2, 3, -1
		]
	}
}
#---------- POLYLINE
Shape {
	appearance Appearance {
		material Material {
			diffuseColor 0.5 0.5 0.5
			emissiveColor 0.5 0.5 0.5
		}
	}
	geometry IndexedLineSet {
		coord Coordinate {
			point [
				-0.255071 -2.33612 -4.00884,
				0.683067 -4.95312 -6.62428,
				5.00797 -17.0178 -18.6817,
				5.48084 -18.3368 -20,
				7.2743 -23.3398 -25,
				177.653 -498.624 -500,
			]
		}
		coordIndex [
			0, 1, 2, 3, 4, 5, -1
		]
	}
}
#---------- POLYLINE
Shape {
	appearance Appearance {
		material Material {
			diffuseColor 0.5 0.5 0.5
			emissiveColor 0.5 0.5 0.5
		}
	}
	geometry IndexedLineSet {
		coord Coordinate {
			point [
				-0.255071 -2.33612 -4.00884,
				-0.255073 -2.33612 -4.00885,
			]
		}
		coordIndex [
			0, 1, -1
		]
	}
}
#---------- POLYLINE
Shape {
	appearance Appearance {
		material Material {
			diffuseColor 0.5 0.5 0.5
			emissiveColor 0.5 0.5 0.5
		}
	}
	geometry IndexedLineSet {
		coord Coordinate {
			point [
				1.52811 1.38243 -11.1356,
			]
		}
		coordIndex [
			0, -1
		]
	}
}
#---------- POLYLINE
Shape {
	appearance Appearance {
		material Material {
			diffuseColor 0 0 1
			emissiveColor 0 0 1
		}
	}
	geometry IndexedLineSet {
		coord Coordinate {
			point [
				1.52811 1.38243 -11.1356,
				1.64488 1.4391 -11.3408,
				1.69125 1.43501 -11.4328,
				1.67028 1.4233 -11.5157,
				1.67244 1.42416 -11.5889,
				1.73171 1.42283 -11.6011,
				1.77533 1.43464 -11.5764,
				1.80728 1.4302 -11.5664,
				1.83237 1.43315 -11.5534,
				1.84965 1.44757 -11.5483,
				1.85394 1.45486 -11.549,
				1.8541 1.45428 -11.5494,
			]
		}
		coordIndex [
			0, 1, 2, 3, 4, 5, 6, 7, 8, 9, 
			10, 11, -1
		]
	}
}
#---------- POLYLINE
Shape {
	appearance Appearance {
		material Material {
			diffuseColor 0 1 0
			emissiveColor 0 1 0
		}
	}
	geometry IndexedLineSet {
		coord Coordinate {
			point [
				1.8541 1.45428 -11.5494,
				4.98396 -0.400155 -12.5636,
				43.3635 -23.1399 -25,
				500 -293.695 -172.967,
			]
		}
		coordIndex [
			0, 1, 2, 3, -1
		]
	}
}
#---------- POLYLINE
Shape {
	appearance Appearance {
		material Material {
			diffuseColor 0 1 0
			emissiveColor 0 1 0
		}
	}
	geometry IndexedLineSet {
		coord Coordinate {
			point [
				1.8541 1.45428 -11.5494,
				-2.74491 4.17917 -10.0591,
				-41.8553 27.352 2.61413,
				-500 298.801 151.07,
			]
		}
		coordIndex [
			0, 1, 2, 3, -1
		]
	}
}
#---------- POLYLINE
Shape {
	appearance Appearance {
		material Material {
			diffuseColor 0.5 0.5 0.5
			emissiveColor 0.5 0.5 0.5
		}
	}
	geometry IndexedLineSet {
		coord Coordinate {
			point [
				1.52811 1.38243 -11.1356,
				4.87004 1.13256 -17.5529,
				8.7483 0.842591 -25,
				256.115 -17.6527 -500,
			]
		}
		coordIndex [
			0, 1, 2, 3, -1
		]
	}
}
#---------- POLYLINE
Shape {
	appearance Appearance {
		material Material {
			diffuseColor 0.5 0.5 0.5
			emissiveColor 0.5 0.5 0.5
		}
	}
	geometry IndexedLineSet {
		coord Coordinate {
			point [
				1.52811 1.38243 -11.1356,
				1.5281 1.38243 -11.1356,
			]
		}
		coordIndex [
			0, 1, -1
		]
	}
}
#---------- POLYLINE
Shape {
	appearance Appearance {
		material Material {
			diffuseColor 0.5 0.5 0.5
			emissiveColor 0.5 0.5 0.5
		}
	}
	geometry IndexedLineSet {
		coord Coordinate {
			point [
				-4.47845 -1.3576 -9.29976,
			]
		}
		coordIndex [
			0, -1
		]
	}
}
#---------- POLYLINE
Shape {
	appearance Appearance {
		material Material {
			diffuseColor 0 0 1
			emissiveColor 0 0 1
		}
	}
	geometry IndexedLineSet {
		coord Coordinate {
			point [
				-4.47845 -1.3576 -9.29976,
				-4.53626 -1.28372 -9.3775,
				-4.59998 -1.24376 -9.45454,
				-4.6657 -1.21612 -9.50706,
				-4.71702 -1.17014 -9.55484,
				-4.75524 -1.14518 -9.61939,
				-4.78769 -1.14796 -9.68571,
				-4.80189 -1.15989 -9.75302,
				-4.80167 -1.17734 -9.80981,
				-4.7957 -1.20202 -9.85928,
				-4.78987 -1.22392 -9.91031,
				-4.78065 -1.24204 -9.95082,
				-4.76369 -1.25768 -9.98629,
				-4.74751 -1.26839 -10.0178,
			]
		}
		coordIndex [
			0, 1, 2, 3, 4, 5, 6, 7, 8, 9, 
			10, 11, 12, 13, -1
		]
	}
}
#---------- POLYLINE
Shape {
	appearance Appearance {
		material Material {
			diffuseColor 0 1 0
			emissiveColor 0 1 0
		}
	}
	geometry IndexedLineSet {
		coord Coordinate {
			point [
				-4.74751 -1.26839 -10.0178,
				0.212734 -4.99547 -18.7679,
				3.74557 -7.65001 -25,
				273.013 -209.975 -500,
			]
		}
		coordIndex [
			0, 1, 2, 3, -1
		]
	}
}
#---------- POLYLINE
Shape {
	appearance Appearance {
		material Material {
			diffuseColor 0 1 0
			emissiveColor 0 1 0
		}
	}
	geometry IndexedLineSet {
		coord Coordinate {
			point [
				-4.74751 -1.26839 -10.0178,
				-4.85754 -1.18504 -9.90711,
				-19.1429 9.63677 4.46173,
				-33.4912 37.126 6.67559,
				-275.092 500 43.9533,
			]
		}
		coordIndex [
			0, 1, 2, 3, 4, -1
		]
	}
}
#---------- POLYLINE
Shape {
	appearance Appearance {
		material Material {
			diffuseColor 0.5 0.5 0.5
			emissiveColor 0.5 0.5 0.5
		}
	}
	geometry IndexedLineSet {
		coord Coordinate {
			point [
				-4.47845 -1.3576 -9.29976,
				-4.96706 0.572953 -10.473,
				-8.03676 12.7016 -17.8435,
				-8.93492 16.2502 -20,
				-11.0173 24.478 -25,
				-131.37 500 -313.973,
			]
		}
		coordIndex [
			0, 1, 2, 3, 4, 5, -1
		]
	}
}
#---------- POLYLINE
Shape {
	appearance Appearance {
		material Material {
			diffuseColor 0.5 0.5 0.5
			emissiveColor 0.5 0.5 0.5
		}
	}
	geometry IndexedLineSet {
		coord Coordinate {
			point [
				-4.47845 -1.3576 -9.29976,
				-4.47844 -1.35761 -9.29975,
			]
		}
		coordIndex [
			0, 1, -1
		]
	}
}
#---------- POLYLINE
Shape {
	appearance Appearance {
		material Material {
			diffuseColor 0.5 0.5 0.5
			emissiveColor 0.5 0.5 0.5
		}
	}
	geometry IndexedLineSet {
		coord Coordinate {
			point [
				1.3263 0.206981 8.77681,
			]
		}
		coordIndex [
			0, -1
		]
	}
}
#---------- POLYLINE
Shape {
	appearance Appearance {
		material Material {
			diffuseColor 0 0 1
			emissiveColor 0 0 1
		}
	}
	geometry IndexedLineSet {
		coord Coordinate {
			point [
				1.3263 0.206981 8.77681,
				1.36507 0.482544 8.97615,
				1.23663 0.595281 9.20599,
				1.15695 0.610507 9.42659,
				1.16837 0.666453 9.60089,
				1.17628 0.636598 9.73398,
				1.24327 0.644118 9.82959,
				1.3192 0.674779 9.88504,
				1.39306 0.652906 9.92081,
				1.44881 0.682466 9.95837,
				1.45277 0.725971 9.98063,
				1.45547 0.759244 9.95873,
				1.47018 0.787562 9.95052,
				1.47797 0.813701 9.94535,
				1.46822 0.825365 9.92908,
				1.4677 0.829751 9.921,
				1.46764 0.830065 9.92099,
			]
		}
		coordIndex [
			0, 1, 2, 3, 4, 5, 6, 7, 8, 9, 
			10, 11, 12, 13, 14, 15, 16, -1
		]
	}
}
#---------- POLYLINE
Shape {
	appearance Appearance {
		material Material {
			diffuseColor 0 1 0
			emissiveColor 0 1 0
		}
	}
	geometry IndexedLineSet {
		coord Coordinate {
			point [
				1.46764 0.830065 9.92099,
				0.348492 4.98784 5.51061,
				-6.82349 31.6326 -22.753,
				-6.25313 31.3492 -25,
				114.315 -28.5576 -500,
			]
		}
		coordIndex [
			0, 1, 2, 3, 4, -1
		]
	}
}
#---------- POLYLINE
Shape {
	appearance Appearance {
		material Material {
			diffuseColor 0 1 0
			emissiveColor 0 1 0
		}
	}
	geometry IndexedLineSet {
		coord Coordinate {
			point [
				1.46764 0.830065 9.92099,
				2.80516 -4.13897 15.1919,
				5.294 -13.3853 25,
				125.827 -461.18 500,
			]
		}
		coordIndex [
			0, 1, 2, 3, -1
		]
	}
}
#---------- POLYLINE
Shape {
	appearance Appearance {
		material Material {
			diffuseColor 0.5 0.5 0.5
			emissiveColor 0.5 0.5 0.5
		}
	}
	geometry IndexedLineSet {
		coord Coordinate {
			point [
				1.3263 0.206981 8.77681,
				2.52763 -4.31405 12.2118,
				7.00001 -21.1452 25,
				134.241 -500 388.829,
			]
		}
		coordIndex [
			0, 1, 2, 3, -1
		]
	}
}
#---------- POLYLINE
Shape {
	appearance Appearance {
		material Material {
			diffuseColor 0.5 0.5 0.5
			emissiveColor 0.5 0.5 0.5
		}
	}
	geometry IndexedLineSet {
		coord Coordinate {
			point [
				1.3263 0.206981 8.77681,
				1.3263 0.206972 8.7768,
			]
		}
		coordIndex [
			0, 1, -1
		]
	}
}
#---------- POLYLINE
Shape {
	appearance Appearance {
		material Material {
			diffuseColor 0.5 0.5 0.5
			emissiveColor 0.5 0.5 0.5
		}
	}
	geometry IndexedLineSet {
		coord Coordinate {
			point [
				-3.42042 -0.652567 9.46988,
			]
		}
		coordIndex [
			0, -1
		]
	}
}
#---------- POLYLINE
Shape {
	appearance Appearance {
		material Material {
			diffuseColor 0 0 1
			emissiveColor 0 0 1
		}
	}
	geometry IndexedLineSet {
		coord Coordinate {
			point [
				-3.42042 -0.652567 9.46988,
				-3.419 -0.655314 9.48496,
				-3.41834 -0.655016 9.48567,
				-3.41839 -0.655006 9.48565,
			]
		}
		coordIndex [
			0, 1, 2, 3, -1
		]
	}
}
#---------- POLYLINE
Shape {
	appearance Appearance {
		material Material {
			diffuseColor 0 1 0
			emissiveColor 0 1 0
		}
	}
	geometry IndexedLineSet {
		coord Coordinate {
			point [
				-3.41839 -0.655006 9.48565,
				1.45205 1.9018 5.06545,
				4.12027 2.83256 5.06032,
				46.7598 17.7065 4.97822,
				500 175.811 4.10562,
			]
		}
		coordIndex [
			0, 1, 2, 3, 4, -1
		]
	}
}
#---------- POLYLINE
Shape {
	appearance Appearance {
		material Material {
			diffuseColor 0 1 0
			emissiveColor 0 1 0
		}
	}
	geometry IndexedLineSet {
		coord Coordinate {
			point [
				-3.41839 -0.655006 9.48565,
				-4.80495 -1.3829 10.744,
				-8.46713 -3.30542 14.0677,
				-12.6722 -5.96968 21.4393,
				-14.8664 -11.4208 15.6068,
				-11.051 -12.4117 8.91203,
				-6.70317 -13.5409 1.28303,
				-5.96811 -13.7318 -0.00676159,
				-15.767 -8.26883 -5.88871,
				-20.0691 -10.8752 -25,
				-126.997 -75.6549 -500,
			]
		}
		coordIndex [
			0, 1, 2, 3, 4, 5, 6, 7, 8, 9, 
			10, -1
		]
	}
}
#---------- POLYLINE
Shape {
	appearance Appearance {
		material Material {
			diffuseColor 0.5 0.5 0.5
			emissiveColor 0.5 0.5 0.5
		}
	}
	geometry IndexedLineSet {
		coord Coordinate {
			point [
				-3.42042 -0.652567 9.46988,
				-3.19448 3.84646 11.7971,
				-1.91269 29.3709 25,
				21.7215 500 268.44,
			]
		}
		coordIndex [
			0, 1, 2, 3, -1
		]
	}
}
#---------- POLYLINE
Shape {
	appearance Appearance {
		material Material {
			diffuseColor 0.5 0.5 0.5
			emissiveColor 0.5 0.5 0.5
		}
	}
	geometry IndexedLineSet {
		coord Coordinate {
			point [
				-3.42042 -0.652567 9.46988,
				-3.42042 -0.652575 9.46987,
			]
		}
		coordIndex [
			0, 1, -1
		]
	}
}
#---------- POLYLINE
Shape {
	appearance Appearance {
		material Material {
			diffuseColor 0.5 0.5 0.5
			emissiveColor 0.5 0.5 0.5
		}
	}
	geometry IndexedLineSet {
		coord Coordinate {
			point [
				1.51084 -2.86493 -15.2559,
			]
		}
		coordIndex [
			0, -1
		]
	}
}
#---------- POLYLINE
Shape {
	appearance Appearance {
		material Material {
			diffuseColor 0 0 1
			emissiveColor 0 0 1
		}
	}
	geometry IndexedLineSet {
		coord Coordinate {
			point [
				1.51084 -2.86493 -15.2559,
				1.54951 -2.89298 -15.1139,
				1.56785 -2.895 -15.0566,
				1.58997 -2.89869 -15.0141,
				1.60825 -2.89741 -14.9817,
				1.61533 -2.88321 -14.9537,
				1.60039 -2.87712 -14.9371,
				1.59356 -2.87306 -14.9328,
				1.59323 -2.87329 -14.9325,
			]
		}
		coordIndex [
			0, 1, 2, 3, 4, 5, 6, 7, 8, -1
		]
	}
}
#---------- POLYLINE
Shape {
	appearance Appearance {
		material Material {
			diffuseColor 0 1 0
			emissiveColor 0 1 0
		}
	}
	geometry IndexedLineSet {
		coord Coordinate {
			point [
				1.59323 -2.87329 -14.9325,
				-0.532656 -4.97155 -4.04537,
				-6.20425 -10.5694 25,
				-98.9559 -102.116 500,
			]
		}
		coordIndex [
			0, 1, 2, 3, -1
		]
	}
}
#---------- POLYLINE
Shape {
	appearance Appearance {
		material Material {
			diffuseColor 0 1 0
			emissiveColor 0 1 0
		}
	}
	geometry IndexedLineSet {
		coord Coordinate {
			point [
				1.59323 -2.87329 -14.9325,
				2.58275 -1.89663 -20,
				3.55908 -0.932984 -25,
				96.3108 90.6133 -500,
			]
		}
		coordIndex [
			0, 1, 2, 3, -1
		]
	}
}
#---------- POLYLINE
Shape {
	appearance Appearance {
		material Material {
			diffuseColor 0.5 0.5 0.5
			emissiveColor 0.5 0.5 0.5
		}
	}
	geometry IndexedLineSet {
		coord Coordinate {
			point [
				1.51084 -2.86493 -15.2559,
				-2.42008 -4.3753 -15.4733,
				-45.4232 -20.8982 -17.8514,
				-500 -195.559 -42.9898,
			]
		}
		coordIndex [
			0, 1, 2, 3, -1
		]
	}
}
#---------- POLYLINE
Shape {
	appearance Appearance {
		material Material {
			diffuseColor 0.5 0.5 0.5
			emissiveColor 0.5 0.5 0.5
		}
	}
	geometry IndexedLineSet {
		coord Coordinate {
			point [
				1.51084 -2.86493 -15.2559,
				1.51084 -2.86493 -15.2559,
			]
		}
		coordIndex [
			0, 1, -1
		]
	}
}
#---------- POLYLINE
Shape {
	appearance Appearance {
		material Material {
			diffuseColor 0.5 0.5 0.5
			emissiveColor 0.5 0.5 0.5
		}
	}
	geometry IndexedLineSet {
		coord Coordinate {
			point [
				4.21037 1.89293 -19.2769,
			]
		}
		coordIndex [
			0, -1
		]
	}
}
#---------- POLYLINE
Shape {
	appearance Appearance {
		material Material {
			diffuseColor 0 0 1
			emissiveColor 0 0 1
		}
	}
	geometry IndexedLineSet {
		coord Coordinate {
			point [
				4.21037 1.89293 -19.2769,
				4.18086 1.88535 -19.2459,
				4.16145 1.90313 -19.2204,
				4.15222 1.91839 -19.194,
				4.13507 1.92297 -19.1744,
				4.11772 1.93028 -19.1669,
				4.11137 1.93184 -19.1695,
				4.11135 1.93179 -19.1692,
			]
		}
		coordIndex [
			0, 1, 2, 3, 4, 5, 6, 7, -1
		]
	}
}
#---------- POLYLINE
Shape {
	appearance Appearance {
		material Material {
			diffuseColor 0 1 0
			emissiveColor 0 1 0
		}
	}
	geometry IndexedLineSet {
		coord Coordinate {
			point [
				4.11135 1.93179 -19.1692,
				2.88851 4.08124 -18.1336,
				-5.0559 18.0456 -11.4055,
				-6.83283 21.169 -9.90067,
				-20.6863 45.5201 1.83179,
				-279.243 500 220.802,
			]
		}
		coordIndex [
			0, 1, 2, 3, 4, 5, -1
		]
	}
}
#---------- POLYLINE
Shape {
	appearance Appearance {
		material Material {
			diffuseColor 0 1 0
			emissiveColor 0 1 0
		}
	}
	geometry IndexedLineSet {
		coord Coordinate {
			point [
				4.11135 1.93179 -19.1692,
				4.98417 0.397582 -19.9084,
				10.9962 -10.1701 -25,
				289.664 -500 -261.002,
			]
		}
		coordIndex [
			0, 1, 2, 3, -1
		]
	}
}
#---------- POLYLINE
Shape {
	appearance Appearance {
		material Material {
			diffuseColor 0.5 0.5 0.5
			emissiveColor 0.5 0.5 0.5
		}
	}
	geometry IndexedLineSet {
		coord Coordinate {
			point [
				4.21037 1.89293 -19.2769,
				-4.87501 -1.11096 -9.06223,
				-35.1715 -11.1279 25,
				-457.658 -150.814 500,
			]
		}
		coordIndex [
			0, 1, 2, 3, -1
		]
	}
}
#---------- POLYLINE
Shape {
	appearance Appearance {
		material Material {
			diffuseColor 0.5 0.5 0.5
			emissiveColor 0.5 0.5 0.5
		}
	}
	geometry IndexedLineSet {
		coord Coordinate {
			point [
				4.21037 1.89293 -19.2769,
				4.21038 1.89294 -19.2769,
			]
		}
		coordIndex [
			0, 1, -1
		]
	}
}
#---------- POLYLINE
Shape {
	appearance Appearance {
		material Material {
			diffuseColor 0.5 0.5 0.5
			emissiveColor 0.5 0.5 0.5
		}
	}
	geometry IndexedLineSet {
		coord Coordinate {
			point [
				2.75881 2.03382 -9.34429,
			]
		}
		coordIndex [
			0, -1
		]
	}
}
#---------- POLYLINE
Shape {
	appearance Appearance {
		material Material {
			diffuseColor 0 0 1
			emissiveColor 0 0 1
		}
	}
	geometry IndexedLineSet {
		coord Coordinate {
			point [
				2.75881 2.03382 -9.34429,
				2.59052 1.90692 -9.17497,
				2.52855 1.81741 -9.01715,
				2.44531 1.8266 -8.88394,
				2.38275 1.84543 -8.77615,
				2.37237 1.8846 -8.67832,
				2.36605 1.94318 -8.6185,
				2.36947 1.98404 -8.56817,
				2.37836 2.03136 -8.5443,
				2.37148 2.06861 -8.52833,
				2.37091 2.10176 -8.51601,
				2.3662 2.12108 -8.50936,
				2.37272 2.12651 -8.50445,
				2.37249 2.12665 -8.50401,
			]
		}
		coordIndex [
			0, 1, 2, 3, 4, 5, 6, 7, 8, 9, 
			10, 11, 12, 13, -1
		]
	}
}
#---------- POLYLINE
Shape {
	appearance Appearance {
		material Material {
			diffuseColor 0 1 0
			emissiveColor 0 1 0
		}
	}
	geometry IndexedLineSet {
		coord Coordinate {
			point [
				2.37249 2.12665 -8.50401,
				1.57602 2.17482 -8.79456,
				-0.351845 4.98761 -9.09595,
				-6.40728 13.8226 -10.0426,
				-11.9471 21.9053 -10.9087,
				-26.1447 42.6199 -13.1283,
				-339.63 500 -62.1371,
			]
		}
		coordIndex [
			0, 1, 2, 3, 4, 5, 6, -1
		]
	}
}
#---------- POLYLINE
Shape {
	appearance Appearance {
		material Material {
			diffuseColor 0 1 0
			emissiveColor 0 1 0
		}
	}
	geometry IndexedLineSet {
		coord Coordinate {
			point [
				2.37249 2.12665 -8.50401,
				4.58571 1.99279 -7.69665,
				15.1862 1.35167 -3.82971,
				24.9416 0.761643 -0.271005,
				49.9943 -0.753569 8.86796,
				500 -27.9704 173.026,
			]
		}
		coordIndex [
			0, 1, 2, 3, 4, 5, -1
		]
	}
}
#---------- POLYLINE
Shape {
	appearance Appearance {
		material Material {
			diffuseColor 0.5 0.5 0.5
			emissiveColor 0.5 0.5 0.5
		}
	}
	geometry IndexedLineSet {
		coord Coordinate {
			point [
				2.75881 2.03382 -9.34429,
				4.44099 2.29731 -9.48295,
				17.5305 4.34761 -10.5619,
				21.0218 4.89447 -10.8496,
				49.1281 9.29694 -13.1663,
				500 79.92 -50.3298,
			]
		}
		coordIndex [
			0, 1, 2, 3, 4, 5, -1
		]
	}
}
#---------- POLYLINE
Shape {
	appearance Appearance {
		material Material {
			diffuseColor 0.5 0.5 0.5
			emissiveColor 0.5 0.5 0.5
		}
	}
	geometry IndexedLineSet {
		coord Coordinate {
			point [
				2.75881 2.03382 -9.34429,
				2.75882 2.03382 -9.3443,
			]
		}
		coordIndex [
			0, 1, -1
		]
	}
}
#---------- POLYLINE
Shape {
	appearance Appearance {
		material Material {
			diffuseColor 0.5 0.5 0.5
			emissiveColor 0.5 0.5 0.5
		}
	}
	geometry IndexedLineSet {
		coord Coordinate {
			point [
				0.739031 1.4729 -14.424,
			]
		}
		coordIndex [
			0, -1
		]
	}
}
#---------- POLYLINE
Shape {
	appearance Appearance {
		material Material {
			diffuseColor 0 0 1
			emissiveColor 0 0 1
		}
	}
	geometry IndexedLineSet {
		coord Coordinate {
			point [
				0.739031 1.4729 -14.424,
				0.645608 1.5532 -14.4415,
				0.621617 1.59018 -14.4511,
				0.62851 1.62064 -14.4656,
				0.630805 1.64386 -14.4504,
				0.626745 1.66533 -14.4461,
				0.627363 1.67498 -14.4469,
				0.62768 1.67493 -14.4474,
			]
		}
		coordIndex [
			0, 1, 2, 3, 4, 5, 6, 7, -1
		]
	}
}
#---------- POLYLINE
Shape {
	appearance Appearance {
		material Material {
			diffuseColor 0 1 0
			emissiveColor 0 1 0
		}
	}
	geometry IndexedLineSet {
		coord Coordinate {
			point [
				0.62768 1.67493 -14.4474,
				-4.79618 -1.41304 -9.78792,
				-44.0065 -23.7367 23.8962,
				-500 -283.348 415.624,
			]
		}
		coordIndex [
			0, 1, 2, 3, -1
		]
	}
}
#---------- POLYLINE
Shape {
	appearance Appearance {
		material Material {
			diffuseColor 0 1 0
			emissiveColor 0 1 0
		}
	}
	geometry IndexedLineSet {
		coord Coordinate {
			point [
				0.62768 1.67493 -14.4474,
				3.66316 3.40312 -17.055,
				12.9116 8.66853 -25,
				500 285.983 -443.44,
			]
		}
		coordIndex [
			0, 1, 2, 3, -1
		]
	}
}
#---------- POLYLINE
Shape {
	appearance Appearance {
		material Material {
			diffuseColor 0.5 0.5 0.5
			emissiveColor 0.5 0.5 0.5
		}
	}
	geometry IndexedLineSet {
		coord Coordinate {
			point [
				0.739031 1.4729 -14.424,
				1.32605 -4.82095 -12.4792,
				5.51145 -49.6953 1.38754,
				47.511 -500 140.537,
			]
		}
		coordIndex [
			0, 1, 2, 3, -1
		]
	}
}
#---------- POLYLINE
Shape {
	appearance Appearance {
		material Material {
			diffuseColor 0.5 0.5 0.5
			emissiveColor 0.5 0.5 0.5
		}
	}
	geometry IndexedLineSet {
		coord Coordinate {
			point [
				0.739031 1.4729 -14.424,
				0.739038 1.4729 -14.424,
			]
		}
		coordIndex [
			0, 1, -1
		]
	}
}
#---------- POLYLINE
Shape {
	appearance Appearance {
		material Material {
			diffuseColor 0.5 0.5 0.5
			emissiveColor 0.5 0.5 0.5
		}
	}
	geometry IndexedLineSet {
		coord Coordinate {
			point [
				0.909794 3.32587 7.12541,
			]
		}
		coordIndex [
			0, -1
		]
	}
}
#---------- POLYLINE
Shape {
	appearance Appearance {
		material Material {
			diffuseColor 0 0 1
			emissiveColor 0 0 1
		}
	}
	geometry IndexedLineSet {
		coord Coordinate {
			point [
				0.909794 3.32587 7.12541,
				0.943595 3.31441 7.10696,
				0.968296 3.31924 7.08694,
				0.980263 3.33077 7.06641,
				0.981336 3.34088 7.06841,
				0.981179 3.3414 7.06827,
			]
		}
		coordIndex [
			0, 1, 2, 3, 4, 5, -1
		]
	}
}
#---------- POLYLINE
Shape {
	appearance Appearance {
		material Material {
			diffuseColor 0 1 0
			emissiveColor 0 1 0
		}
	}
	geometry IndexedLineSet {
		coord Coordinate {
			point [
				0.981179 3.3414 7.06827,
				3.81639 3.23036 2.92888,
				15.8307 2.75981 -14.6119,
				19.5211 2.61527 -20,
				22.9458 2.48114 -25,
				348.289 -10.2612 -500,
			]
		}
		coordIndex [
			0, 1, 2, 3, 4, 5, -1
		]
	}
}
#---------- POLYLINE
Shape {
	appearance Appearance {
		material Material {
			diffuseColor 0 1 0
			emissiveColor 0 1 0
		}
	}
	geometry IndexedLineSet {
		coord Coordinate {
			point [
				0.981179 3.3414 7.06827,
				-3.55204 3.51895 13.6868,
				-10.9852 3.81007 24.5391,
				-12.3691 3.47002 25,
				-500 -116.347 187.403,
			]
		}
		coordIndex [
			0, 1, 2, 3, 4, -1
		]
	}
}
#---------- POLYLINE
Shape {
	appearance Appearance {
		material Material {
			diffuseColor 0.5 0.5 0.5
			emissiveColor 0.5 0.5 0.5
		}
	}
	geometry IndexedLineSet {
		coord Coordinate {
			point [
				0.909794 3.32587 7.12541,
				0.624858 4.9608 6.14659,
				-7.13539 49.4882 -20.5118,
				-85.6506 500 -290.231,
			]
		}
		coordIndex [
			0, 1, 2, 3, -1
		]
	}
}
#---------- POLYLINE
Shape {
	appearance Appearance {
		material Material {
			diffuseColor 0.5 0.5 0.5
			emissiveColor 0.5 0.5 0.5
		}
	}
	geometry IndexedLineSet {
		coord Coordinate {
			point [
				0.909794 3.32587 7.12541,
				0.909791 3.32586 7.12542,
			]
		}
		coordIndex [
			0, 1, -1
		]
	}
}
#---------- POLYLINE
Shape {
	appearance Appearance {
		material Material {
			diffuseColor 0.5 0.5 0.5
			emissiveColor 0.5 0.5 0.5
		}
	}
	geometry IndexedLineSet {
		coord Coordinate {
			point [
				-4.87592 0.039859 14.6014,
			]
		}
		coordIndex [
			0, -1
		]
	}
}
#---------- POLYLINE
Shape {
	appearance Appearance {
		material Material {
			diffuseColor 0 0 1
			emissiveColor 0 0 1
		}
	}
	geometry IndexedLineSet {
		coord Coordinate {
			point [
				-4.87592 0.039859 14.6014,
				-4.86927 0.0367411 14.6274,
				-4.86183 0.036899 14.6518,
				-4.85261 0.031729 14.6736,
				-4.84435 0.0258205 14.6944,
				-4.83716 0.0248111 14.7151,
				-4.82705 0.0283006 14.7326,
				-4.81573 0.032341 14.7483,
				-4.80415 0.0382383 14.7622,
				-4.79558 0.042979 14.7741,
				-4.74995 0.0286189 14.7995,
				-4.71605 0.0501606 14.8125,
				-4.68329 0.043647 14.8024,
				-4.65403 0.0437143 14.8081,
				-4.63609 0.0604365 14.81,
				-4.62154 0.0715592 14.8041,
				-4.6214 0.0719743 14.8044,
			]
		}
		coordIndex [
			0, 1, 2, 3, 4, 5, 6, 7, 8, 9, 
			10, 11, 12, 13, 14, 15, 16, -1
		]
	}
}
#---------- POLYLINE
Shape {
	appearance Appearance {
		material Material {
			diffuseColor 0 1 0
			emissiveColor 0 1 0
		}
	}
	geometry IndexedLineSet {
		coord Coordinate {
			point [
				-4.6214 0.0719743 14.8044,
				0.8866 -4.92077 17.8828,
				13.6208 -16.4637 25,
				500 -457.343 296.837,
			]
		}
		coordIndex [
			0, 1, 2, 3, -1
		]
	}
}
#---------- POLYLINE
Shape {
	appearance Appearance {
		material Material {
			diffuseColor 0 1 0
			emissiveColor 0 1 0
		}
	}
	geometry IndexedLineSet {
		coord Coordinate {
			point [
				-4.6214 0.0719743 14.8044,
				-4.98393 0.400584 14.6018,
				-26.4627 19.87 2.5973,
				-44.9405 21.917 5.30782,
				-500 72.3268 72.0608,
			]
		}
		coordIndex [
			0, 1, 2, 3, 4, -1
		]
	}
}
#---------- POLYLINE
Shape {
	appearance Appearance {
		material Material {
			diffuseColor 0.5 0.5 0.5
			emissiveColor 0.5 0.5 0.5
		}
	}
	geometry IndexedLineSet {
		coord Coordinate {
			point [
				-4.87592 0.039859 14.6014,
				4.41175 2.35297 11.0527,
				48.2094 13.2609 -5.68225,
				500 125.78 -178.31,
			]
		}
		coordIndex [
			0, 1, 2, 3, -1
		]
	}
}
#---------- POLYLINE
Shape {
	appearance Appearance {
		material Material {
			diffuseColor 0.5 0.5 0.5
			emissiveColor 0.5 0.5 0.5
		}
	}
	geometry IndexedLineSet {
		coord Coordinate {
			point [
				-4.87592 0.039859 14.6014,
				-4.87593 0.0398591 14.6014,
			]
		}
		coordIndex [
			0, 1, -1
		]
	}
}
#---------- POLYLINE
Shape {
	appearance Appearance {
		material Material {
			diffuseColor 0.5 0.5 0.5
			emissiveColor 0.5 0.5 0.5
		}
	}
	geometry IndexedLineSet {
		coord Coordinate {
			point [
				1.54752 3.24213 4.12588,
			]
		}
		coordIndex [
			0, -1
		]
	}
}
#---------- POLYLINE
Shape {
	appearance Appearance {
		material Material {
			diffuseColor 0 0 1
			emissiveColor 0 0 1
		}
	}
	geometry IndexedLineSet {
		coord Coordinate {
			point [
				1.54752 3.24213 4.12588,
				1.60825 3.23309 4.18296,
				1.65899 3.21766 4.23145,
				1.71094 3.19475 4.26135,
				1.74073 3.19469 4.3039,
				1.74923 3.2104 4.34521,
				1.72704 3.23718 4.33846,
				1.71548 3.21873 4.32739,
				1.70286 3.21149 4.3171,
				1.70083 3.20919 4.31436,
			]
		}
		coordIndex [
			0, 1, 2, 3, 4, 5, 6, 7, 8, 9, -1
		]
	}
}
#---------- POLYLINE
Shape {
	appearance Appearance {
		material Material {
			diffuseColor 0 1 0
			emissiveColor 0 1 0
		}
	}
	geometry IndexedLineSet {
		coord Coordinate {
			point [
				1.70083 3.20919 4.31436,
				1.91453 4.61893 5.54879,
				4.69876 22.9857 21.6314,
				2.97512 23.7435 25,
				-240.07 130.607 500,
			]
		}
		coordIndex [
			0, 1, 2, 3, 4, -1
		]
	}
}
#---------- POLYLINE
Shape {
	appearance Appearance {
		material Material {
			diffuseColor 0 1 0
			emissiveColor 0 1 0
		}
	}
	geometry IndexedLineSet {
		coord Coordinate {
			point [
				1.70083 3.20919 4.31436,
				0.459603 -4.97883 -2.85537,
				-3.37408 -30.2686 -25,
				-74.581 -500 -436.314,
			]
		}
		coordIndex [
			0, 1, 2, 3, -1
		]
	}
}
#---------- POLYLINE
Shape {
	appearance Appearance {
		material Material {
			diffuseColor 0.5 0.5 0.5
			emissiveColor 0.5 0.5 0.5
		}
	}
	geometry IndexedLineSet {
		coord Coordinate {
			point [
				1.54752 3.24213 4.12588,
				3.62149 3.44743 8.20517,
				12.1603 4.29266 25,
				253.658 28.198 500,
			]
		}
		coordIndex [
			0, 1, 2, 3, -1
		]
	}
}
#---------- POLYLINE
Shape {
	appearance Appearance {
		material Material {
			diffuseColor 0.5 0.5 0.5
			emissiveColor 0.5 0.5 0.5
		}
	}
	geometry IndexedLineSet {
		coord Coordinate {
			point [
				1.54752 3.24213 4.12588,
				1.54751 3.24213 4.12587,
			]
		}
		coordIndex [
			0, 1, -1
		]
	}
}
#---------- POLYLINE
Shape {
	appearance Appearance {
		material Material {
			diffuseColor 0.5 0.5 0.5
			emissiveColor 0.5 0.5 0.5
		}
	}
	geometry IndexedLineSet {
		coord Coordinate {
			point [
				-0.419033 3.25591 2.37432,
			]
		}
		coordIndex [
			0, -1
		]
	}
}
#---------- POLYLINE
Shape {
	appearance Appearance {
		material Material {
			diffuseColor 0 0 1
			emissiveColor 0 0 1
		}
	}
	geometry IndexedLineSet {
		coord Coordinate {
			point [
				-0.419033 3.25591 2.37432,
				-0.41686 3.265 2.37206,
				-0.416945 3.26534 2.37242,
			]
		}
		coordIndex [
			0, 1, 2, -1
		]
	}
}
#---------- POLYLINE
Shape {
	appearance Appearance {
		material Material {
			diffuseColor 0 1 0
			emissiveColor 0 1 0
		}
	}
	geometry IndexedLineSet {
		coord Coordinate {
			point [
				-0.416945 3.26534 2.37242,
				4.31675 2.52303 -3.68338,
				15.0705 0.836686 -17.4406,
				17.0711 0.52296 -20,
				20.9795 -0.0899324 -25,
				392.278 -58.3147 -500,
			]
		}
		coordIndex [
			0, 1, 2, 3, 4, 5, -1
		]
	}
}
#---------- POLYLINE
Shape {
	appearance Appearance {
		material Material {
			diffuseColor 0 1 0
			emissiveColor 0 1 0
		}
	}
	geometry IndexedLineSet {
		coord Coordinate {
			point [
				-0.416945 3.26534 2.37242,
				-3.33724 3.72328 6.10834,
				-18.1045 6.03899 25,
				-389.402 64.2638 500,
			]
		}
		coordIndex [
			0, 1, 2, 3, -1
		]
	}
}
#---------- POLYLINE
Shape {
	appearance Appearance {
		material Material {
			diffuseColor 0.5 0.5 0.5
			emissiveColor 0.5 0.5 0.5
		}
	}
	geometry IndexedLineSet {
		coord Coordinate {
			point [
				-0.419033 3.25591 2.37432,
				-1.99038 4.58676 0.443661,
				-11.3008 12.4722 -10.9957,
				-14.5479 15.2223 -14.9853,
				-22.6988 22.1257 -25,
				-409.298 349.555 -500,
			]
		}
		coordIndex [
			0, 1, 2, 3, 4, 5, -1
		]
	}
}
#---------- POLYLINE
Shape {
	appearance Appearance {
		material Material {
			diffuseColor 0.5 0.5 0.5
			emissiveColor 0.5 0.5 0.5
		}
	}
	geometry IndexedLineSet {
		coord Coordinate {
			point [
				-0.419033 3.25591 2.37432,
				-0.419028 3.2559 2.37433,
			]
		}
		coordIndex [
			0, 1, -1
		]
	}
}
#---------- POLYLINE
Shape {
	appearance Appearance {
		material Material {
			diffuseColor 0.5 0.5 0.5
			emissiveColor 0.5 0.5 0.5
		}
	}
	geometry IndexedLineSet {
		coord Coordinate {
			point [
				2.09837 3.87796 4.36312,
			]
		}
		coordIndex [
			0, -1
		]
	}
}
#---------- POLYLINE
Shape {
	appearance Appearance {
		material Material {
			diffuseColor 0 0 1
			emissiveColor 0 0 1
		}
	}
	geometry IndexedLineSet {
		coord Coordinate {
			point [
				2.09837 3.87796 4.36312,
				2.11792 3.8788 4.32043,
				2.17172 3.90699 4.2074,
				2.20867 3.89264 4.10763,
				2.2182 3.87813 4.07874,
				2.22507 3.86132 4.05734,
				2.24436 3.86374 4.0472,
				2.25004 3.86598 4.04469,
				2.25008 3.86637 4.04459,
			]
		}
		coordIndex [
			0, 1, 2, 3, 4, 5, 6, 7, 8, -1
		]
	}
}
#---------- POLYLINE
Shape {
	appearance Appearance {
		material Material {
			diffuseColor 0 1 0
			emissiveColor 0 1 0
		}
	}
	geometry IndexedLineSet {
		coord Coordinate {
			point [
				2.25008 3.86637 4.04459,
				1.93744 4.46306 3.67617,
				3.6411 3.42671 5.81993,
				18.8836 -5.84535 25,
				396.37 -235.471 500,
			]
		}
		coordIndex [
			0, 1, 2, 3, 4, -1
		]
	}
}
#---------- POLYLINE
Shape {
	appearance Appearance {
		material Material {
			diffuseColor 0 1 0
			emissiveColor 0 1 0
		}
	}
	geometry IndexedLineSet {
		coord Coordinate {
			point [
				2.25008 3.86637 4.04459,
				4.86981 -1.13354 7.13177,
				10.7502 -12.3566 14.0614,
				14.4915 -19.497 18.4702,
				20.0325 -30.0724 25,
				266.254 -500 315.156,
			]
		}
		coordIndex [
			0, 1, 2, 3, 4, 5, -1
		]
	}
}
#---------- POLYLINE
Shape {
	appearance Appearance {
		material Material {
			diffuseColor 0.5 0.5 0.5
			emissiveColor 0.5 0.5 0.5
		}
	}
	geometry IndexedLineSet {
		coord Coordinate {
			point [
				2.09837 3.87796 4.36312,
				4.98343 0.406701 6.23152,
				33.9645 -34.4628 25,
				420.886 -500 275.575,
			]
		}
		coordIndex [
			0, 1, 2, 3, -1
		]
	}
}
#---------- POLYLINE
Shape {
	appearance Appearance {
		material Material {
			diffuseColor 0.5 0.5 0.5
			emissiveColor 0.5 0.5 0.5
		}
	}
	geometry IndexedLineSet {
		coord Coordinate {
			point [
				2.09837 3.87796 4.36312,
				2.09836 3.87796 4.36313,
			]
		}
		coordIndex [
			0, 1, -1
		]
	}
}
#---------- POLYLINE
Shape {
	appearance Appearance {
		material Material {
			diffuseColor 0.5 0.5 0.5
			emissiveColor 0.5 0.5 0.5
		}
	}
	geometry IndexedLineSet {
		coord Coordinate {
			point [
				-0.0480089 -2.40378 4.44386,
			]
		}
		coordIndex [
			0, -1
		]
	}
}
#---------- POLYLINE
Shape {
	appearance Appearance {
		material Material {
			diffuseColor 0 0 1
			emissiveColor 0 0 1
		}
	}
	geometry IndexedLineSet {
		coord Coordinate {
			point [
				-0.0480089 -2.40378 4.44386,
				-0.0263333 -2.4021 4.50247,
				-0.011831 -2.39074 4.54646,
				0.0043301 -2.36818 4.57535,
				0.0120398 -2.38587 4.60372,
				0.0220429 -2.40719 4.62049,
				0.00560445 -2.4178 4.62759,
				0.00762408 -2.41922 4.63358,
				0.00757387 -2.41933 4.63398,
			]
		}
		coordIndex [
			0, 1, 2, 3, 4, 5, 6, 7, 8, -1
		]
	}
}
#---------- POLYLINE
Shape {
	appearance Appearance {
		material Material {
			diffuseColor 0 1 0
			emissiveColor 0 1 0
		}
	}
	geometry IndexedLineSet {
		coord Coordinate {
			point [
				0.00757387 -2.41933 4.63398,
				-1.72525 -4.69292 6.43556,
				-7.88186 -12.7708 12.8365,
				-13.8056 -20.5431 18.9952,
				-19.5811 -28.1211 25,
				-379.226 -500 398.916,
			]
		}
		coordIndex [
			0, 1, 2, 3, 4, 5, -1
		]
	}
}
#---------- POLYLINE
Shape {
	appearance Appearance {
		material Material {
			diffuseColor 0 1 0
			emissiveColor 0 1 0
		}
	}
	geometry IndexedLineSet {
		coord Coordinate {
			point [
				0.00757387 -2.41933 4.63398,
				4.06759 2.90769 0.412847,
				11.3723 12.492 -7.18176,
				14.9998 17.2514 -10.9531,
				28.5105 34.9785 -25,
				382.929 500 -393.482,
			]
		}
		coordIndex [
			0, 1, 2, 3, 4, 5, -1
		]
	}
}
#---------- POLYLINE
Shape {
	appearance Appearance {
		material Material {
			diffuseColor 0.5 0.5 0.5
			emissiveColor 0.5 0.5 0.5
		}
	}
	geometry IndexedLineSet {
		coord Coordinate {
			point [
				-0.0480089 -2.40378 4.44386,
				4.8943 1.02268 4.35475,
				42.1694 26.8652 3.68266,
				500 344.275 -4.57223,
			]
		}
		coordIndex [
			0, 1, 2, 3, -1
		]
	}
}
#---------- POLYLINE
Shape {
	appearance Appearance {
		material Material {
			diffuseColor 0.5 0.5 0.5
			emissiveColor 0.5 0.5 0.5
		}
	}
	geometry IndexedLineSet {
		coord Coordinate {
			point [
				-0.0480089 -2.40378 4.44386,
				-0.0480181 -2.40379 4.44385,
			]
		}
		coordIndex [
			0, 1, -1
		]
	}
}
#---------- POLYLINE
Shape {
	appearance Appearance {
		material Material {
			diffuseColor 0.5 0.5 0.5
			emissiveColor 0.5 0.5 0.5
		}
	}
	geometry IndexedLineSet {
		coord Coordinate {
			point [
				2.13306 4.19817 -17.8346,
			]
		}
		coordIndex [
			0, -1
		]
	}
}
#---------- POLYLINE
Shape {
	appearance Appearance {
		material Material {
			diffuseColor 0 0 1
			emissiveColor 0 0 1
		}
	}
	geometry IndexedLineSet {
		coord Coordinate {
			point [
				2.13306 4.19817 -17.8346,
				2.1955 4.13733 -17.8888,
				2.25036 4.08347 -17.9446,
				2.30713 4.02219 -17.9801,
				2.35167 3.94884 -17.9923,
				2.3861 3.87774 -18.0091,
				2.41238 3.80866 -18.0251,
				2.4189 3.74035 -18.0323,
				2.40859 3.67872 -18.0511,
				2.40109 3.61938 -18.0668,
				2.39792 3.5621 -18.0538,
				2.38035 3.41286 -18.0089,
				2.34958 3.28667 -17.9711,
				2.26934 3.26446 -17.8894,
				2.17966 3.2429 -17.8663,
				2.10737 3.28193 -17.8606,
				2.07234 3.32495 -17.829,
				2.1262 3.3178 -17.8282,
				2.1479 3.35715 -17.8358,
				2.1541 3.37805 -17.8635,
				2.14538 3.3991 -17.8799,
				2.12452 3.39131 -17.8888,
				2.1189 3.396 -17.9051,
				2.11906 3.39681 -17.9052,
			]
		}
		coordIndex [
			0, 1, 2, 3, 4, 5, 6, 7, 8, 9, 
			10, 11, 12, 13, 14, 15, 16, 17, 18, 19, 
			20, 21, 22, 23, -1
		]
	}
}
#---------- POLYLINE
Shape {
	appearance Appearance {
		material Material {
			diffuseColor 0 1 0
			emissiveColor 0 1 0
		}
	}
	geometry IndexedLineSet {
		coord Coordinate {
			point [
				2.11906 3.39681 -17.9052,
				2.66549 4.23027 -18.0437,
				8.18083 12.6427 -19.442,
				10.3818 15.9998 -20,
				27.3388 41.8639 -24.2991,
				327.701 500 -100.45,
			]
		}
		coordIndex [
			0, 1, 2, 3, 4, 5, -1
		]
	}
}
#---------- POLYLINE
Shape {
	appearance Appearance {
		material Material {
			diffuseColor 0 1 0
			emissiveColor 0 1 0
		}
	}
	geometry IndexedLineSet {
		coord Coordinate {
			point [
				2.11906 3.39681 -17.9052,
				-2.81649 -4.13127 -16.6539,
				-8.35464 -12.5785 -15.2498,
				-13.6738 -20.6916 -13.9012,
				-27.4898 -41.7649 -10.3985,
				-327.917 -500 65.7686,
			]
		}
		coordIndex [
			0, 1, 2, 3, 4, 5, -1
		]
	}
}
#---------- POLYLINE
Shape {
	appearance Appearance {
		material Material {
			diffuseColor 0.5 0.5 0.5
			emissiveColor 0.5 0.5 0.5
		}
	}
	geometry IndexedLineSet {
		coord Coordinate {
			point [
				2.13306 4.19817 -17.8346,
				-3.14535 -3.88674 -10.3258,
				-8.74296 -12.4606 -2.36297,
				-13.9248 -20.3977 5.0085,
				-27.7586 -41.5868 24.6876,
				-327.043 -500 450.433,
			]
		}
		coordIndex [
			0, 1, 2, 3, 4, 5, -1
		]
	}
}
#---------- POLYLINE
Shape {
	appearance Appearance {
		material Material {
			diffuseColor 0.5 0.5 0.5
			emissiveColor 0.5 0.5 0.5
		}
	}
	geometry IndexedLineSet {
		coord Coordinate {
			point [
				2.13306 4.19817 -17.8346,
				2.13305 4.19818 -17.8346,
			]
		}
		coordIndex [
			0, 1, -1
		]
	}
}
#---------- POLYLINE
Shape {
	appearance Appearance {
		material Material {
			diffuseColor 0.5 0.5 0.5
			emissiveColor 0.5 0.5 0.5
		}
	}
	geometry IndexedLineSet {
		coord Coordinate {
			point [
				2.09089 3.89125 2.8695,
			]
		}
		coordIndex [
			0, -1
		]
	}
}
#---------- POLYLINE
Shape {
	appearance Appearance {
		material Material {
			diffuseColor 0 0 1
			emissiveColor 0 0 1
		}
	}
	geometry IndexedLineSet {
		coord Coordinate {
			point [
				2.09089 3.89125 2.8695,
				2.02208 3.91563 2.80503,
				1.91631 3.91998 2.72273,
				1.83426 3.99839 2.73336,
				1.75555 4.03543 2.77581,
				1.67158 4.03255 2.77074,
				1.63456 4.0696 2.74161,
				1.64267 4.10967 2.71336,
				1.62344 4.13089 2.68251,
				1.59918 4.13906 2.66188,
				1.61118 4.12442 2.64342,
				1.59773 4.11485 2.6301,
				1.59238 4.10996 2.63507,
				1.59223 4.1093 2.635,
			]
		}
		coordIndex [
			0, 1, 2, 3, 4, 5, 6, 7, 8, 9, 
			10, 11, 12, 13, -1
		]
	}
}
#---------- POLYLINE
Shape {
	appearance Appearance {
		material Material {
			diffuseColor 0 1 0
			emissiveColor 0 1 0
		}
	}
	geometry IndexedLineSet {
		coord Coordinate {
			point [
				1.59223 4.1093 2.635,
				4.49229 2.19529 2.03382,
				43.9479 -23.845 -6.14523,
				500 -324.835 -100.684,
			]
		}
		coordIndex [
			0, 1, 2, 3, -1
		]
	}
}
#---------- POLYLINE
Shape {
	appearance Appearance {
		material Material {
			diffuseColor 0 1 0
			emissiveColor 0 1 0
		}
	}
	geometry IndexedLineSet {
		coord Coordinate {
			point [
				1.59223 4.1093 2.635,
				0.252316 4.99363 2.91276,
				-10.9587 12.3928 5.23677,
				-14.1351 14.4892 5.89524,
				-39.2033 31.0339 11.0918,
				-500 335.155 106.614,
			]
		}
		coordIndex [
			0, 1, 2, 3, 4, 5, -1
		]
	}
}
#---------- POLYLINE
Shape {
	appearance Appearance {
		material Material {
			diffuseColor 0.5 0.5 0.5
			emissiveColor 0.5 0.5 0.5
		}
	}
	geometry IndexedLineSet {
		coord Coordinate {
			point [
				2.09089 3.89125 2.8695,
				-4.99389 0.247181 15.5225,
				-10.3006 -2.48235 25,
				-276.267 -139.283 500,
			]
		}
		coordIndex [
			0, 1, 2, 3, -1
		]
	}
}
#---------- POLYLINE
Shape {
	appearance Appearance {
		material Material {
			diffuseColor 0.5 0.5 0.5
			emissiveColor 0.5 0.5 0.5
		}
	}
	geometry IndexedLineSet {
		coord Coordinate {
			point [
				2.09089 3.89125 2.8695,
				2.0909 3.89125 2.8695,
			]
		}
		coordIndex [
			0, 1, -1
		]
	}
}
#---------- POLYLINE
Shape {
	appearance Appearance {
		material Material {
			diffuseColor 0.5 0.5 0.5
			emissiveColor 0.5 0.5 0.5
		}
	}
	geometry IndexedLineSet {
		coord Coordinate {
			point [
				3.27511 -2.50012 1.69815,
			]
		}
		coordIndex [
			0, -1
		]
	}
}
#---------- POLYLINE
Shape {
	appearance Appearance {
		material Material {
			diffuseColor 0 0 1
			emissiveColor 0 0 1
		}
	}
	geometry IndexedLineSet {
		coord Coordinate {
			point [
				3.27511 -2.50012 1.69815,
				3.26206 -2.52228 1.68528,
				3.28365 -2.52808 1.69135,
				3.28089 -2.52603 1.70199,
				3.28074 -2.52627 1.70219,
			]
		}
		coordIndex [
			0, 1, 2, 3, 4, -1
		]
	}
}
#---------- POLYLINE
Shape {
	appearance Appearance {
		material Material {
			diffuseColor 0 1 0
			emissiveColor 0 1 0
		}
	}
	geometry IndexedLineSet {
		coord Coordinate {
			point [
				3.28074 -2.52627 1.70219,
				3.35974 -2.22308 -0.577271,
				2.64559 4.24274 -4.12414,
				-1.18225 38.8992 -23.1352,
				-0.883326 40.369 -25,
				75.2578 414.733 -500,
			]
		}
		coordIndex [
			0, 1, 2, 3, 4, 5, -1
		]
	}
}
#---------- POLYLINE
Shape {
	appearance Appearance {
		material Material {
			diffuseColor 0 1 0
			emissiveColor 0 1 0
		}
	}
	geometry IndexedLineSet {
		coord Coordinate {
			point [
				3.28074 -2.52627 1.70219,
				2.87261 -4.09244 13.4775,
				2.47325 -5.62501 25,
				-13.99 -68.8027 500,
			]
		}
		coordIndex [
			0, 1, 2, 3, -1
		]
	}
}
#---------- POLYLINE
Shape {
	appearance Appearance {
		material Material {
			diffuseColor 0.5 0.5 0.5
			emissiveColor 0.5 0.5 0.5
		}
	}
	geometry IndexedLineSet {
		coord Coordinate {
			point [
				3.27511 -2.50012 1.69815,
				4.80824 -1.37142 2.28863,
				42.4837 26.3654 16.799,
				500 363.192 193.008,
			]
		}
		coordIndex [
			0, 1, 2, 3, -1
		]
	}
}
#---------- POLYLINE
Shape {
	appearance Appearance {
		material Material {
			diffuseColor 0.5 0.5 0.5
			emissiveColor 0.5 0.5 0.5
		}
	}
	geometry IndexedLineSet {
		coord Coordinate {
			point [
				3.27511 -2.50012 1.69815,
				3.27511 -2.50012 1.69815,
			]
		}
		coordIndex [
			0, 1, -1
		]
	}
}
#---------- POLYLINE
Shape {
	appearance Appearance {
		material Material {
			diffuseColor 0.5 0.5 0.5
			emissiveColor 0.5 0.5 0.5
		}
	}
	geometry IndexedLineSet {
		coord Coordinate {
			point [
				0.640936 -1.34318 17.5976,
			]
		}
		coordIndex [
			0, -1
		]
	}
}
#---------- POLYLINE
Shape {
	appearance Appearance {
		material Material {
			diffuseColor 0 0 1
			emissiveColor 0 0 1
		}
	}
	geometry IndexedLineSet {
		coord Coordinate {
			point [
				0.640936 -1.34318 17.5976,
				0.64208 -1.34389 17.5977,
				0.642092 -1.34388 17.5977,
			]
		}
		coordIndex [
			0, 1, 2, -1
		]
	}
}
#---------- POLYLINE
Shape {
	appearance Appearance {
		material Material {
			diffuseColor 0 1 0
			emissiveColor 0 1 0
		}
	}
	geometry IndexedLineSet {
		coord Coordinate {
			point [
				0.642092 -1.34388 17.5977,
				2.23348 4.47343 17.3171,
				5.28621 15.6326 16.7788,
				6.79136 21.1347 16.5134,
				14.1302 47.9618 15.2194,
				137.791 500 -6.58523,
			]
		}
		coordIndex [
			0, 1, 2, 3, 4, 5, -1
		]
	}
}
#---------- POLYLINE
Shape {
	appearance Appearance {
		material Material {
			diffuseColor 0 1 0
			emissiveColor 0 1 0
		}
	}
	geometry IndexedLineSet {
		coord Coordinate {
			point [
				0.642092 -1.34388 17.5977,
				-0.354638 -4.98741 17.7734,
				-12.2514 -48.4758 19.8711,
				-135.771 -500 41.6509,
			]
		}
		coordIndex [
			0, 1, 2, 3, -1
		]
	}
}
#---------- POLYLINE
Shape {
	appearance Appearance {
		material Material {
			diffuseColor 0.5 0.5 0.5
			emissiveColor 0.5 0.5 0.5
		}
	}
	geometry IndexedLineSet {
		coord Coordinate {
			point [
				0.640936 -1.34318 17.5976,
				-4.86786 -1.1419 6.91128,
				-15.0596 -0.76952 -12.8592,
				-18.7406 -0.635021 -20,
				-21.3181 -0.540845 -25,
				-266.181 8.40594 -500,
			]
		}
		coordIndex [
			0, 1, 2, 3, 4, 5, -1
		]
	}
}
#---------- POLYLINE
Shape {
	appearance Appearance {
		material Material {
			diffuseColor 0.5 0.5 0.5
			emissiveColor 0.5 0.5 0.5
		}
	}
	geometry IndexedLineSet {
		coord Coordinate {
			point [
				0.640936 -1.34318 17.5976,
				0.640939 -1.34318 17.5976,
			]
		}
		coordIndex [
			0, 1, -1
		]
	}
}
#---------- POLYLINE
Shape {
	appearance Appearance {
		material Material {
			diffuseColor 0.5 0.5 0.5
			emissiveColor 0.5 0.5 0.5
		}
	}
	geometry IndexedLineSet {
		coord Coordinate {
			point [
				0.204979 -1.91763 -8.08916,
			]
		}
		coordIndex [
			0, -1
		]
	}
}
#---------- POLYLINE
Shape {
	appearance Appearance {
		material Material {
			diffuseColor 0 0 1
			emissiveColor 0 0 1
		}
	}
	geometry IndexedLineSet {
		coord Coordinate {
			point [
				0.204979 -1.91763 -8.08916,
				0.260024 -1.77808 -8.09208,
				0.282396 -1.70934 -8.00708,
				0.303849 -1.62347 -7.97876,
				0.322295 -1.55612 -7.94238,
				0.288353 -1.49888 -7.95303,
				0.253584 -1.45467 -7.96777,
				0.226239 -1.4324 -7.9998,
				0.188899 -1.4239 -8.01485,
				0.163204 -1.40465 -8.02631,
				0.164658 -1.39721 -8.05173,
				0.182598 -1.38435 -8.05302,
				0.183312 -1.38324 -8.04936,
				0.183345 -1.38317 -8.04933,
			]
		}
		coordIndex [
			0, 1, 2, 3, 4, 5, 6, 7, 8, 9, 
			10, 11, 12, 13, -1
		]
	}
}
#---------- POLYLINE
Shape {
	appearance Appearance {
		material Material {
			diffuseColor 0 1 0
			emissiveColor 0 1 0
		}
	}
	geometry IndexedLineSet {
		coord Coordinate {
			point [
				0.183345 -1.38317 -8.04933,
				2.91594 4.06168 -6.96499,
				7.41261 13.0215 -5.18064,
				11.8842 21.9314 -3.40624,
				23.1257 44.3306 1.05455,
				251.812 500 91.801,
			]
		}
		coordIndex [
			0, 1, 2, 3, 4, 5, -1
		]
	}
}
#---------- POLYLINE
Shape {
	appearance Appearance {
		material Material {
			diffuseColor 0 1 0
			emissiveColor 0 1 0
		}
	}
	geometry IndexedLineSet {
		coord Coordinate {
			point [
				0.183345 -1.38317 -8.04933,
				-1.51402 -4.76526 -8.72288,
				-6.1836 -14.0697 -10.5758,
				-10.3093 -22.2904 -12.213,
				-21.7237 -45.0342 -16.7424,
				-250.057 -500 -107.349,
			]
		}
		coordIndex [
			0, 1, 2, 3, 4, 5, -1
		]
	}
}
#---------- POLYLINE
Shape {
	appearance Appearance {
		material Material {
			diffuseColor 0.5 0.5 0.5
			emissiveColor 0.5 0.5 0.5
		}
	}
	geometry IndexedLineSet {
		coord Coordinate {
			point [
				0.204979 -1.91763 -8.08916,
				2.69115 -4.21399 -8.79991,
				11.8147 -12.6409 -11.4081,
				14.5006 -15.1218 -12.176,
				35.8564 -34.8471 -18.2812,
				500 -463.553 -150.97,
			]
		}
		coordIndex [
			0, 1, 2, 3, 4, 5, -1
		]
	}
}
#---------- POLYLINE
Shape {
	appearance Appearance {
		material Material {
			diffuseColor 0.5 0.5 0.5
			emissiveColor 0.5 0.5 0.5
		}
	}
	geometry IndexedLineSet {
		coord Coordinate {
			point [
				0.204979 -1.91763 -8.08916,
				0.204971 -1.91764 -8.08916,
			]
		}
		coordIndex [
			0, 1, -1
		]
	}
}
#---------- POLYLINE
Shape {
	appearance Appearance {
		material Material {
			diffuseColor 0.5 0.5 0.5
			emissiveColor 0.5 0.5 0.5
		}
	}
	geometry IndexedLineSet {
		coord Coordinate {
			point [
				-1.81678 -2.82655 -17.9801,
			]
		}
		coordIndex [
			0, -1
		]
	}
}
#---------- POLYLINE
Shape {
	appearance Appearance {
		material Material {
			diffuseColor 0 0 1
			emissiveColor 0 0 1
		}
	}
	geometry IndexedLineSet {
		coord Coordinate {
			point [
				-1.81678 -2.82655 -17.9801,
				-1.95454 -2.78297 -17.9478,
				-1.99534 -2.75181 -17.8304,
				-2.09089 -2.73043 -17.8699,
				-2.14941 -2.72084 -17.9247,
				-2.17493 -2.70656 -17.976,
				-2.18205 -2.7485 -17.9932,
				-2.16861 -2.78002 -18.0075,
				-2.14684 -2.79571 -18.0174,
				-2.13668 -2.78095 -18.034,
				-2.14309 -2.7766 -18.0412,
				-2.14311 -2.77653 -18.0412,
			]
		}
		coordIndex [
			0, 1, 2, 3, 4, 5, 6, 7, 8, 9, 
			10, 11, -1
		]
	}
}
#---------- POLYLINE
Shape {
	appearance Appearance {
		material Material {
			diffuseColor 0 1 0
			emissiveColor 0 1 0
		}
	}
	geometry IndexedLineSet {
		coord Coordinate {
			point [
				-2.14311 -2.77653 -18.0412,
				-3.43372 -3.6345 -18.2768,
				-40.2586 -28.1147 -25,
				-500 -333.738 -108.936,
			]
		}
		coordIndex [
			0, 1, 2, 3, -1
		]
	}
}
#---------- POLYLINE
Shape {
	appearance Appearance {
		material Material {
			diffuseColor 0 1 0
			emissiveColor 0 1 0
		}
	}
	geometry IndexedLineSet {
		coord Coordinate {
			point [
				-2.14311 -2.77653 -18.0412,
				1.74141 -0.194208 -17.332,
				-2.38759 -3.96343 20,
				-2.9406 -4.46825 25,
				-55.4766 -52.4266 500,
			]
		}
		coordIndex [
			0, 1, 2, 3, 4, -1
		]
	}
}
#---------- POLYLINE
Shape {
	appearance Appearance {
		material Material {
			diffuseColor 0.5 0.5 0.5
			emissiveColor 0.5 0.5 0.5
		}
	}
	geometry IndexedLineSet {
		coord Coordinate {
			point [
				-1.81678 -2.82655 -17.9801,
				-4.32502 -2.50883 -19.1678,
				-16.6415 -0.948692 -25,
				-500 60.2784 -253.884,
			]
		}
		coordIndex [
			0, 1, 2, 3, -1
		]
	}
}
#---------- POLYLINE
Shape {
	appearance Appearance {
		material Material {
			diffuseColor 0.5 0.5 0.5
			emissiveColor 0.5 0.5 0.5
		}
	}
	geometry IndexedLineSet {
		coord Coordinate {
			point [
				-1.81678 -2.82655 -17.9801,
				-1.81677 -2.82655 -17.9801,
			]
		}
		coordIndex [
			0, 1, -1
		]
	}
}
#---------- POLYLINE
Shape {
	appearance Appearance {
		material Material {
			diffuseColor 0.5 0.5 0.5
			emissiveColor 0.5 0.5 0.5
		}
	}
	geometry IndexedLineSet {
		coord Coordinate {
			point [
				4.68368 0.63879 -1.47881,
			]
		}
		coordIndex [
			0, -1
		]
	}
}
#---------- POLYLINE
Shape {
	appearance Appearance {
		material Material {
			diffuseColor 0 0 1
			emissiveColor 0 0 1
		}
	}
	geometry IndexedLineSet {
		coord Coordinate {
			point [
				4.68368 0.63879 -1.47881,
				4.66541 0.662974 -1.42495,
				4.70641 0.662189 -1.3963,
				4.71133 0.625011 -1.37786,
				4.72468 0.594458 -1.36464,
				4.73647 0.572667 -1.35276,
				4.73863 0.550855 -1.34859,
				4.74037 0.546941 -1.3463,
				4.74042 0.546835 -1.34625,
			]
		}
		coordIndex [
			0, 1, 2, 3, 4, 5, 6, 7, 8, -1
		]
	}
}
#---------- POLYLINE
Shape {
	appearance Appearance {
		material Material {
			diffuseColor 0 1 0
			emissiveColor 0 1 0
		}
	}
	geometry IndexedLineSet {
		coord Coordinate {
			point [
				4.74042 0.546835 -1.34625,
				0.973154 -4.90438 -5.40745,
				-5.76092 -14.6486 -12.6669,
				-10.9815 -22.2027 -18.2948,
				-11.1617 -22.4634 -18.489,
				-9.74656 -25.3436 -18.2985,
				16.0549 -4.57057 1.63267,
				15.6445 -2.4556 3.5502,
				15.0423 0.64868 6.3647,
				12.9604 11.3791 16.0935,
				-5.33222 -34.2556 -25,
				-192.025 -500 -444.397,
			]
		}
		coordIndex [
			0, 1, 2, 3, 4, 5, 6, 7, 8, 9, 
			10, 11, -1
		]
	}
}
#---------- POLYLINE
Shape {
	appearance Appearance {
		material Material {
			diffuseColor 0 1 0
			emissiveColor 0 1 0
		}
	}
	geometry IndexedLineSet {
		coord Coordinate {
			point [
				4.74042 0.546835 -1.34625,
				4.9317 0.823617 -1.14005,
				6.15455 2.59307 0.178205,
				31.8286 35.4231 25,
				395.141 500 376.253,
			]
		}
		coordIndex [
			0, 1, 2, 3, 4, -1
		]
	}
}
#---------- POLYLINE
Shape {
	appearance Appearance {
		material Material {
			diffuseColor 0.5 0.5 0.5
			emissiveColor 0.5 0.5 0.5
		}
	}
	geometry IndexedLineSet {
		coord Coordinate {
			point [
				4.68368 0.63879 -1.47881,
				4.90464 -0.971852 -0.818243,
				6.63708 -13.5999 4.36087,
				7.75781 -21.7691 7.71128,
				11.4486 -48.6717 18.7448,
				73.3662 -500 203.847,
			]
		}
		coordIndex [
			0, 1, 2, 3, 4, 5, -1
		]
	}
}
#---------- POLYLINE
Shape {
	appearance Appearance {
		material Material {
			diffuseColor 0.5 0.5 0.5
			emissiveColor 0.5 0.5 0.5
		}
	}
	geometry IndexedLineSet {
		coord Coordinate {
			point [
				4.68368 0.63879 -1.47881,
				4.68368 0.638795 -1.47882,
			]
		}
		coordIndex [
			0, 1, -1
		]
	}
}
#---------- POLYLINE
Shape {
	appearance Appearance {
		material Material {
			diffuseColor 0.5 0.5 0.5
			emissiveColor 0.5 0.5 0.5
		}
	}
	geometry IndexedLineSet {
		coord Coordinate {
			point [
				-2.54219 0.33612 -19.0351,
			]
		}
		coordIndex [
			0, -1
		]
	}
}
#---------- POLYLINE
Shape {
	appearance Appearance {
		material Material {
			diffuseColor 0 0 1
			emissiveColor 0 0 1
		}
	}
	geometry IndexedLineSet {
		coord Coordinate {
			point [
				-2.54219 0.33612 -19.0351,
				-2.58688 0.180458 -18.9339,
				-2.58606 0.0549742 -18.829,
				-2.58037 -0.0780561 -18.7907,
				-2.62574 -0.181445 -18.7984,
				-2.71792 -0.194224 -18.7893,
				-2.77735 -0.238315 -18.786,
				-2.83576 -0.239135 -18.7882,
				-2.85611 -0.198627 -18.7757,
				-2.87497 -0.166718 -18.7654,
				-2.86612 -0.144686 -18.7666,
				-2.85663 -0.13071 -18.759,
				-2.8604 -0.131805 -18.7571,
				-2.86055 -0.131715 -18.7568,
			]
		}
		coordIndex [
			0, 1, 2, 3, 4, 5, 6, 7, 8, 9, 
			10, 11, 12, 13, -1
		]
	}
}
#---------- POLYLINE
Shape {
	appearance Appearance {
		material Material {
			diffuseColor 0 1 0
			emissiveColor 0 1 0
		}
	}
	geometry IndexedLineSet {
		coord Coordinate {
			point [
				-2.86055 -0.131715 -18.7568,
				-2.90897 0.982022 -20,
				-3.10368 5.46144 -25,
				-21.6017 431.006 -500,
			]
		}
		coordIndex [
			0, 1, 2, 3, -1
		]
	}
}
#---------- POLYLINE
Shape {
	appearance Appearance {
		material Material {
			diffuseColor 0 1 0
			emissiveColor 0 1 0
		}
	}
	geometry IndexedLineSet {
		coord Coordinate {
			point [
				-2.86055 -0.131715 -18.7568,
				-2.73034 -3.12722 -15.4132,
				-1.64682 -4.72101 -8.35925,
				3.47733 -12.2583 25,
				76.4397 -119.581 500,
			]
		}
		coordIndex [
			0, 1, 2, 3, 4, -1
		]
	}
}
#---------- POLYLINE
Shape {
	appearance Appearance {
		material Material {
			diffuseColor 0.5 0.5 0.5
			emissiveColor 0.5 0.5 0.5
		}
	}
	geometry IndexedLineSet {
		coord Coordinate {
			point [
				-2.54219 0.33612 -19.0351,
				-4.99937 -0.0791323 -17.7028,
				-15.346 -1.82766 -12.0929,
				-23.795 -3.25549 -7.51185,
				-49.4211 -7.58619 6.38261,
				-500 -83.7317 250.686,
			]
		}
		coordIndex [
			0, 1, 2, 3, 4, 5, -1
		]
	}
}
#---------- POLYLINE
Shape {
	appearance Appearance {
		material Material {
			diffuseColor 0.5 0.5 0.5
			emissiveColor 0.5 0.5 0.5
		}
	}
	geometry IndexedLineSet {
		coord Coordinate {
			point [
				-2.54219 0.33612 -19.0351,
				-2.54218 0.336129 -19.0351,
			]
		}
		coordIndex [
			0, 1, -1
		]
	}
}
#---------- POLYLINE
Shape {
	appearance Appearance {
		material Material {
			diffuseColor 0.5 0.5 0.5
			emissiveColor 0.5 0.5 0.5
		}
	}
	geometry IndexedLineSet {
		coord Coordinate {
			point [
				-1.07397 -3.64209 10.6119,
			]
		}
		coordIndex [
			0, -1
		]
	}
}
#---------- POLYLINE
Shape {
	appearance Appearance {
		material Material {
			diffuseColor 0 0 1
			emissiveColor 0 0 1
		}
	}
	geometry IndexedLineSet {
		coord Coordinate {
			point [
				-1.07397 -3.64209 10.6119,
				-0.997389 -3.67458 10.6906,
				-0.91272 -3.69809 10.7511,
				-0.824139 -3.68471 10.7455,
				-0.594864 -3.62223 10.7368,
				-0.512606 -3.47886 10.6468,
				-0.41923 -3.35656 10.6415,
				-0.342308 -3.25365 10.6585,
				-0.275063 -3.20448 10.7313,
				-0.229626 -3.16787 10.8032,
				-0.171919 -3.16213 10.7494,
				-0.113956 -3.13793 10.7441,
				-0.0830631 -3.09948 10.7281,
				-0.0672918 -3.06196 10.7178,
				-0.0747659 -3.03493 10.7029,
				-0.077001 -3.00904 10.7032,
				-0.0773472 -3.00711 10.7036,
				-0.0772308 -3.00713 10.7037,
			]
		}
		coordIndex [
			0, 1, 2, 3, 4, 5, 6, 7, 8, 9, 
			10, 11, 12, 13, 14, 15, 16, 17, -1
		]
	}
}
#---------- POLYLINE
Shape {
	appearance Appearance {
		material Material {
			diffuseColor 0 1 0
			emissiveColor 0 1 0
		}
	}
	geometry IndexedLineSet {
		coord Coordinate {
			point [
				-0.0772308 -3.00713 10.7037,
				1.6599 -4.71643 7.44198,
				9.40327 -12.3357 -7.09737,
				14.9733 -17.8165 -17.5559,
				18.9379 -21.7176 -25,
				271.913 -270.64 -500,
			]
		}
		coordIndex [
			0, 1, 2, 3, 4, 5, -1
		]
	}
}
#---------- POLYLINE
Shape {
	appearance Appearance {
		material Material {
			diffuseColor 0 1 0
			emissiveColor 0 1 0
		}
	}
	geometry IndexedLineSet {
		coord Coordinate {
			point [
				-0.0772308 -3.00713 10.7037,
				-4.74262 1.58351 19.4637,
				-7.69115 4.48479 25,
				-260.667 253.407 500,
			]
		}
		coordIndex [
			0, 1, 2, 3, -1
		]
	}
}
#---------- POLYLINE
Shape {
	appearance Appearance {
		material Material {
			diffuseColor 0.5 0.5 0.5
			emissiveColor 0.5 0.5 0.5
		}
	}
	geometry IndexedLineSet {
		coord Coordinate {
			point [
				-1.07397 -3.64209 10.6119,
				2.93249 -4.04976 8.80839,
				49.2266 -8.76032 -12.0308,
				500 -54.6279 -214.945,
			]
		}
		coordIndex [
			0, 1, 2, 3, -1
		]
	}
}
#---------- POLYLINE
Shape {
	appearance Appearance {
		material Material {
			diffuseColor 0.5 0.5 0.5
			emissiveColor 0.5 0.5 0.5
		}
	}
	geometry IndexedLineSet {
		coord Coordinate {
			point [
				-1.07397 -3.64209 10.6119,
				-1.07398 -3.64208 10.6119,
			]
		}
		coordIndex [
			0, 1, -1
		]
	}
}
#---------- POLYLINE
Shape {
	appearance Appearance {
		material Material {
			diffuseColor 0.5 0.5 0.5
			emissiveColor 0.5 0.5 0.5
		}
	}
	geometry IndexedLineSet {
		coord Coordinate {
			point [
				-0.942447 1.60372 19.6377,
			]
		}
		coordIndex [
			0, -1
		]
	}
}
#---------- POLYLINE
Shape {
	appearance Appearance {
		material Material {
			diffuseColor 0 0 1
			emissiveColor 0 0 1
		}
	}
	geometry IndexedLineSet {
		coord Coordinate {
			point [
				-0.942447 1.60372 19.6377,
				-0.960752 1.62529 19.6636,
				-0.966695 1.64619 19.688,
				-0.949067 1.66003 19.7039,
				-0.940569 1.67907 19.6963,
				-0.944469 1.69349 19.701,
				-0.944528 1.69393 19.7014,
			]
		}
		coordIndex [
			0, 1, 2, 3, 4, 5, 6, -1
		]
	}
}
#---------- POLYLINE
Shape {
	appearance Appearance {
		material Material {
			diffuseColor 0 1 0
			emissiveColor 0 1 0
		}
	}
	geometry IndexedLineSet {
		coord Coordinate {
			point [
				-0.944528 1.69393 19.7014,
				-0.790203 2.51691 20,
				1.3849 14.1162 24.2084,
				-0.507934 18.9536 24.1262,
				-3.51498 42.1659 24.3091,
				-1.85864 42.0177 25,
				500 -2.8816 234.33,
			]
		}
		coordIndex [
			0, 1, 2, 3, 4, 5, 6, -1
		]
	}
}
#---------- POLYLINE
Shape {
	appearance Appearance {
		material Material {
			diffuseColor 0 1 0
			emissiveColor 0 1 0
		}
	}
	geometry IndexedLineSet {
		coord Coordinate {
			point [
				-0.944528 1.69393 19.7014,
				-2.11202 -4.53204 17.4425,
				-10.4319 -48.8997 1.34517,
				-95.0224 -500 -162.322,
			]
		}
		coordIndex [
			0, 1, 2, 3, -1
		]
	}
}
#---------- POLYLINE
Shape {
	appearance Appearance {
		material Material {
			diffuseColor 0.5 0.5 0.5
			emissiveColor 0.5 0.5 0.5
		}
	}
	geometry IndexedLineSet {
		coord Coordinate {
			point [
				-0.942447 1.60372 19.6377,
				-4.5826 -1.99995 19.6128,
				-36.7782 -33.8728 19.3927,
				-500 -492.451 16.2265,
			]
		}
		coordIndex [
			0, 1, 2, 3, -1
		]
	}
}
#---------- POLYLINE
Shape {
	appearance Appearance {
		material Material {
			diffuseColor 0.5 0.5 0.5
			emissiveColor 0.5 0.5 0.5
		}
	}
	geometry IndexedLineSet {
		coord Coordinate {
			point [
				-0.942447 1.60372 19.6377,
				-0.942438 1.60372 19.6377,
			]
		}
		coordIndex [
			0, 1, -1
		]
	}
}
#---------- POLYLINE
Shape {
	appearance Appearance {
		material Material {
			diffuseColor 0.5 0.5 0.5
			emissiveColor 0.5 0.5 0.5
		}
	}
	geometry IndexedLineSet {
		coord Coordinate {
			point [
				-3.19996 1.53807 -1.10759,
			]
		}
		coordIndex [
			0, -1
		]
	}
}
#---------- POLYLINE
Shape {
	appearance Appearance {
		material Material {
			diffuseColor 0 0 1
			emissiveColor 0 0 1
		}
	}
	geometry IndexedLineSet {
		coord Coordinate {
			point [
				-3.19996 1.53807 -1.10759,
				-3.33557 1.64522 -1.04438,
				-3.49309 1.65813 -1.03206,
				-3.62449 1.67948 -1.02389,
				-3.68938 1.7583 -1.02359,
				-3.77238 1.77961 -1.00119,
				-3.82233 1.82725 -1.03108,
				-3.84118 1.8769 -1.05084,
				-3.8157 1.8863 -1.01259,
				-3.80726 1.92595 -1.00609,
				-3.77271 1.93044 -1.00418,
				-3.74476 1.93305 -1.00413,
				-3.73305 1.91194 -0.999149,
				-3.7282 1.89741 -1.01033,
				-3.72619 1.89638 -1.01267,
			]
		}
		coordIndex [
			0, 1, 2, 3, 4, 5, 6, 7, 8, 9, 
			10, 11, 12, 13, 14, -1
		]
	}
}
#---------- POLYLINE
Shape {
	appearance Appearance {
		material Material {
			diffuseColor 0 1 0
			emissiveColor 0 1 0
		}
	}
	geometry IndexedLineSet {
		coord Coordinate {
			point [
				-3.72619 1.89638 -1.01267,
				-2.56968 4.28914 -5.65441,
				2.25034 14.2615 -25,
				120.598 259.118 -500,
			]
		}
		coordIndex [
			0, 1, 2, 3, -1
		]
	}
}
#---------- POLYLINE
Shape {
	appearance Appearance {
		material Material {
			diffuseColor 0 1 0
			emissiveColor 0 1 0
		}
	}
	geometry IndexedLineSet {
		coord Coordinate {
			point [
				-3.72619 1.89638 -1.01267,
				-4.95744 -0.651005 3.92904,
				-10.2074 -11.5128 25,
				-128.555 -256.369 500,
			]
		}
		coordIndex [
			0, 1, 2, 3, -1
		]
	}
}
#---------- POLYLINE
Shape {
	appearance Appearance {
		material Material {
			diffuseColor 0.5 0.5 0.5
			emissiveColor 0.5 0.5 0.5
		}
	}
	geometry IndexedLineSet {
		coord Coordinate {
			point [
				-3.19996 1.53807 -1.10759,
				1.77606 -4.67393 -0.212274,
				8.16447 -12.6491 0.937164,
				14.1381 -20.1065 2.01197,
				30.0459 -39.9655 4.8742,
				398.55 -500 71.1776,
			]
		}
		coordIndex [
			0, 1, 2, 3, 4, 5, -1
		]
	}
}
#---------- POLYLINE
Shape {
	appearance Appearance {
		material Material {
			diffuseColor 0.5 0.5 0.5
			emissiveColor 0.5 0.5 0.5
		}
	}
	geometry IndexedLineSet {
		coord Coordinate {
			point [
				-3.19996 1.53807 -1.10759,
				-3.19996 1.53807 -1.10759,
			]
		}
		coordIndex [
			0, 1, -1
		]
	}
}
#---------- POLYLINE
Shape {
	appearance Appearance {
		material Material {
			diffuseColor 0.5 0.5 0.5
			emissiveColor 0.5 0.5 0.5
		}
	}
	geometry IndexedLineSet {
		coord Coordinate {
			point [
				-0.0650482 -1.79895 19.5541,
			]
		}
		coordIndex [
			0, -1
		]
	}
}
#---------- POLYLINE
Shape {
	appearance Appearance {
		material Material {
			diffuseColor 0 0 1
			emissiveColor 0 0 1
		}
	}
	geometry IndexedLineSet {
		coord Coordinate {
			point [
				-0.0650482 -1.79895 19.5541,
				-0.110765 -1.79736 19.5157,
				-0.156642 -1.80245 19.4855,
				-0.197423 -1.82924 19.4652,
				-0.239276 -1.84381 19.4411,
				-0.274999 -1.84655 19.4107,
				-0.35488 -1.83352 19.3133,
				-0.396722 -1.81485 19.2207,
				-0.41452 -1.81893 19.1378,
				-0.367266 -1.79685 19.0897,
				-0.319024 -1.76125 19.0857,
				-0.274992 -1.74369 19.0994,
				-0.266418 -1.71085 19.124,
				-0.266099 -1.67676 19.119,
				-0.274947 -1.65116 19.108,
				-0.260925 -1.63258 19.1033,
				-0.246363 -1.63669 19.0982,
				-0.246195 -1.63682 19.098,
			]
		}
		coordIndex [
			0, 1, 2, 3, 4, 5, 6, 7, 8, 9, 
			10, 11, 12, 13, 14, 15, 16, 17, -1
		]
	}
}
#---------- POLYLINE
Shape {
	appearance Appearance {
		material Material {
			diffuseColor 0 1 0
			emissiveColor 0 1 0
		}
	}
	geometry IndexedLineSet {
		coord Coordinate {
			point [
				-0.246195 -1.63682 19.098,
				4.81552 -1.34565 12.2158,
				15.0576 -0.756469 -1.70977,
				24.9966 -0.184724 -15.2234,
				32.1871 0.228913 -25,
				381.542 20.3256 -500,
			]
		}
		coordIndex [
			0, 1, 2, 3, 4, 5, -1
		]
	}
}
#---------- POLYLINE
Shape {
	appearance Appearance {
		material Material {
			diffuseColor 0 1 0
			emissiveColor 0 1 0
		}
	}
	geometry IndexedLineSet {
		coord Coordinate {
			point [
				-0.246195 -1.63682 19.098,
				-0.90961 -1.67498 20,
				-4.58703 -1.88653 25,
				-353.941 -21.9832 500,
			]
		}
		coordIndex [
			0, 1, 2, 3, -1
		]
	}
}
#---------- POLYLINE
Shape {
	appearance Appearance {
		material Material {
			diffuseColor 0.5 0.5 0.5
			emissiveColor 0.5 0.5 0.5
		}
	}
	geometry IndexedLineSet {
		coord Coordinate {
			point [
				-0.0650482 -1.79895 19.5541,
				4.24016 -2.64973 18.9033,
				48.6758 -11.4309 12.1868,
				500 -100.62 -56.0323,
			]
		}
		coordIndex [
			0, 1, 2, 3, -1
		]
	}
}
#---------- POLYLINE
Shape {
	appearance Appearance {
		material Material {
			diffuseColor 0.5 0.5 0.5
			emissiveColor 0.5 0.5 0.5
		}
	}
	geometry IndexedLineSet {
		coord Coordinate {
			point [
				-0.0650482 -1.79895 19.5541,
				-0.0650464 -1.79894 19.5541,
			]
		}
		coordIndex [
			0, 1, -1
		]
	}
}
#---------- POLYLINE
Shape {
	appearance Appearance {
		material Material {
			diffuseColor 0.5 0.5 0.5
			emissiveColor 0.5 0.5 0.5
		}
	}
	geometry IndexedLineSet {
		coord Coordinate {
			point [
				-2.09111 -4.44732 1.75519,
			]
		}
		coordIndex [
			0, -1
		]
	}
}
#---------- POLYLINE
Shape {
	appearance Appearance {
		material Material {
			diffuseColor 0 0 1
			emissiveColor 0 0 1
		}
	}
	geometry IndexedLineSet {
		coord Coordinate {
			point [
				-2.09111 -4.44732 1.75519,
				-2.06554 -4.48943 1.76294,
				-2.04526 -4.52049 1.79155,
				-2.03038 -4.54374 1.81816,
				-2.02156 -4.55888 1.83342,
				-2.01597 -4.56762 1.84126,
				-2.01278 -4.57293 1.84507,
				-2.01117 -4.57585 1.84668,
				-2.01091 -4.57631 1.84692,
				-2.01088 -4.57637 1.84695,
				-2.01071 -4.57666 1.84711,
				-2.01056 -4.57692 1.84724,
				-2.01008 -4.57772 1.84765,
				-2.00973 -4.57832 1.84795,
				-2.00964 -4.57846 1.84802,
				-2.00957 -4.57859 1.84808,
				-2.00923 -4.57923 1.84839,
				-2.00921 -4.57926 1.8484,
				-2.00917 -4.57934 1.84844,
				-2.00909 -4.57949 1.84852,
				-2.00883 -4.58001 1.84877,
				-2.00873 -4.58018 1.84884,
				-2.00863 -4.58034 1.84891,
				-2.00854 -4.58047 1.84897,
				-2.00838 -4.58074 1.84907,
				-2.00751 -4.58208 1.84959,
				-2.00609 -4.58397 1.85041,
				-2.00513 -4.58682 1.85258,
				-2.0036 -4.5914 1.85605,
				-2.00093 -4.59939 1.86049,
				-1.99506 -4.61271 1.86639,
				-1.99391 -4.63687 1.87388,
				-1.99502 -4.66136 1.88031,
				-2.00066 -4.68406 1.88038,
				-2.00891 -4.70467 1.87856,
				-2.01524 -4.71898 1.87311,
				-2.02219 -4.73166 1.86817,
				-2.03232 -4.74032 1.86713,
				-2.04412 -4.74512 1.86443,
				-2.08618 -4.75826 1.85092,
				-2.11112 -4.76433 1.86595,
				-2.13468 -4.76208 1.87237,
				-2.14742 -4.75148 1.88391,
				-2.14733 -4.75127 1.88448,
			]
		}
		coordIndex [
			0, 1, 2, 3, 4, 5, 6, 7, 8, 9, 
			10, 11, 12, 13, 14, 15, 16, 17, 18, 19, 
			20, 21, 22, 23, 24, 25, 26, 27, 28, 29, 
			30, 31, 32, 33, 34, 35, 36, 37, 38, 39, 
			40, 41, 42, 43, -1
		]
	}
}
#---------- POLYLINE
Shape {
	appearance Appearance {
		material Material {
			diffuseColor 0 1 0
			emissiveColor 0 1 0
		}
	}
	geometry IndexedLineSet {
		coord Coordinate {
			point [
				-2.14733 -4.75127 1.88448,
				-1.42161 -4.79364 0.390871,
				0.85405 -4.92652 -4.29275,
				10.9152 -5.514 -25,
				241.707 -18.99 -500,
			]
		}
		coordIndex [
			0, 1, 2, 3, 4, -1
		]
	}
}
#---------- POLYLINE
Shape {
	appearance Appearance {
		material Material {
			diffuseColor 0 1 0
			emissiveColor 0 1 0
		}
	}
	geometry IndexedLineSet {
		coord Coordinate {
			point [
				-2.14733 -4.75127 1.88448,
				-13.3786 -4.09547 25,
				-244.17 9.38054 500,
			]
		}
		coordIndex [
			0, 1, 2, -1
		]
	}
}
#---------- POLYLINE
Shape {
	appearance Appearance {
		material Material {
			diffuseColor 0.5 0.5 0.5
			emissiveColor 0.5 0.5 0.5
		}
	}
	geometry IndexedLineSet {
		coord Coordinate {
			point [
				-2.09111 -4.44732 1.75519,
				1.06413 -4.88545 0.175684,
				48.6608 -11.4946 -23.6511,
				500 -74.166 -249.591,
			]
		}
		coordIndex [
			0, 1, 2, 3, -1
		]
	}
}
#---------- POLYLINE
Shape {
	appearance Appearance {
		material Material {
			diffuseColor 0.5 0.5 0.5
			emissiveColor 0.5 0.5 0.5
		}
	}
	geometry IndexedLineSet {
		coord Coordinate {
			point [
				-2.09111 -4.44732 1.75519,
				-2.09112 -4.44732 1.75519,
			]
		}
		coordIndex [
			0, 1, -1
		]
	}
}
#---------- POLYLINE
Shape {
	appearance Appearance {
		material Material {
			diffuseColor 0.5 0.5 0.5
			emissiveColor 0.5 0.5 0.5
		}
	}
	geometry IndexedLineSet {
		coord Coordinate {
			point [
				4.32827 0.0243217 -18.7931,
			]
		}
		coordIndex [
			0, -1
		]
	}
}
#---------- POLYLINE
Shape {
	appearance Appearance {
		material Material {
			diffuseColor 0 0 1
			emissiveColor 0 0 1
		}
	}
	geometry IndexedLineSet {
		coord Coordinate {
			point [
				4.32827 0.0243217 -18.7931,
				4.3432 0.046429 -18.9168,
				4.31729 0.0418018 -19.0232,
				4.37694 0.0652623 -19.0876,
				4.39638 0.0502022 -19.1572,
				4.43123 0.0807218 -19.198,
				4.47209 0.0899508 -19.2267,
				4.51056 0.0923593 -19.2479,
				4.53281 0.0749656 -19.2709,
				4.56272 0.0753266 -19.2752,
				4.58391 0.0765332 -19.2834,
				4.58912 0.0766493 -19.2886,
				4.58959 0.076397 -19.2887,
			]
		}
		coordIndex [
			0, 1, 2, 3, 4, 5, 6, 7, 8, 9, 
			10, 11, 12, -1
		]
	}
}
#---------- POLYLINE
Shape {
	appearance Appearance {
		material Material {
			diffuseColor 0 1 0
			emissiveColor 0 1 0
		}
	}
	geometry IndexedLineSet {
		coord Coordinate {
			point [
				4.58959 0.076397 -19.2887,
				3.3013 3.75518 -4.79291,
				0.653506 11.3161 25,
				-41.5613 131.863 500,
			]
		}
		coordIndex [
			0, 1, 2, 3, -1
		]
	}
}
#---------- POLYLINE
Shape {
	appearance Appearance {
		material Material {
			diffuseColor 0 1 0
			emissiveColor 0 1 0
		}
	}
	geometry IndexedLineSet {
		coord Coordinate {
			point [
				4.58959 0.076397 -19.2887,
				4.65281 -0.104111 -20,
				5.09717 -1.37302 -25,
				47.312 -121.92 -500,
			]
		}
		coordIndex [
			0, 1, 2, 3, -1
		]
	}
}
#---------- POLYLINE
Shape {
	appearance Appearance {
		material Material {
			diffuseColor 0.5 0.5 0.5
			emissiveColor 0.5 0.5 0.5
		}
	}
	geometry IndexedLineSet {
		coord Coordinate {
			point [
				4.32827 0.0243217 -18.7931,
				-4.55814 2.05508 5.34501,
				-11.7941 3.70867 25,
				-186.664 43.6708 500,
			]
		}
		coordIndex [
			0, 1, 2, 3, -1
		]
	}
}
#---------- POLYLINE
Shape {
	appearance Appearance {
		material Material {
			diffuseColor 0.5 0.5 0.5
			emissiveColor 0.5 0.5 0.5
		}
	}
	geometry IndexedLineSet {
		coord Coordinate {
			point [
				4.32827 0.0243217 -18.7931,
				4.32827 0.0243196 -18.7931,
			]
		}
		coordIndex [
			0, 1, -1
		]
	}
}
#---------- POLYLINE
Shape {
	appearance Appearance {
		material Material {
			diffuseColor 0.5 0.5 0.5
			emissiveColor 0.5 0.5 0.5
		}
	}
	geometry IndexedLineSet {
		coord Coordinate {
			point [
				2.00029 -2.2182 0.28288,
			]
		}
		coordIndex [
			0, -1
		]
	}
}
#---------- POLYLINE
Shape {
	appearance Appearance {
		material Material {
			diffuseColor 0 0 1
			emissiveColor 0 0 1
		}
	}
	geometry IndexedLineSet {
		coord Coordinate {
			point [
				2.00029 -2.2182 0.28288,
				2.2168 -1.94989 0.276724,
				2.22196 -1.71644 0.455003,
				2.18707 -1.56998 0.616341,
				2.12672 -1.52378 0.750428,
				2.07463 -1.47926 0.843533,
				2.05519 -1.38234 0.840971,
				1.99902 -1.3333 0.864239,
				1.96994 -1.28428 0.897952,
				1.95563 -1.23763 0.922117,
				1.952 -1.20516 0.947539,
				1.94084 -1.17889 0.931708,
				1.91983 -1.1644 0.922594,
				1.91983 -1.16439 0.922578,
			]
		}
		coordIndex [
			0, 1, 2, 3, 4, 5, 6, 7, 8, 9, 
			10, 11, 12, 13, -1
		]
	}
}
#---------- POLYLINE
Shape {
	appearance Appearance {
		material Material {
			diffuseColor 0 1 0
			emissiveColor 0 1 0
		}
	}
	geometry IndexedLineSet {
		coord Coordinate {
			point [
				1.91983 -1.16439 0.922578,
				4.99712 0.169718 1.51329,
				46.5723 18.1939 9.49395,
				500 214.769 96.5327,
			]
		}
		coordIndex [
			0, 1, 2, 3, -1
		]
	}
}
#---------- POLYLINE
Shape {
	appearance Appearance {
		material Material {
			diffuseColor 0 1 0
			emissiveColor 0 1 0
		}
	}
	geometry IndexedLineSet {
		coord Coordinate {
			point [
				1.91983 -1.16439 0.922578,
				-3.53977 -3.5313 -0.12543,
				-45.115 -21.5555 -8.10609,
				-500 -218.763 -95.4246,
			]
		}
		coordIndex [
			0, 1, 2, 3, -1
		]
	}
}
#---------- POLYLINE
Shape {
	appearance Appearance {
		material Material {
			diffuseColor 0.5 0.5 0.5
			emissiveColor 0.5 0.5 0.5
		}
	}
	geometry IndexedLineSet {
		coord Coordinate {
			point [
				2.00029 -2.2182 0.28288,
				3.37021 -3.69347 1.21199,
				11.6091 -12.566 6.79981,
				14.84 -16.0454 8.99107,
				33.9909 -36.669 21.9796,
				464.235 -500 313.78,
			]
		}
		coordIndex [
			0, 1, 2, 3, 4, 5, -1
		]
	}
}
#---------- POLYLINE
Shape {
	appearance Appearance {
		material Material {
			diffuseColor 0.5 0.5 0.5
			emissiveColor 0.5 0.5 0.5
		}
	}
	geometry IndexedLineSet {
		coord Coordinate {
			point [
				2.00029 -2.2182 0.28288,
				2.00028 -2.21821 0.282879,
			]
		}
		coordIndex [
			0, 1, -1
		]
	}
}
#---------- POLYLINE
Shape {
	appearance Appearance {
		material Material {
			diffuseColor 0.5 0.5 0.5
			emissiveColor 0.5 0.5 0.5
		}
	}
	geometry IndexedLineSet {
		coord Coordinate {
			point [
				0.935733 2.38315 -3.36316,
			]
		}
		coordIndex [
			0, -1
		]
	}
}
#---------- POLYLINE
Shape {
	appearance Appearance {
		material Material {
			diffuseColor 0 0 1
			emissiveColor 0 0 1
		}
	}
	geometry IndexedLineSet {
		coord Coordinate {
			point [
				0.935733 2.38315 -3.36316,
				0.990251 2.40073 -3.39499,
				0.986127 2.42672 -3.43875,
				0.983454 2.45998 -3.46511,
				1.00464 2.47853 -3.4563,
				1.02706 2.48233 -3.45043,
				1.039 2.48908 -3.44911,
				1.03873 2.48921 -3.44956,
			]
		}
		coordIndex [
			0, 1, 2, 3, 4, 5, 6, 7, -1
		]
	}
}
#---------- POLYLINE
Shape {
	appearance Appearance {
		material Material {
			diffuseColor 0 1 0
			emissiveColor 0 1 0
		}
	}
	geometry IndexedLineSet {
		coord Coordinate {
			point [
				1.03873 2.48921 -3.44956,
				4.8923 1.0322 -4.0354,
				16.1919 -3.2401 -5.75321,
				16.3696 -3.30728 -5.78022,
				23.1824 -3.8565 -11.1644,
				24.4281 -3.95693 -12.1489,
				22.9933 -4.005 -14.145,
				18.7848 -4.14601 -20,
				15.1909 -4.26643 -25,
				-326.231 -15.7062 -500,
			]
		}
		coordIndex [
			0, 1, 2, 3, 4, 5, 6, 7, 8, 9, -1
		]
	}
}
#---------- POLYLINE
Shape {
	appearance Appearance {
		material Material {
			diffuseColor 0 1 0
			emissiveColor 0 1 0
		}
	}
	geometry IndexedLineSet {
		coord Coordinate {
			point [
				1.03873 2.48921 -3.44956,
				-2.98558 4.01077 -2.83777,
				-6.85396 5.47338 -2.24968,
				-14.4883 -15.0965 13.3105,
				-14.8391 -16.0418 14.0256,
				-20.2235 -30.5494 25,
				-194.455 -500 380.119,
			]
		}
		coordIndex [
			0, 1, 2, 3, 4, 5, 6, -1
		]
	}
}
#---------- POLYLINE
Shape {
	appearance Appearance {
		material Material {
			diffuseColor 0.5 0.5 0.5
			emissiveColor 0.5 0.5 0.5
		}
	}
	geometry IndexedLineSet {
		coord Coordinate {
			point [
				0.935733 2.38315 -3.36316,
				-2.54174 4.30576 1.73617,
				-18.4064 13.077 25,
				-342.331 192.167 500,
			]
		}
		coordIndex [
			0, 1, 2, 3, -1
		]
	}
}
#---------- POLYLINE
Shape {
	appearance Appearance {
		material Material {
			diffuseColor 0.5 0.5 0.5
			emissiveColor 0.5 0.5 0.5
		}
	}
	geometry IndexedLineSet {
		coord Coordinate {
			point [
				0.935733 2.38315 -3.36316,
				0.935731 2.38314 -3.36316,
			]
		}
		coordIndex [
			0, 1, -1
		]
	}
}
#---------- POLYLINE
Shape {
	appearance Appearance {
		material Material {
			diffuseColor 0.5 0.5 0.5
			emissiveColor 0.5 0.5 0.5
		}
	}
	geometry IndexedLineSet {
		coord Coordinate {
			point [
				-1.05992 1.03613 -3.60633,
			]
		}
		coordIndex [
			0, -1
		]
	}
}
#---------- POLYLINE
Shape {
	appearance Appearance {
		material Material {
			diffuseColor 0 0 1
			emissiveColor 0 0 1
		}
	}
	geometry IndexedLineSet {
		coord Coordinate {
			point [
				-1.05992 1.03613 -3.60633,
				-1.07044 1.02493 -3.58725,
				-1.07726 1.01785 -3.57867,
				-1.07743 1.01717 -3.57859,
			]
		}
		coordIndex [
			0, 1, 2, 3, -1
		]
	}
}
#---------- POLYLINE
Shape {
	appearance Appearance {
		material Material {
			diffuseColor 0 1 0
			emissiveColor 0 1 0
		}
	}
	geometry IndexedLineSet {
		coord Coordinate {
			point [
				-1.07743 1.01717 -3.57859,
				-2.20643 -4.48683 -3.74801,
				-8.5121 -35.2275 -4.69425,
				-12.5061 -48.4107 3.53721,
				-149.32 -500 285.505,
			]
		}
		coordIndex [
			0, 1, 2, 3, 4, -1
		]
	}
}
#---------- POLYLINE
Shape {
	appearance Appearance {
		material Material {
			diffuseColor 0 1 0
			emissiveColor 0 1 0
		}
	}
	geometry IndexedLineSet {
		coord Coordinate {
			point [
				-1.07743 1.01717 -3.57859,
				-0.261861 4.99314 -3.45621,
				7.96593 45.1044 -2.22153,
				8.95412 49.1917 2.07521,
				117.945 500 475.982,
			]
		}
		coordIndex [
			0, 1, 2, 3, 4, -1
		]
	}
}
#---------- POLYLINE
Shape {
	appearance Appearance {
		material Material {
			diffuseColor 0.5 0.5 0.5
			emissiveColor 0.5 0.5 0.5
		}
	}
	geometry IndexedLineSet {
		coord Coordinate {
			point [
				-1.05992 1.03613 -3.60633,
				-4.99417 -0.241449 -1.71126,
				-17.3971 -4.26909 4.26309,
				-19.5982 -4.98383 5.32329,
				-47.9445 -14.1888 18.9774,
				-500 -160.986 236.726,
			]
		}
		coordIndex [
			0, 1, 2, 3, 4, 5, -1
		]
	}
}
#---------- POLYLINE
Shape {
	appearance Appearance {
		material Material {
			diffuseColor 0.5 0.5 0.5
			emissiveColor 0.5 0.5 0.5
		}
	}
	geometry IndexedLineSet {
		coord Coordinate {
			point [
				-1.05992 1.03613 -3.60633,
				-1.05991 1.03613 -3.60634,
			]
		}
		coordIndex [
			0, 1, -1
		]
	}
}
#---------- POLYLINE
Shape {
	appearance Appearance {
		material Material {
			diffuseColor 0.5 0.5 0.5
			emissiveColor 0.5 0.5 0.5
		}
	}
	geometry IndexedLineSet {
		coord Coordinate {
			point [
				2.65723 0.509441 -3.6985,
			]
		}
		coordIndex [
			0, -1
		]
	}
}
#---------- POLYLINE
Shape {
	appearance Appearance {
		material Material {
			diffuseColor 0 0 1
			emissiveColor 0 0 1
		}
	}
	geometry IndexedLineSet {
		coord Coordinate {
			point [
				2.65723 0.509441 -3.6985,
				2.65784 0.521256 -3.72593,
				2.63972 0.536451 -3.71665,
				2.62288 0.53555 -3.70467,
				2.6212 0.53111 -3.69776,
				2.6216 0.531235 -3.69787,
			]
		}
		coordIndex [
			0, 1, 2, 3, 4, 5, -1
		]
	}
}
#---------- POLYLINE
Shape {
	appearance Appearance {
		material Material {
			diffuseColor 0 1 0
			emissiveColor 0 1 0
		}
	}
	geometry IndexedLineSet {
		coord Coordinate {
			point [
				2.6216 0.531235 -3.69787,
				4.59307 1.97577 -4.426,
				14.3972 9.15947 -8.047,
				13.5646 8.01368 -25,
				-9.76495 -24.0897 -500,
			]
		}
		coordIndex [
			0, 1, 2, 3, 4, -1
		]
	}
}
#---------- POLYLINE
Shape {
	appearance Appearance {
		material Material {
			diffuseColor 0 1 0
			emissiveColor 0 1 0
		}
	}
	geometry IndexedLineSet {
		coord Coordinate {
			point [
				2.6216 0.531235 -3.69787,
				-3.26801 -3.78419 -1.52264,
				-27.4957 -21.5363 7.42547,
				-21.8381 -21.4234 8.22104,
				-28.0926 -21.6151 13.9375,
				-46.0291 -19.5276 12.1143,
				-500 33.3074 -34.0304,
			]
		}
		coordIndex [
			0, 1, 2, 3, 4, 5, 6, -1
		]
	}
}
#---------- POLYLINE
Shape {
	appearance Appearance {
		material Material {
			diffuseColor 0.5 0.5 0.5
			emissiveColor 0.5 0.5 0.5
		}
	}
	geometry IndexedLineSet {
		coord Coordinate {
			point [
				2.65723 0.509441 -3.6985,
				3.99426 3.00763 -5.77729,
				9.01949 12.3971 -13.5904,
				13.142 20.0998 -20,
				16.3579 26.1086 -25,
				269.984 500 -419.334,
			]
		}
		coordIndex [
			0, 1, 2, 3, 4, 5, -1
		]
	}
}
#---------- POLYLINE
Shape {
	appearance Appearance {
		material Material {
			diffuseColor 0.5 0.5 0.5
			emissiveColor 0.5 0.5 0.5
		}
	}
	geometry IndexedLineSet {
		coord Coordinate {
			point [
				2.65723 0.509441 -3.6985,
				2.65723 0.509432 -3.69849,
			]
		}
		coordIndex [
			0, 1, -1
		]
	}
}
#---------- POLYLINE
Shape {
	appearance Appearance {
		material Material {
			diffuseColor 0.5 0.5 0.5
			emissiveColor 0.5 0.5 0.5
		}
	}
	geometry IndexedLineSet {
		coord Coordinate {
			point [
				2.73736 2.67516 -16.2302,
			]
		}
		coordIndex [
			0, -1
		]
	}
}
#---------- POLYLINE
Shape {
	appearance Appearance {
		material Material {
			diffuseColor 0.5 0.5 0.5
			emissiveColor 0.5 0.5 0.5
		}
	}
	geometry IndexedLineSet {
		coord Coordinate {
			point [
				2.73736 2.67516 -16.2302,
				3.57098 3.49973 -17.67,
				7.81478 7.69743 -25,
				282.824 279.719 -500,
			]
		}
		coordIndex [
			0, 1, 2, 3, -1
		]
	}
}
#---------- POLYLINE
Shape {
	appearance Appearance {
		material Material {
			diffuseColor 0.5 0.5 0.5
			emissiveColor 0.5 0.5 0.5
		}
	}
	geometry IndexedLineSet {
		coord Coordinate {
			point [
				2.73736 2.67516 -16.2302,
				2.73735 2.67514 -16.2302,
			]
		}
		coordIndex [
			0, 1, -1
		]
	}
}
#---------- POLYLINE
Shape {
	appearance Appearance {
		material Material {
			diffuseColor 1 0 0
			emissiveColor 1 0 0
		}
	}
	geometry IndexedLineSet {
		coord Coordinate {
			point [
				2.73736 2.67516 -16.2302,
				2.73736 2.67516 -16.2302,
			]
		}
		coordIndex [
			0, 1, -1
		]
	}
}
#---------- POLYLINE
Shape {
	appearance Appearance {
		material Material {
			diffuseColor 1 0 0
			emissiveColor 1 0 0
		}
	}
	geometry IndexedLineSet {
		coord Coordinate {
			point [
				2.73736 2.67516 -16.2302,
				2.73736 2.67516 -16.2302,
			]
		}
		coordIndex [
			0, 1, -1
		]
	}
}
#---------- POLYLINE
Shape {
	appearance Appearance {
		material Material {
			diffuseColor 0.5 0.5 0.5
			emissiveColor 0.5 0.5 0.5
		}
	}
	geometry IndexedLineSet {
		coord Coordinate {
			point [
				1.9345 -0.417166 7.63443,
			]
		}
		coordIndex [
			0, -1
		]
	}
}
#---------- POLYLINE
Shape {
	appearance Appearance {
		material Material {
			diffuseColor 0 0 1
			emissiveColor 0 0 1
		}
	}
	geometry IndexedLineSet {
		coord Coordinate {
			point [
				1.9345 -0.417166 7.63443,
				2.03105 -0.679064 7.51457,
				2.21198 -0.791728 7.38528,
				2.38421 -0.890991 7.39112,
				2.48825 -0.985108 7.30464,
				2.56191 -1.09799 7.29697,
				2.61674 -1.16483 7.24428,
				2.67007 -1.19615 7.18494,
				2.67855 -1.25396 7.15636,
				2.68757 -1.29879 7.13906,
				2.7056 -1.32006 7.1698,
				2.71577 -1.33461 7.19059,
				2.72758 -1.34456 7.20794,
				2.73188 -1.34948 7.22099,
				2.73437 -1.3491 7.22209,
			]
		}
		coordIndex [
			0, 1, 2, 3, 4, 5, 6, 7, 8, 9, 
			10, 11, 12, 13, 14, -1
		]
	}
}
#---------- POLYLINE
Shape {
	appearance Appearance {
		material Material {
			diffuseColor 0 1 0
			emissiveColor 0 1 0
		}
	}
	geometry IndexedLineSet {
		coord Coordinate {
			point [
				2.73437 -1.3491 7.22209,
				3.69442 -3.36916 6.53552,
				8.11438 -12.6692 3.37465,
				12.3999 -21.6864 0.309914,
				23.1547 -44.3155 -7.38119,
				239.724 -500 -162.258,
			]
		}
		coordIndex [
			0, 1, 2, 3, 4, 5, -1
		]
	}
}
#---------- POLYLINE
Shape {
	appearance Appearance {
		material Material {
			diffuseColor 0 1 0
			emissiveColor 0 1 0
		}
	}
	geometry IndexedLineSet {
		coord Coordinate {
			point [
				2.73437 -1.3491 7.22209,
				-0.27941 4.99219 9.37734,
				-5.30787 15.5726 12.9734,
				-8.37639 22.029 15.1678,
				-19.7397 45.9385 23.294,
				-235.538 500 177.619,
			]
		}
		coordIndex [
			0, 1, 2, 3, 4, 5, -1
		]
	}
}
#---------- POLYLINE
Shape {
	appearance Appearance {
		material Material {
			diffuseColor 0.5 0.5 0.5
			emissiveColor 0.5 0.5 0.5
		}
	}
	geometry IndexedLineSet {
		coord Coordinate {
			point [
				1.9345 -0.417166 7.63443,
				0.437356 -4.98084 0.637609,
				-5.04846 -21.7029 -25,
				-106.687 -331.521 -500,
			]
		}
		coordIndex [
			0, 1, 2, 3, -1
		]
	}
}
#---------- POLYLINE
Shape {
	appearance Appearance {
		material Material {
			diffuseColor 0.5 0.5 0.5
			emissiveColor 0.5 0.5 0.5
		}
	}
	geometry IndexedLineSet {
		coord Coordinate {
			point [
				1.9345 -0.417166 7.63443,
				1.9345 -0.417153 7.63444,
			]
		}
		coordIndex [
			0, 1, -1
		]
	}
}
#---------- POLYLINE
Shape {
	appearance Appearance {
		material Material {
			diffuseColor 0.5 0.5 0.5
			emissiveColor 0.5 0.5 0.5
		}
	}
	geometry IndexedLineSet {
		coord Coordinate {
			point [
				3.25648 -1.19712 2.38363,
			]
		}
		coordIndex [
			0, -1
		]
	}
}
#---------- POLYLINE
Shape {
	appearance Appearance {
		material Material {
			diffuseColor 0 0 1
			emissiveColor 0 0 1
		}
	}
	geometry IndexedLineSet {
		coord Coordinate {
			point [
				3.25648 -1.19712 2.38363,
				3.29094 -1.29835 2.41462,
				3.33526 -1.38486 2.40674,
				3.39609 -1.43319 2.38312,
				3.37211 -1.45807 2.33792,
				3.34887 -1.45362 2.29558,
				3.33287 -1.44085 2.29453,
				3.33166 -1.43212 2.28943,
				3.33188 -1.43237 2.28923,
			]
		}
		coordIndex [
			0, 1, 2, 3, 4, 5, 6, 7, 8, -1
		]
	}
}
#---------- POLYLINE
Shape {
	appearance Appearance {
		material Material {
			diffuseColor 0 1 0
			emissiveColor 0 1 0
		}
	}
	geometry IndexedLineSet {
		coord Coordinate {
			point [
				3.33188 -1.43237 2.28923,
				4.5587 -2.05384 1.34573,
				18.1109 -8.91905 -9.07677,
				38.4549 -31.9565 -14.5779,
				451.777 -500 -126.342,
			]
		}
		coordIndex [
			0, 1, 2, 3, 4, -1
		]
	}
}
#---------- POLYLINE
Shape {
	appearance Appearance {
		material Material {
			diffuseColor 0 1 0
			emissiveColor 0 1 0
		}
	}
	geometry IndexedLineSet {
		coord Coordinate {
			point [
				3.33188 -1.43237 2.28923,
				-4.35272 2.46046 8.19917,
				-16.679 8.70465 17.6789,
				-42.2111 26.7997 17.0288,
				-500 351.242 5.37363,
			]
		}
		coordIndex [
			0, 1, 2, 3, 4, -1
		]
	}
}
#---------- POLYLINE
Shape {
	appearance Appearance {
		material Material {
			diffuseColor 0.5 0.5 0.5
			emissiveColor 0.5 0.5 0.5
		}
	}
	geometry IndexedLineSet {
		coord Coordinate {
			point [
				3.25648 -1.19712 2.38363,
				4.99589 0.202691 6.18195,
				13.6135 7.13781 25,
				231.137 182.192 500,
			]
		}
		coordIndex [
			0, 1, 2, 3, -1
		]
	}
}
#---------- POLYLINE
Shape {
	appearance Appearance {
		material Material {
			diffuseColor 0.5 0.5 0.5
			emissiveColor 0.5 0.5 0.5
		}
	}
	geometry IndexedLineSet {
		coord Coordinate {
			point [
				3.25648 -1.19712 2.38363,
				3.25647 -1.19712 2.38363,
			]
		}
		coordIndex [
			0, 1, -1
		]
	}
}
#---------- POLYLINE
Shape {
	appearance Appearance {
		material Material {
			diffuseColor 0.5 0.5 0.5
			emissiveColor 0.5 0.5 0.5
		}
	}
	geometry IndexedLineSet {
		coord Coordinate {
			point [
				1.2751 -3.07679 -13.6284,
			]
		}
		coordIndex [
			0, -1
		]
	}
}
#---------- POLYLINE
Shape {
	appearance Appearance {
		material Material {
			diffuseColor 0 0 1
			emissiveColor 0 0 1
		}
	}
	geometry IndexedLineSet {
		coord Coordinate {
			point [
				1.2751 -3.07679 -13.6284,
				1.10225 -3.02003 -13.681,
				1.01127 -2.97607 -13.8038,
				0.936305 -2.96068 -13.9155,
				0.832102 -2.96352 -13.9663,
				0.733263 -2.95921 -13.9812,
				0.676834 -2.92557 -14.0334,
				0.651736 -2.90162 -14.0927,
				0.641565 -2.86389 -14.1328,
				0.608493 -2.83647 -14.1327,
				0.575068 -2.83398 -14.1487,
				0.548423 -2.82461 -14.1626,
				0.525838 -2.8236 -14.1744,
				0.535014 -2.83554 -14.1873,
				0.534781 -2.83567 -14.1877,
			]
		}
		coordIndex [
			0, 1, 2, 3, 4, 5, 6, 7, 8, 9, 
			10, 11, 12, 13, 14, -1
		]
	}
}
#---------- POLYLINE
Shape {
	appearance Appearance {
		material Material {
			diffuseColor 0 1 0
			emissiveColor 0 1 0
		}
	}
	geometry IndexedLineSet {
		coord Coordinate {
			point [
				0.534781 -2.83567 -14.1877,
				0.519456 -4.97294 -14.3845,
				0.196591 -49.9996 -18.5292,
				-3.03015 -500 -59.9518,
			]
		}
		coordIndex [
			0, 1, 2, 3, -1
		]
	}
}
#---------- POLYLINE
Shape {
	appearance Appearance {
		material Material {
			diffuseColor 0 1 0
			emissiveColor 0 1 0
		}
	}
	geometry IndexedLineSet {
		coord Coordinate {
			point [
				0.534781 -2.83567 -14.1877,
				0.570177 2.10067 -13.7333,
				4.80469 -1.38381 -15.0591,
				36.5567 -27.5117 -25,
				193.025 -156.266 -73.9871,
				139.19 -500 180.179,
			]
		}
		coordIndex [
			0, 1, 2, 3, 4, 5, -1
		]
	}
}
#---------- POLYLINE
Shape {
	appearance Appearance {
		material Material {
			diffuseColor 1 0 0
			emissiveColor 1 0 0
		}
	}
	geometry IndexedLineSet {
		coord Coordinate {
			point [
				193.025 -156.266 -73.9871,
				193.418 -156.268 -74.3118,
				199.886 -156.523 -77.3985,
				203.802 -159.226 -80.7137,
				204.207 -161.772 -83.7824,
				204.873 -163.668 -84.379,
				206.031 -166.353 -83.9748,
				207.032 -167.865 -82.5038,
				208.65 -168.337 -81.8765,
				209.423 -169.492 -81.2868,
				209.591 -170.648 -81.9452,
				209.693 -171.173 -82.7952,
				209.117 -171.823 -82.6677,
				208.927 -172.313 -83.2335,
				209.048 -173.041 -83.3475,
				208.939 -173.568 -83.5355,
				208.879 -173.866 -83.7526,
				208.84 -174.13 -83.7342,
				208.886 -174.342 -83.7642,
				208.785 -174.448 -83.6872,
				208.846 -174.557 -83.6595,
				208.897 -174.666 -83.6438,
				208.981 -174.709 -83.6332,
				209.039 -174.738 -83.6173,
				209.018 -174.686 -83.5829,
				208.985 -174.65 -83.5441,
				209.005 -174.674 -83.5882,
				208.998 -174.638 -83.6204,
			]
		}
		coordIndex [
			0, 1, 2, 3, 4, 5, 6, 7, 8, 9, 
			10, 11, 12, 13, 14, 15, 16, 17, 18, 19, 
			20, 21, 22, 23, 24, 25, 26, 27, -1
		]
	}
}
#---------- POLYLINE
Shape {
	appearance Appearance {
		material Material {
			diffuseColor 1 0 0
			emissiveColor 1 0 0
		}
	}
	geometry IndexedLineSet {
		coord Coordinate {
			point [
				204.873 -163.668 -84.379,
				204.849 -163.685 -84.4208,
				204.828 -163.688 -84.4639,
				204.833 -163.711 -84.5007,
				204.837 -163.713 -84.5108,
				204.837 -163.716 -84.5104,
				204.837 -163.717 -84.5112,
				204.836 -163.717 -84.5109,
			]
		}
		coordIndex [
			0, 1, 2, 3, 4, 5, 6, 7, -1
		]
	}
}
#---------- POLYLINE
Shape {
	appearance Appearance {
		material Material {
			diffuseColor 0 1 0
			emissiveColor 0 1 0
		}
	}
	geometry IndexedLineSet {
		coord Coordinate {
			point [
				204.207 -161.772 -83.7824,
				203.898 -162.158 -83.7886,
			]
		}
		coordIndex [
			0, 1, -1
		]
	}
}
#---------- POLYLINE
Shape {
	appearance Appearance {
		material Material {
			diffuseColor 1 0 0
			emissiveColor 1 0 0
		}
	}
	geometry IndexedLineSet {
		coord Coordinate {
			point [
				193.418 -156.268 -74.3118,
				193.416 -156.268 -74.31,
			]
		}
		coordIndex [
			0, 1, -1
		]
	}
}
#---------- POLYLINE
Shape {
	appearance Appearance {
		material Material {
			diffuseColor 0.5 0.5 0.5
			emissiveColor 0.5 0.5 0.5
		}
	}
	geometry IndexedLineSet {
		coord Coordinate {
			point [
				1.2751 -3.07679 -13.6284,
				-4.86368 1.15959 -19.5047,
				-10.6044 5.12126 -25,
				-500 342.853 -493.473,
			]
		}
		coordIndex [
			0, 1, 2, 3, -1
		]
	}
}
#---------- POLYLINE
Shape {
	appearance Appearance {
		material Material {
			diffuseColor 0.5 0.5 0.5
			emissiveColor 0.5 0.5 0.5
		}
	}
	geometry IndexedLineSet {
		coord Coordinate {
			point [
				1.2751 -3.07679 -13.6284,
				1.27512 -3.0768 -13.6284,
			]
		}
		coordIndex [
			0, 1, -1
		]
	}
}
#---------- POLYLINE
Shape {
	appearance Appearance {
		material Material {
			diffuseColor 0.5 0.5 0.5
			emissiveColor 0.5 0.5 0.5
		}
	}
	geometry IndexedLineSet {
		coord Coordinate {
			point [
				-3.7959 2.11769 -2.14563,
			]
		}
		coordIndex [
			0, -1
		]
	}
}
#---------- POLYLINE
Shape {
	appearance Appearance {
		material Material {
			diffuseColor 0 0 1
			emissiveColor 0 0 1
		}
	}
	geometry IndexedLineSet {
		coord Coordinate {
			point [
				-3.7959 2.11769 -2.14563,
				-3.70568 2.18266 -2.23545,
				-3.61761 2.18174 -2.30236,
				-3.59993 2.15878 -2.38824,
				-3.57998 2.11005 -2.43611,
				-3.59398 2.07038 -2.43829,
				-3.57054 2.05022 -2.41981,
				-3.55356 2.04043 -2.39673,
				-3.53417 2.03422 -2.38378,
				-3.53463 2.04053 -2.37497,
				-3.53409 2.04071 -2.37487,
			]
		}
		coordIndex [
			0, 1, 2, 3, 4, 5, 6, 7, 8, 9, 
			10, -1
		]
	}
}
#---------- POLYLINE
Shape {
	appearance Appearance {
		material Material {
			diffuseColor 0 1 0
			emissiveColor 0 1 0
		}
	}
	geometry IndexedLineSet {
		coord Coordinate {
			point [
				-3.53409 2.04071 -2.37487,
				-4.454 2.27198 -1.5037,
				-21.5564 6.57167 14.6925,
				-43.8072 24.1025 22.0691,
				-500 383.527 173.305,
			]
		}
		coordIndex [
			0, 1, 2, 3, 4, -1
		]
	}
}
#---------- POLYLINE
Shape {
	appearance Appearance {
		material Material {
			diffuseColor 0 1 0
			emissiveColor 0 1 0
		}
	}
	geometry IndexedLineSet {
		coord Coordinate {
			point [
				-3.53409 2.04071 -2.37487,
				4.99891 -0.104553 -10.4557,
				20.3569 -3.96568 -25,
				500 -124.552 -479.229,
			]
		}
		coordIndex [
			0, 1, 2, 3, -1
		]
	}
}
#---------- POLYLINE
Shape {
	appearance Appearance {
		material Material {
			diffuseColor 0.5 0.5 0.5
			emissiveColor 0.5 0.5 0.5
		}
	}
	geometry IndexedLineSet {
		coord Coordinate {
			point [
				-3.7959 2.11769 -2.14563,
				-3.55434 3.51662 -2.83253,
				4.24105 48.6625 -25,
				82.1741 500 -246.615,
			]
		}
		coordIndex [
			0, 1, 2, 3, -1
		]
	}
}
#---------- POLYLINE
Shape {
	appearance Appearance {
		material Material {
			diffuseColor 0.5 0.5 0.5
			emissiveColor 0.5 0.5 0.5
		}
	}
	geometry IndexedLineSet {
		coord Coordinate {
			point [
				-3.7959 2.11769 -2.14563,
				-3.79591 2.11768 -2.14562,
			]
		}
		coordIndex [
			0, 1, -1
		]
	}
}
#---------- POLYLINE
Shape {
	appearance Appearance {
		material Material {
			diffuseColor 0.5 0.5 0.5
			emissiveColor 0.5 0.5 0.5
		}
	}
	geometry IndexedLineSet {
		coord Coordinate {
			point [
				17.0405 2.83987 -16.8844,
			]
		}
		coordIndex [
			0, -1
		]
	}
}
#---------- POLYLINE
Shape {
	appearance Appearance {
		material Material {
			diffuseColor 0 0 1
			emissiveColor 0 0 1
		}
	}
	geometry IndexedLineSet {
		coord Coordinate {
			point [
				17.0405 2.83987 -16.8844,
				17.1218 2.84957 -16.7312,
				17.0685 2.86907 -16.593,
				16.9785 2.82509 -16.5114,
				16.8757 2.84024 -16.4829,
				16.7986 2.82531 -16.5261,
				16.7434 2.82019 -16.5743,
				16.708 2.81599 -16.5979,
				16.7034 2.80379 -16.6209,
				16.7067 2.80602 -16.6406,
				16.7052 2.80199 -16.6483,
			]
		}
		coordIndex [
			0, 1, 2, 3, 4, 5, 6, 7, 8, 9, 
			10, -1
		]
	}
}
#---------- POLYLINE
Shape {
	appearance Appearance {
		material Material {
			diffuseColor 0 1 0
			emissiveColor 0 1 0
		}
	}
	geometry IndexedLineSet {
		coord Coordinate {
			point [
				16.7052 2.80199 -16.6483,
				15.2948 1.69159 -16.2374,
				-5.66436 -14.8096 -10.1306,
				-13.4384 -20.9301 -7.86547,
				-33.7321 -36.9073 -1.95255,
				-500 -404 133.903,
			]
		}
		coordIndex [
			0, 1, 2, 3, 4, 5, -1
		]
	}
}
#---------- POLYLINE
Shape {
	appearance Appearance {
		material Material {
			diffuseColor 0 1 0
			emissiveColor 0 1 0
		}
	}
	geometry IndexedLineSet {
		coord Coordinate {
			point [
				16.7052 2.80199 -16.6483,
				19.4599 4.97074 -17.451,
				43.793 24.1282 -24.5409,
				500 383.3 -157.465,
			]
		}
		coordIndex [
			0, 1, 2, 3, -1
		]
	}
}
#---------- POLYLINE
Shape {
	appearance Appearance {
		material Material {
			diffuseColor 0.5 0.5 0.5
			emissiveColor 0.5 0.5 0.5
		}
	}
	geometry IndexedLineSet {
		coord Coordinate {
			point [
				17.0405 2.83987 -16.8844,
				19.4953 4.97447 -15.3014,
				43.0396 25.4478 -0.118232,
				500 422.806 294.565,
			]
		}
		coordIndex [
			0, 1, 2, 3, -1
		]
	}
}
#---------- POLYLINE
Shape {
	appearance Appearance {
		material Material {
			diffuseColor 0.5 0.5 0.5
			emissiveColor 0.5 0.5 0.5
		}
	}
	geometry IndexedLineSet {
		coord Coordinate {
			point [
				17.0405 2.83987 -16.8844,
				17.0405 2.83986 -16.8844,
			]
		}
		coordIndex [
			0, 1, -1
		]
	}
}
#---------- POLYLINE
Shape {
	appearance Appearance {
		material Material {
			diffuseColor 0.5 0.5 0.5
			emissiveColor 0.5 0.5 0.5
		}
	}
	geometry IndexedLineSet {
		coord Coordinate {
			point [
				23.4663 -0.801779 -5.99565,
			]
		}
		coordIndex [
			0, -1
		]
	}
}
#---------- POLYLINE
Shape {
	appearance Appearance {
		material Material {
			diffuseColor 0 0 1
			emissiveColor 0 0 1
		}
	}
	geometry IndexedLineSet {
		coord Coordinate {
			point [
				23.4663 -0.801779 -5.99565,
				23.5317 -0.509663 -5.99269,
				23.7399 -0.387689 -6.0903,
				23.883 -0.35313 -6.24721,
				23.9485 -0.264384 -6.39872,
				23.9548 -0.127359 -6.42669,
				23.9763 -0.103058 -6.54332,
				24.0011 -0.0346481 -6.62039,
				24.0428 0.0164195 -6.67755,
				24.1164 0.00622227 -6.6952,
				24.1467 -0.0463174 -6.71116,
				24.1818 -0.0822377 -6.69425,
				24.2006 -0.118048 -6.67718,
				24.2075 -0.150017 -6.66101,
				24.2087 -0.166926 -6.64136,
				24.1894 -0.160372 -6.63987,
				24.1895 -0.161061 -6.63411,
				24.1894 -0.160968 -6.63387,
			]
		}
		coordIndex [
			0, 1, 2, 3, 4, 5, 6, 7, 8, 9, 
			10, 11, 12, 13, 14, 15, 16, 17, -1
		]
	}
}
#---------- POLYLINE
Shape {
	appearance Appearance {
		material Material {
			diffuseColor 0 1 0
			emissiveColor 0 1 0
		}
	}
	geometry IndexedLineSet {
		coord Coordinate {
			point [
				24.1894 -0.160968 -6.63387,
				24.9748 -0.500999 -6.70646,
				48.8148 -10.822 -8.90967,
				500 -206.154 -50.6067,
			]
		}
		coordIndex [
			0, 1, 2, 3, -1
		]
	}
}
#---------- POLYLINE
Shape {
	appearance Appearance {
		material Material {
			diffuseColor 0 1 0
			emissiveColor 0 1 0
		}
	}
	geometry IndexedLineSet {
		coord Coordinate {
			point [
				24.1894 -0.160968 -6.63387,
				16.2303 3.28476 -5.89832,
				-6.96479 13.3267 -3.75471,
				-14.9744 16.7942 -3.01449,
				-41.2958 28.1896 -0.581952,
				-500 226.777 41.8099,
			]
		}
		coordIndex [
			0, 1, 2, 3, 4, 5, -1
		]
	}
}
#---------- POLYLINE
Shape {
	appearance Appearance {
		material Material {
			diffuseColor 0.5 0.5 0.5
			emissiveColor 0.5 0.5 0.5
		}
	}
	geometry IndexedLineSet {
		coord Coordinate {
			point [
				23.4663 -0.801779 -5.99565,
				23.6958 -3.36769 -7.41755,
				26.5326 -35.0963 -25,
				68.0991 -500 -282.627,
			]
		}
		coordIndex [
			0, 1, 2, 3, -1
		]
	}
}
#---------- POLYLINE
Shape {
	appearance Appearance {
		material Material {
			diffuseColor 0.5 0.5 0.5
			emissiveColor 0.5 0.5 0.5
		}
	}
	geometry IndexedLineSet {
		coord Coordinate {
			point [
				23.4663 -0.801779 -5.99565,
				23.4663 -0.801789 -5.99565,
			]
		}
		coordIndex [
			0, 1, -1
		]
	}
}
#---------- POLYLINE
Shape {
	appearance Appearance {
		material Material {
			diffuseColor 0.5 0.5 0.5
			emissiveColor 0.5 0.5 0.5
		}
	}
	geometry IndexedLineSet {
		coord Coordinate {
			point [
				16.4845 -0.184838 -5.1542,
			]
		}
		coordIndex [
			0, -1
		]
	}
}
#---------- POLYLINE
Shape {
	appearance Appearance {
		material Material {
			diffuseColor 0 0 1
			emissiveColor 0 0 1
		}
	}
	geometry IndexedLineSet {
		coord Coordinate {
			point [
				16.4845 -0.184838 -5.1542,
				16.4172 -0.20559 -5.19749,
				16.3626 -0.181398 -5.17771,
				16.332 -0.156914 -5.14576,
				16.3152 -0.166119 -5.1078,
				16.3102 -0.185397 -5.0801,
				16.3016 -0.209004 -5.09207,
				16.2825 -0.225086 -5.0933,
				16.2848 -0.232328 -5.07781,
				16.2842 -0.235756 -5.07777,
				16.2842 -0.23594 -5.07762,
			]
		}
		coordIndex [
			0, 1, 2, 3, 4, 5, 6, 7, 8, 9, 
			10, -1
		]
	}
}
#---------- POLYLINE
Shape {
	appearance Appearance {
		material Material {
			diffuseColor 0 1 0
			emissiveColor 0 1 0
		}
	}
	geometry IndexedLineSet {
		coord Coordinate {
			point [
				16.2842 -0.23594 -5.07762,
				16.557 3.62574 -6.92726,
				19.2228 41.3579 -25,
				51.6256 500 -244.678,
			]
		}
		coordIndex [
			0, 1, 2, 3, -1
		]
	}
}
#---------- POLYLINE
Shape {
	appearance Appearance {
		material Material {
			diffuseColor 0 1 0
			emissiveColor 0 1 0
		}
	}
	geometry IndexedLineSet {
		coord Coordinate {
			point [
				16.2842 -0.23594 -5.07762,
				16.0815 -3.10565 -3.7031,
				12.8878 -48.3105 17.9489,
				-19.0239 -500 234.297,
			]
		}
		coordIndex [
			0, 1, 2, 3, -1
		]
	}
}
#---------- POLYLINE
Shape {
	appearance Appearance {
		material Material {
			diffuseColor 0.5 0.5 0.5
			emissiveColor 0.5 0.5 0.5
		}
	}
	geometry IndexedLineSet {
		coord Coordinate {
			point [
				16.4845 -0.184838 -5.1542,
				22.8934 4.07778 1.58495,
				45.1609 18.8882 25,
				496.881 319.333 500,
			]
		}
		coordIndex [
			0, 1, 2, 3, -1
		]
	}
}
#---------- POLYLINE
Shape {
	appearance Appearance {
		material Material {
			diffuseColor 0.5 0.5 0.5
			emissiveColor 0.5 0.5 0.5
		}
	}
	geometry IndexedLineSet {
		coord Coordinate {
			point [
				16.4845 -0.184838 -5.1542,
				16.4845 -0.184839 -5.1542,
			]
		}
		coordIndex [
			0, 1, -1
		]
	}
}
#---------- POLYLINE
Shape {
	appearance Appearance {
		material Material {
			diffuseColor 0.5 0.5 0.5
			emissiveColor 0.5 0.5 0.5
		}
	}
	geometry IndexedLineSet {
		coord Coordinate {
			point [
				23.2848 1.60829 6.24787,
			]
		}
		coordIndex [
			0, -1
		]
	}
}
#---------- POLYLINE
Shape {
	appearance Appearance {
		material Material {
			diffuseColor 0 0 1
			emissiveColor 0 0 1
		}
	}
	geometry IndexedLineSet {
		coord Coordinate {
			point [
				23.2848 1.60829 6.24787,
				23.335 1.88689 6.2352,
				23.2853 2.11532 6.2927,
				23.2279 2.29129 6.37526,
				23.187 2.45557 6.4219,
				23.0986 2.52428 6.49967,
				23.0814 2.59179 6.58682,
				23.0533 2.63211 6.64932,
				23.0364 2.68105 6.69043,
				23.0706 2.67556 6.73471,
				23.082 2.63937 6.75791,
				23.0891 2.60245 6.76492,
				23.0865 2.57254 6.77577,
				23.0791 2.55005 6.78274,
				23.0684 2.53753 6.78209,
				23.0679 2.53694 6.78265,
			]
		}
		coordIndex [
			0, 1, 2, 3, 4, 5, 6, 7, 8, 9, 
			10, 11, 12, 13, 14, 15, -1
		]
	}
}
#---------- POLYLINE
Shape {
	appearance Appearance {
		material Material {
			diffuseColor 0 1 0
			emissiveColor 0 1 0
		}
	}
	geometry IndexedLineSet {
		coord Coordinate {
			point [
				23.0679 2.53694 6.78265,
				24.9975 -0.158408 4.6718,
				43.0679 -25.4 -15.096,
				382.833 -500 -386.777,
			]
		}
		coordIndex [
			0, 1, 2, 3, -1
		]
	}
}
#---------- POLYLINE
Shape {
	appearance Appearance {
		material Material {
			diffuseColor 0 1 0
			emissiveColor 0 1 0
		}
	}
	geometry IndexedLineSet {
		coord Coordinate {
			point [
				23.0679 2.53694 6.78265,
				21.4608 4.78186 8.54075,
				14.3116 14.7682 16.3615,
				10.9855 19.4142 20,
				6.41484 25.7987 25,
				-333.065 500 396.369,
			]
		}
		coordIndex [
			0, 1, 2, 3, 4, 5, -1
		]
	}
}
#---------- POLYLINE
Shape {
	appearance Appearance {
		material Material {
			diffuseColor 0.5 0.5 0.5
			emissiveColor 0.5 0.5 0.5
		}
	}
	geometry IndexedLineSet {
		coord Coordinate {
			point [
				23.2848 1.60829 6.24787,
				24.8382 -1.26155 11.8878,
				28.4498 -7.93355 25,
				159.282 -249.633 500,
			]
		}
		coordIndex [
			0, 1, 2, 3, -1
		]
	}
}
#---------- POLYLINE
Shape {
	appearance Appearance {
		material Material {
			diffuseColor 0.5 0.5 0.5
			emissiveColor 0.5 0.5 0.5
		}
	}
	geometry IndexedLineSet {
		coord Coordinate {
			point [
				23.2848 1.60829 6.24787,
				23.2848 1.60828 6.24787,
			]
		}
		coordIndex [
			0, 1, -1
		]
	}
}
#---------- POLYLINE
Shape {
	appearance Appearance {
		material Material {
			diffuseColor 0.5 0.5 0.5
			emissiveColor 0.5 0.5 0.5
		}
	}
	geometry IndexedLineSet {
		coord Coordinate {
			point [
				18.079 2.57552 0.977686,
			]
		}
		coordIndex [
			0, -1
		]
	}
}
#---------- POLYLINE
Shape {
	appearance Appearance {
		material Material {
			diffuseColor 0 0 1
			emissiveColor 0 0 1
		}
	}
	geometry IndexedLineSet {
		coord Coordinate {
			point [
				18.079 2.57552 0.977686,
				17.8534 2.56758 0.999057,
				17.6757 2.6 1.07166,
				17.5654 2.6975 1.13707,
				17.4952 2.80114 1.20101,
				17.4114 2.87669 1.22605,
				17.4324 2.96995 1.25027,
				17.4118 3.022 1.31512,
				17.4182 3.07124 1.3606,
				17.3888 3.12065 1.35225,
				17.3769 3.16317 1.33404,
				17.3647 3.18037 1.2981,
				17.3504 3.19335 1.27244,
				17.3389 3.20997 1.25654,
				17.3246 3.20009 1.24838,
				17.3256 3.20019 1.24997,
				17.3256 3.20022 1.24989,
			]
		}
		coordIndex [
			0, 1, 2, 3, 4, 5, 6, 7, 8, 9, 
			10, 11, 12, 13, 14, 15, 16, -1
		]
	}
}
#---------- POLYLINE
Shape {
	appearance Appearance {
		material Material {
			diffuseColor 0 1 0
			emissiveColor 0 1 0
		}
	}
	geometry IndexedLineSet {
		coord Coordinate {
			point [
				17.3256 3.20022 1.24989,
				16.7174 3.77155 0.443843,
				-2.35729 21.6899 -24.8354,
				-2.77822 22.8323 -25,
				-178.59 500 -93.7285,
			]
		}
		coordIndex [
			0, 1, 2, 3, 4, -1
		]
	}
}
#---------- POLYLINE
Shape {
	appearance Appearance {
		material Material {
			diffuseColor 0 1 0
			emissiveColor 0 1 0
		}
	}
	geometry IndexedLineSet {
		coord Coordinate {
			point [
				17.3256 3.20022 1.24989,
				23.9692 -3.04062 10.0545,
				35.2465 -13.6342 25,
				393.662 -350.322 500,
			]
		}
		coordIndex [
			0, 1, 2, 3, -1
		]
	}
}
#---------- POLYLINE
Shape {
	appearance Appearance {
		material Material {
			diffuseColor 0.5 0.5 0.5
			emissiveColor 0.5 0.5 0.5
		}
	}
	geometry IndexedLineSet {
		coord Coordinate {
			point [
				18.079 2.57552 0.977686,
				19.1616 2.18176 20,
				19.4462 2.07826 25,
				46.48 -7.75429 500,
			]
		}
		coordIndex [
			0, 1, 2, 3, -1
		]
	}
}
#---------- POLYLINE
Shape {
	appearance Appearance {
		material Material {
			diffuseColor 0.5 0.5 0.5
			emissiveColor 0.5 0.5 0.5
		}
	}
	geometry IndexedLineSet {
		coord Coordinate {
			point [
				18.079 2.57552 0.977686,
				18.079 2.57552 0.97768,
			]
		}
		coordIndex [
			0, 1, -1
		]
	}
}
#---------- POLYLINE
Shape {
	appearance Appearance {
		material Material {
			diffuseColor 0.5 0.5 0.5
			emissiveColor 0.5 0.5 0.5
		}
	}
	geometry IndexedLineSet {
		coord Coordinate {
			point [
				22.16 -2.86772 -8.33663,
			]
		}
		coordIndex [
			0, -1
		]
	}
}
#---------- POLYLINE
Shape {
	appearance Appearance {
		material Material {
			diffuseColor 0 0 1
			emissiveColor 0 0 1
		}
	}
	geometry IndexedLineSet {
		coord Coordinate {
			point [
				22.16 -2.86772 -8.33663,
				22.1745 -2.87931 -8.32832,
				22.1767 -2.88173 -8.32519,
				22.1763 -2.88173 -8.3253,
			]
		}
		coordIndex [
			0, 1, 2, 3, -1
		]
	}
}
#---------- POLYLINE
Shape {
	appearance Appearance {
		material Material {
			diffuseColor 0 1 0
			emissiveColor 0 1 0
		}
	}
	geometry IndexedLineSet {
		coord Coordinate {
			point [
				22.1763 -2.88173 -8.3253,
				21.266 4.83706 -0.944087,
				18.0667 31.9677 25,
				-37.1261 500 472.563,
			]
		}
		coordIndex [
			0, 1, 2, 3, -1
		]
	}
}
#---------- POLYLINE
Shape {
	appearance Appearance {
		material Material {
			diffuseColor 0 1 0
			emissiveColor 0 1 0
		}
	}
	geometry IndexedLineSet {
		coord Coordinate {
			point [
				22.1763 -2.88173 -8.3253,
				22.3565 -4.40987 -9.78661,
				24.0053 -18.3913 -23.1565,
				33.0087 -19.998 -25,
				500 -103.334 -120.617,
			]
		}
		coordIndex [
			0, 1, 2, 3, 4, -1
		]
	}
}
#---------- POLYLINE
Shape {
	appearance Appearance {
		material Material {
			diffuseColor 0.5 0.5 0.5
			emissiveColor 0.5 0.5 0.5
		}
	}
	geometry IndexedLineSet {
		coord Coordinate {
			point [
				22.16 -2.86772 -8.33663,
				21.5402 -4.75685 -8.84067,
				6.85145 -49.5284 -20.7862,
				-140.941 -500 -140.978,
			]
		}
		coordIndex [
			0, 1, 2, 3, -1
		]
	}
}
#---------- POLYLINE
Shape {
	appearance Appearance {
		material Material {
			diffuseColor 0.5 0.5 0.5
			emissiveColor 0.5 0.5 0.5
		}
	}
	geometry IndexedLineSet {
		coord Coordinate {
			point [
				22.16 -2.86772 -8.33663,
				22.16 -2.86771 -8.33663,
			]
		}
		coordIndex [
			0, 1, -1
		]
	}
}
#---------- POLYLINE
Shape {
	appearance Appearance {
		material Material {
			diffuseColor 0.5 0.5 0.5
			emissiveColor 0.5 0.5 0.5
		}
	}
	geometry IndexedLineSet {
		coord Coordinate {
			point [
				15.3509 -1.44262 -0.579243,
			]
		}
		coordIndex [
			0, -1
		]
	}
}
#---------- POLYLINE
Shape {
	appearance Appearance {
		material Material {
			diffuseColor 0 0 1
			emissiveColor 0 0 1
		}
	}
	geometry IndexedLineSet {
		coord Coordinate {
			point [
				15.3509 -1.44262 -0.579243,
				15.3022 -1.43709 -0.568496,
				15.2613 -1.42828 -0.5709,
				15.2456 -1.39609 -0.594604,
				15.2322 -1.37269 -0.618182,
				15.2124 -1.3503 -0.634393,
				15.1967 -1.33352 -0.645594,
				15.1878 -1.32439 -0.653609,
				15.1816 -1.31892 -0.656902,
				15.1784 -1.3163 -0.658283,
				15.177 -1.31512 -0.658939,
				15.1766 -1.3148 -0.659116,
				15.176 -1.31429 -0.659383,
				15.1758 -1.31404 -0.659501,
				15.1757 -1.31401 -0.659515,
				15.1755 -1.31385 -0.659576,
				15.1752 -1.31359 -0.659683,
				15.1752 -1.31359 -0.659683,
				15.1743 -1.31277 -0.659998,
				15.1735 -1.3121 -0.660268,
				15.1721 -1.31113 -0.66047,
				15.1698 -1.30945 -0.660501,
				15.1666 -1.30634 -0.661001,
				15.162 -1.30155 -0.662145,
				15.1544 -1.29534 -0.664003,
				15.1414 -1.28733 -0.668098,
				15.1257 -1.27538 -0.678974,
				15.1127 -1.25988 -0.686557,
				15.0986 -1.24619 -0.690792,
				15.0874 -1.23278 -0.69806,
				15.073 -1.22191 -0.701567,
				15.0649 -1.21072 -0.702024,
				15.0572 -1.20057 -0.702404,
				15.0476 -1.19303 -0.701779,
				15.0396 -1.18481 -0.701315,
				15.0323 -1.17657 -0.701997,
				15.0258 -1.16894 -0.701881,
				15.0181 -1.16298 -0.702112,
				14.9871 -1.14314 -0.704486,
				14.9676 -1.12664 -0.720148,
				14.9555 -1.10433 -0.724426,
				14.9485 -1.08553 -0.721083,
				14.9498 -1.08871 -0.718125,
				14.9498 -1.08894 -0.718106,
			]
		}
		coordIndex [
			0, 1, 2, 3, 4, 5, 6, 7, 8, 9, 
			10, 11, 12, 13, 14, 15, 16, 17, 18, 19, 
			20, 21, 22, 23, 24, 25, 26, 27, 28, 29, 
			30, 31, 32, 33, 34, 35, 36, 37, 38, 39, 
			40, 41, 42, 43, -1
		]
	}
}
#---------- POLYLINE
Shape {
	appearance Appearance {
		material Material {
			diffuseColor 0 1 0
			emissiveColor 0 1 0
		}
	}
	geometry IndexedLineSet {
		coord Coordinate {
			point [
				14.9498 -1.08894 -0.718106,
				9.97474 -12.3001 0.0563868,
				6.2756 -20.636 0.632254,
				-6.56299 -49.5674 2.63091,
				-206.447 -500 33.748,
			]
		}
		coordIndex [
			0, 1, 2, 3, 4, -1
		]
	}
}
#---------- POLYLINE
Shape {
	appearance Appearance {
		material Material {
			diffuseColor 0 1 0
			emissiveColor 0 1 0
		}
	}
	geometry IndexedLineSet {
		coord Coordinate {
			point [
				14.9498 -1.08894 -0.718106,
				15.0681 -0.822338 -0.736524,
				17.3007 4.20877 -1.08409,
				32.3508 38.1238 -3.42702,
				237.313 500 -35.3346,
			]
		}
		coordIndex [
			0, 1, 2, 3, 4, -1
		]
	}
}
#---------- POLYLINE
Shape {
	appearance Appearance {
		material Material {
			diffuseColor 0.5 0.5 0.5
			emissiveColor 0.5 0.5 0.5
		}
	}
	geometry IndexedLineSet {
		coord Coordinate {
			point [
				15.3509 -1.44262 -0.579243,
				15.1094 1.04034 0.97131,
				13.8398 14.0975 9.12519,
				13.1509 21.1823 13.5495,
				11.3679 39.5185 25,
				-33.4085 500 312.56,
			]
		}
		coordIndex [
			0, 1, 2, 3, 4, 5, -1
		]
	}
}
#---------- POLYLINE
Shape {
	appearance Appearance {
		material Material {
			diffuseColor 0.5 0.5 0.5
			emissiveColor 0.5 0.5 0.5
		}
	}
	geometry IndexedLineSet {
		coord Coordinate {
			point [
				15.3509 -1.44262 -0.579243,
				15.3509 -1.44263 -0.579249,
			]
		}
		coordIndex [
			0, 1, -1
		]
	}
}
#---------- POLYLINE
Shape {
	appearance Appearance {
		material Material {
			diffuseColor 0.5 0.5 0.5
			emissiveColor 0.5 0.5 0.5
		}
	}
	geometry IndexedLineSet {
		coord Coordinate {
			point [
				23.8298 1.41063 8.96503,
			]
		}
		coordIndex [
			0, -1
		]
	}
}
#---------- POLYLINE
Shape {
	appearance Appearance {
		material Material {
			diffuseColor 0 0 1
			emissiveColor 0 0 1
		}
	}
	geometry IndexedLineSet {
		coord Coordinate {
			point [
				23.8298 1.41063 8.96503,
				23.6614 1.37486 9.02045,
				23.5706 1.34007 9.11393,
				23.4875 1.39251 9.15876,
				23.4237 1.45606 9.17652,
				23.412 1.44709 9.25479,
				23.4065 1.44886 9.32233,
				23.4259 1.4582 9.36409,
				23.3889 1.47023 9.37311,
				23.3584 1.47293 9.36084,
				23.3583 1.49674 9.37814,
				23.3625 1.50843 9.39673,
				23.3608 1.51003 9.41074,
				23.3612 1.50901 9.41273,
				23.3612 1.50907 9.41272,
			]
		}
		coordIndex [
			0, 1, 2, 3, 4, 5, 6, 7, 8, 9, 
			10, 11, 12, 13, 14, -1
		]
	}
}
#---------- POLYLINE
Shape {
	appearance Appearance {
		material Material {
			diffuseColor 0 1 0
			emissiveColor 0 1 0
		}
	}
	geometry IndexedLineSet {
		coord Coordinate {
			point [
				23.3612 1.50907 9.41272,
				24.6448 1.85094 9.5282,
				49.287 8.41407 11.7452,
				500 128.456 52.2942,
			]
		}
		coordIndex [
			0, 1, 2, 3, -1
		]
	}
}
#---------- POLYLINE
Shape {
	appearance Appearance {
		material Material {
			diffuseColor 0 1 0
			emissiveColor 0 1 0
		}
	}
	geometry IndexedLineSet {
		coord Coordinate {
			point [
				23.3612 1.50907 9.41272,
				15.0499 -0.704533 8.66498,
				3.16652 -3.86951 7.59588,
				-0.822378 -4.93191 7.23701,
				-46.9428 -17.2155 3.08772,
				-500 -137.881 -37.6722,
			]
		}
		coordIndex [
			0, 1, 2, 3, 4, 5, -1
		]
	}
}
#---------- POLYLINE
Shape {
	appearance Appearance {
		material Material {
			diffuseColor 0.5 0.5 0.5
			emissiveColor 0.5 0.5 0.5
		}
	}
	geometry IndexedLineSet {
		coord Coordinate {
			point [
				23.8298 1.41063 8.96503,
				23.1564 3.87777 11.8958,
				20.1455 14.9091 25,
				-88.9928 414.771 500,
			]
		}
		coordIndex [
			0, 1, 2, 3, -1
		]
	}
}
#---------- POLYLINE
Shape {
	appearance Appearance {
		material Material {
			diffuseColor 0.5 0.5 0.5
			emissiveColor 0.5 0.5 0.5
		}
	}
	geometry IndexedLineSet {
		coord Coordinate {
			point [
				23.8298 1.41063 8.96503,
				23.8298 1.41063 8.96502,
			]
		}
		coordIndex [
			0, 1, -1
		]
	}
}
#---------- POLYLINE
Shape {
	appearance Appearance {
		material Material {
			diffuseColor 0.5 0.5 0.5
			emissiveColor 0.5 0.5 0.5
		}
	}
	geometry IndexedLineSet {
		coord Coordinate {
			point [
				18.9935 2.24369 -5.07072,
			]
		}
		coordIndex [
			0, -1
		]
	}
}
#---------- POLYLINE
Shape {
	appearance Appearance {
		material Material {
			diffuseColor 0 0 1
			emissiveColor 0 0 1
		}
	}
	geometry IndexedLineSet {
		coord Coordinate {
			point [
				18.9935 2.24369 -5.07072,
				18.9503 2.27281 -4.93403,
				18.8519 2.27523 -4.86039,
				18.7601 2.24221 -4.83546,
				18.6829 2.21556 -4.80227,
				18.6306 2.23884 -4.75842,
				18.6108 2.27915 -4.71723,
				18.5949 2.325 -4.7064,
				18.5701 2.35723 -4.70591,
				18.5798 2.35945 -4.72978,
				18.5857 2.37227 -4.71299,
				18.5861 2.37509 -4.70372,
				18.5864 2.37511 -4.70421,
			]
		}
		coordIndex [
			0, 1, 2, 3, 4, 5, 6, 7, 8, 9, 
			10, 11, 12, -1
		]
	}
}
#---------- POLYLINE
Shape {
	appearance Appearance {
		material Material {
			diffuseColor 0 1 0
			emissiveColor 0 1 0
		}
	}
	geometry IndexedLineSet {
		coord Coordinate {
			point [
				18.5864 2.37511 -4.70421,
				22.3813 4.39651 -2.98425,
				46.8613 17.4361 8.11084,
				500 258.807 213.487,
			]
		}
		coordIndex [
			0, 1, 2, 3, -1
		]
	}
}
#---------- POLYLINE
Shape {
	appearance Appearance {
		material Material {
			diffuseColor 0 1 0
			emissiveColor 0 1 0
		}
	}
	geometry IndexedLineSet {
		coord Coordinate {
			point [
				18.5864 2.37511 -4.70421,
				15.0228 0.47689 -6.31936,
				-9.1129 -12.3793 -17.2584,
				-14.5785 -15.2906 -19.7356,
				-16.8457 -16.4983 -20.7632,
				-18.9739 -23.6594 -25,
				-160.534 -500 -306.826,
			]
		}
		coordIndex [
			0, 1, 2, 3, 4, 5, 6, -1
		]
	}
}
#---------- POLYLINE
Shape {
	appearance Appearance {
		material Material {
			diffuseColor 0.5 0.5 0.5
			emissiveColor 0.5 0.5 0.5
		}
	}
	geometry IndexedLineSet {
		coord Coordinate {
			point [
				18.9935 2.24369 -5.07072,
				17.7751 4.47768 -4.87639,
				12.9738 13.2805 -4.11067,
				8.23075 21.9765 -3.35423,
				-6.80054 49.5354 -0.956973,
				-252.495 500 38.2275,
			]
		}
		coordIndex [
			0, 1, 2, 3, 4, 5, -1
		]
	}
}
#---------- POLYLINE
Shape {
	appearance Appearance {
		material Material {
			diffuseColor 0.5 0.5 0.5
			emissiveColor 0.5 0.5 0.5
		}
	}
	geometry IndexedLineSet {
		coord Coordinate {
			point [
				18.9935 2.24369 -5.07072,
				18.9935 2.24368 -5.07073,
			]
		}
		coordIndex [
			0, 1, -1
		]
	}
}
#---------- POLYLINE
Shape {
	appearance Appearance {
		material Material {
			diffuseColor 0.5 0.5 0.5
			emissiveColor 0.5 0.5 0.5
		}
	}
	geometry IndexedLineSet {
		coord Coordinate {
			point [
				20.2736 0.922132 -8.76931,
			]
		}
		coordIndex [
			0, -1
		]
	}
}
#---------- POLYLINE
Shape {
	appearance Appearance {
		material Material {
			diffuseColor 0 0 1
			emissiveColor 0 0 1
		}
	}
	geometry IndexedLineSet {
		coord Coordinate {
			point [
				20.2736 0.922132 -8.76931,
				20.1862 1.05526 -9.04087,
				20.0287 1.22093 -9.01638,
				19.8865 1.3567 -8.99955,
				19.9623 1.48636 -9.05927,
				20.0193 1.59646 -9.12374,
				20.0987 1.61695 -9.19339,
				20.1504 1.59186 -9.25688,
				20.1701 1.59577 -9.32608,
				20.1874 1.58019 -9.37454,
				20.2029 1.60393 -9.40973,
				20.1842 1.63828 -9.41203,
				20.2048 1.66222 -9.41438,
				20.2199 1.67862 -9.40019,
				20.2095 1.69291 -9.38895,
				20.2092 1.69551 -9.38783,
				20.2092 1.69557 -9.38783,
			]
		}
		coordIndex [
			0, 1, 2, 3, 4, 5, 6, 7, 8, 9, 
			10, 11, 12, 13, 14, 15, 16, -1
		]
	}
}
#---------- POLYLINE
Shape {
	appearance Appearance {
		material Material {
			diffuseColor 0 1 0
			emissiveColor 0 1 0
		}
	}
	geometry IndexedLineSet {
		coord Coordinate {
			point [
				20.2092 1.69557 -9.38783,
				15.164 1.27006 -7.94595,
				4.98305 0.411403 -5.03632,
				-4.98156 -0.429005 -2.18851,
				-15.1688 -1.28819 0.722916,
				-24.5472 -2.07916 3.40319,
				-49.8224 -4.21085 10.6266,
				-500 -42.1785 139.284,
			]
		}
		coordIndex [
			0, 1, 2, 3, 4, 5, 6, 7, -1
		]
	}
}
#---------- POLYLINE
Shape {
	appearance Appearance {
		material Material {
			diffuseColor 0 1 0
			emissiveColor 0 1 0
		}
	}
	geometry IndexedLineSet {
		coord Coordinate {
			point [
				20.2092 1.69557 -9.38783,
				24.555 2.06209 -10.6298,
				49.8239 4.19325 -17.8515,
				500 42.1608 -146.508,
			]
		}
		coordIndex [
			0, 1, 2, 3, -1
		]
	}
}
#---------- POLYLINE
Shape {
	appearance Appearance {
		material Material {
			diffuseColor 0.5 0.5 0.5
			emissiveColor 0.5 0.5 0.5
		}
	}
	geometry IndexedLineSet {
		coord Coordinate {
			point [
				20.2736 0.922132 -8.76931,
				15.8128 2.73267 -4.00616,
				-11.3519 13.7583 25,
				-456.197 194.312 500,
			]
		}
		coordIndex [
			0, 1, 2, 3, -1
		]
	}
}
#---------- POLYLINE
Shape {
	appearance Appearance {
		material Material {
			diffuseColor 0.5 0.5 0.5
			emissiveColor 0.5 0.5 0.5
		}
	}
	geometry IndexedLineSet {
		coord Coordinate {
			point [
				20.2736 0.922132 -8.76931,
				20.2736 0.922125 -8.7693,
			]
		}
		coordIndex [
			0, 1, -1
		]
	}
}
#---------- POLYLINE
Shape {
	appearance Appearance {
		material Material {
			diffuseColor 0.5 0.5 0.5
			emissiveColor 0.5 0.5 0.5
		}
	}
	geometry IndexedLineSet {
		coord Coordinate {
			point [
				22.4098 -2.16728 -0.197211,
			]
		}
		coordIndex [
			0, -1
		]
	}
}
#---------- POLYLINE
Shape {
	appearance Appearance {
		material Material {
			diffuseColor 0 0 1
			emissiveColor 0 0 1
		}
	}
	geometry IndexedLineSet {
		coord Coordinate {
			point [
				22.4098 -2.16728 -0.197211,
				22.4231 -2.15852 -0.20178,
				22.4251 -2.15913 -0.201664,
				22.425 -2.15912 -0.201682,
			]
		}
		coordIndex [
			0, 1, 2, 3, -1
		]
	}
}
#---------- POLYLINE
Shape {
	appearance Appearance {
		material Material {
			diffuseColor 0 1 0
			emissiveColor 0 1 0
		}
	}
	geometry IndexedLineSet {
		coord Coordinate {
			point [
				22.425 -2.15912 -0.201682,
				18.1558 4.64745 7.95416,
				13.5037 12.0643 16.8412,
				25.3416 40.8061 -25,
				159.731 367.095 -500,
			]
		}
		coordIndex [
			0, 1, 2, 3, 4, -1
		]
	}
}
#---------- POLYLINE
Shape {
	appearance Appearance {
		material Material {
			diffuseColor 0 1 0
			emissiveColor 0 1 0
		}
	}
	geometry IndexedLineSet {
		coord Coordinate {
			point [
				22.425 -2.15912 -0.201682,
				23.3812 -3.68345 -2.02819,
				25.2442 -6.65371 -5.58725,
				20.8633 -13.0318 -16.085,
				17.952 -21.808 -25,
				-137.164 -489.411 -500,
			]
		}
		coordIndex [
			0, 1, 2, 3, 4, 5, -1
		]
	}
}
#---------- POLYLINE
Shape {
	appearance Appearance {
		material Material {
			diffuseColor 0.5 0.5 0.5
			emissiveColor 0.5 0.5 0.5
		}
	}
	geometry IndexedLineSet {
		coord Coordinate {
			point [
				22.4098 -2.16728 -0.197211,
				15.023 -0.478989 1.81533,
				4.62605 1.89729 4.64798,
				-3.34252 3.71854 6.81903,
				-48.0204 13.9299 18.9915,
				-500 117.232 142.134,
			]
		}
		coordIndex [
			0, 1, 2, 3, 4, 5, -1
		]
	}
}
#---------- POLYLINE
Shape {
	appearance Appearance {
		material Material {
			diffuseColor 0.5 0.5 0.5
			emissiveColor 0.5 0.5 0.5
		}
	}
	geometry IndexedLineSet {
		coord Coordinate {
			point [
				22.4098 -2.16728 -0.197211,
				22.4098 -2.16728 -0.197213,
			]
		}
		coordIndex [
			0, 1, -1
		]
	}
}
#---------- POLYLINE
Shape {
	appearance Appearance {
		material Material {
			diffuseColor 0.5 0.5 0.5
			emissiveColor 0.5 0.5 0.5
		}
	}
	geometry IndexedLineSet {
		coord Coordinate {
			point [
				22.2115 1.26577 -14.7546,
			]
		}
		coordIndex [
			0, -1
		]
	}
}
#---------- POLYLINE
Shape {
	appearance Appearance {
		material Material {
			diffuseColor 0 0 1
			emissiveColor 0 0 1
		}
	}
	geometry IndexedLineSet {
		coord Coordinate {
			point [
				22.2115 1.26577 -14.7546,
				22.3225 1.12851 -14.5856,
				22.3085 1.03333 -14.4012,
				22.4409 1.06706 -14.3116,
				22.5583 1.01729 -14.2736,
				22.661 1.03192 -14.3211,
				22.7202 1.08569 -14.2667,
				22.7522 1.08422 -14.192,
				22.8145 1.09204 -14.162,
				22.8241 1.08991 -14.1609,
				22.8243 1.08995 -14.1607,
			]
		}
		coordIndex [
			0, 1, 2, 3, 4, 5, 6, 7, 8, 9, 
			10, -1
		]
	}
}
#---------- POLYLINE
Shape {
	appearance Appearance {
		material Material {
			diffuseColor 0 1 0
			emissiveColor 0 1 0
		}
	}
	geometry IndexedLineSet {
		coord Coordinate {
			point [
				22.8243 1.08995 -14.1607,
				24.9827 -0.415538 -15.0597,
				47.3623 -16.0253 -24.3811,
				500 -331.739 -212.911,
			]
		}
		coordIndex [
			0, 1, 2, 3, -1
		]
	}
}
#---------- POLYLINE
Shape {
	appearance Appearance {
		material Material {
			diffuseColor 0 1 0
			emissiveColor 0 1 0
		}
	}
	geometry IndexedLineSet {
		coord Coordinate {
			point [
				22.8243 1.08995 -14.1607,
				17.8888 4.53243 -12.105,
				-31.3996 38.911 8.42426,
				-500 365.759 203.602,
			]
		}
		coordIndex [
			0, 1, 2, 3, -1
		]
	}
}
#---------- POLYLINE
Shape {
	appearance Appearance {
		material Material {
			diffuseColor 0.5 0.5 0.5
			emissiveColor 0.5 0.5 0.5
		}
	}
	geometry IndexedLineSet {
		coord Coordinate {
			point [
				22.2115 1.26577 -14.7546,
				20.0195 4.99996 -14.6056,
				14.2985 14.746 -14.2168,
				9.86533 22.2982 -13.9155,
				-6.17143 49.6177 -12.8256,
				-270.55 500 5.14192,
			]
		}
		coordIndex [
			0, 1, 2, 3, 4, 5, -1
		]
	}
}
#---------- POLYLINE
Shape {
	appearance Appearance {
		material Material {
			diffuseColor 0.5 0.5 0.5
			emissiveColor 0.5 0.5 0.5
		}
	}
	geometry IndexedLineSet {
		coord Coordinate {
			point [
				22.2115 1.26577 -14.7546,
				22.2115 1.26578 -14.7546,
			]
		}
		coordIndex [
			0, 1, -1
		]
	}
}
#---------- POLYLINE
Shape {
	appearance Appearance {
		material Material {
			diffuseColor 0.5 0.5 0.5
			emissiveColor 0.5 0.5 0.5
		}
	}
	geometry IndexedLineSet {
		coord Coordinate {
			point [
				19.5197 -2.56775 -18.5003,
			]
		}
		coordIndex [
			0, -1
		]
	}
}
#---------- POLYLINE
Shape {
	appearance Appearance {
		material Material {
			diffuseColor 0 0 1
			emissiveColor 0 0 1
		}
	}
	geometry IndexedLineSet {
		coord Coordinate {
			point [
				19.5197 -2.56775 -18.5003,
				19.3442 -2.64657 -18.304,
				19.2399 -2.59077 -18.1164,
				19.209 -2.57641 -17.9363,
				19.2194 -2.58329 -17.8509,
				19.2167 -2.56249 -17.7805,
				19.2257 -2.5271 -17.7313,
				19.2567 -2.51146 -17.6924,
				19.2495 -2.48938 -17.6559,
				19.2359 -2.48011 -17.625,
				19.2428 -2.45412 -17.6125,
				19.247 -2.44036 -17.592,
				19.2485 -2.43894 -17.5854,
				19.2487 -2.43913 -17.5854,
			]
		}
		coordIndex [
			0, 1, 2, 3, 4, 5, 6, 7, 8, 9, 
			10, 11, 12, 13, -1
		]
	}
}
#---------- POLYLINE
Shape {
	appearance Appearance {
		material Material {
			diffuseColor 0 1 0
			emissiveColor 0 1 0
		}
	}
	geometry IndexedLineSet {
		coord Coordinate {
			point [
				19.2487 -2.43913 -17.5854,
				22.3759 -4.39942 -19.1743,
				33.8426 -11.5872 -25,
				500 -303.795 -261.836,
			]
		}
		coordIndex [
			0, 1, 2, 3, -1
		]
	}
}
#---------- POLYLINE
Shape {
	appearance Appearance {
		material Material {
			diffuseColor 0 1 0
			emissiveColor 0 1 0
		}
	}
	geometry IndexedLineSet {
		coord Coordinate {
			point [
				19.2487 -2.43913 -17.5854,
				15.0049 0.221081 -15.4293,
				-6.51748 13.7122 -4.49468,
				-11.1414 16.6107 -2.14547,
				-14.4758 19.5287 -3.38084,
				-34.0256 36.6368 -10.6238,
				-500 444.414 -183.262,
			]
		}
		coordIndex [
			0, 1, 2, 3, 4, 5, 6, -1
		]
	}
}
#---------- POLYLINE
Shape {
	appearance Appearance {
		material Material {
			diffuseColor 0.5 0.5 0.5
			emissiveColor 0.5 0.5 0.5
		}
	}
	geometry IndexedLineSet {
		coord Coordinate {
			point [
				19.5197 -2.56775 -18.5003,
				19.1441 -4.92619 -17.7438,
				12.2063 -48.4872 -3.77037,
				-59.7044 -500 141.065,
			]
		}
		coordIndex [
			0, 1, 2, 3, -1
		]
	}
}
#---------- POLYLINE
Shape {
	appearance Appearance {
		material Material {
			diffuseColor 0.5 0.5 0.5
			emissiveColor 0.5 0.5 0.5
		}
	}
	geometry IndexedLineSet {
		coord Coordinate {
			point [
				19.5197 -2.56775 -18.5003,
				19.5197 -2.56774 -18.5003,
			]
		}
		coordIndex [
			0, 1, -1
		]
	}
}
#---------- POLYLINE
Shape {
	appearance Appearance {
		material Material {
			diffuseColor 0.5 0.5 0.5
			emissiveColor 0.5 0.5 0.5
		}
	}
	geometry IndexedLineSet {
		coord Coordinate {
			point [
				22.1409 0.833545 13.5109,
			]
		}
		coordIndex [
			0, -1
		]
	}
}
#---------- POLYLINE
Shape {
	appearance Appearance {
		material Material {
			diffuseColor 0.5 0.5 0.5
			emissiveColor 0.5 0.5 0.5
		}
	}
	geometry IndexedLineSet {
		coord Coordinate {
			point [
				22.1409 0.833545 13.5109,
				18.954 4.88936 13.0917,
				12.5716 13.012 12.2522,
				6.44194 20.8129 11.446,
				-14.745 47.7764 8.65933,
				-370.084 500 -38.078,
			]
		}
		coordIndex [
			0, 1, 2, 3, 4, 5, -1
		]
	}
}
#---------- POLYLINE
Shape {
	appearance Appearance {
		material Material {
			diffuseColor 0.5 0.5 0.5
			emissiveColor 0.5 0.5 0.5
		}
	}
	geometry IndexedLineSet {
		coord Coordinate {
			point [
				22.1409 0.833545 13.5109,
				22.1409 0.833523 13.5109,
			]
		}
		coordIndex [
			0, 1, -1
		]
	}
}
#---------- POLYLINE
Shape {
	appearance Appearance {
		material Material {
			diffuseColor 1 0 0
			emissiveColor 1 0 0
		}
	}
	geometry IndexedLineSet {
		coord Coordinate {
			point [
				22.1409 0.833545 13.5109,
				22.1409 0.833546 13.5109,
			]
		}
		coordIndex [
			0, 1, -1
		]
	}
}
#---------- POLYLINE
Shape {
	appearance Appearance {
		material Material {
			diffuseColor 1 0 0
			emissiveColor 1 0 0
		}
	}
	geometry IndexedLineSet {
		coord Coordinate {
			point [
				22.1409 0.833545 13.5109,
				22.1409 0.833545 13.5109,
			]
		}
		coordIndex [
			0, 1, -1
		]
	}
}
#---------- POLYLINE
Shape {
	appearance Appearance {
		material Material {
			diffuseColor 0.5 0.5 0.5
			emissiveColor 0.5 0.5 0.5
		}
	}
	geometry IndexedLineSet {
		coord Coordinate {
			point [
				21.47 1.46849 10.6441,
			]
		}
		coordIndex [
			0, -1
		]
	}
}
#---------- POLYLINE
Shape {
	appearance Appearance {
		material Material {
			diffuseColor 0 0 1
			emissiveColor 0 0 1
		}
	}
	geometry IndexedLineSet {
		coord Coordinate {
			point [
				21.47 1.46849 10.6441,
				21.382 1.43394 10.6007,
				21.3329 1.38712 10.5501,
				21.2798 1.35482 10.512,
				21.2736 1.36142 10.4524,
				21.2654 1.33978 10.4126,
				21.2562 1.30995 10.3881,
				21.2761 1.28399 10.3835,
				21.2903 1.26416 10.391,
				21.2753 1.2773 10.3904,
				21.2746 1.27916 10.3924,
				21.2746 1.27914 10.3925,
			]
		}
		coordIndex [
			0, 1, 2, 3, 4, 5, 6, 7, 8, 9, 
			10, 11, -1
		]
	}
}
#---------- POLYLINE
Shape {
	appearance Appearance {
		material Material {
			diffuseColor 0 1 0
			emissiveColor 0 1 0
		}
	}
	geometry IndexedLineSet {
		coord Coordinate {
			point [
				21.2746 1.27914 10.3925,
				20.8731 -4.92317 8.07365,
				18.7236 -38.1293 -4.34115,
				21.1921 -45.2868 -5.73096,
				178.013 -500 -94.0246,
			]
		}
		coordIndex [
			0, 1, 2, 3, 4, -1
		]
	}
}
#---------- POLYLINE
Shape {
	appearance Appearance {
		material Material {
			diffuseColor 0 1 0
			emissiveColor 0 1 0
		}
	}
	geometry IndexedLineSet {
		coord Coordinate {
			point [
				21.2746 1.27914 10.3925,
				21.5006 4.76952 11.6975,
				23.8037 40.35 25,
				53.5576 500 196.85,
			]
		}
		coordIndex [
			0, 1, 2, 3, -1
		]
	}
}
#---------- POLYLINE
Shape {
	appearance Appearance {
		material Material {
			diffuseColor 0.5 0.5 0.5
			emissiveColor 0.5 0.5 0.5
		}
	}
	geometry IndexedLineSet {
		coord Coordinate {
			point [
				21.47 1.46849 10.6441,
				21.8262 4.65457 7.97079,
				26.0751 42.6625 -23.9197,
				77.2004 500 -407.647,
			]
		}
		coordIndex [
			0, 1, 2, 3, -1
		]
	}
}
#---------- POLYLINE
Shape {
	appearance Appearance {
		material Material {
			diffuseColor 0.5 0.5 0.5
			emissiveColor 0.5 0.5 0.5
		}
	}
	geometry IndexedLineSet {
		coord Coordinate {
			point [
				21.47 1.46849 10.6441,
				21.47 1.46849 10.6441,
			]
		}
		coordIndex [
			0, 1, -1
		]
	}
}
#---------- POLYLINE
Shape {
	appearance Appearance {
		material Material {
			diffuseColor 0.5 0.5 0.5
			emissiveColor 0.5 0.5 0.5
		}
	}
	geometry IndexedLineSet {
		coord Coordinate {
			point [
				21.6297 2.23583 -19.0205,
			]
		}
		coordIndex [
			0, -1
		]
	}
}
#---------- POLYLINE
Shape {
	appearance Appearance {
		material Material {
			diffuseColor 0 0 1
			emissiveColor 0 0 1
		}
	}
	geometry IndexedLineSet {
		coord Coordinate {
			point [
				21.6297 2.23583 -19.0205,
				21.6607 2.18325 -19.0819,
				21.6519 2.13393 -19.1317,
				21.6217 2.10534 -19.1659,
				21.5801 2.12145 -19.1809,
				21.5448 2.13834 -19.1767,
				21.5164 2.13956 -19.1929,
				21.4953 2.14928 -19.2038,
				21.4816 2.15764 -19.1923,
				21.4797 2.16113 -19.197,
				21.4797 2.16111 -19.1971,
			]
		}
		coordIndex [
			0, 1, 2, 3, 4, 5, 6, 7, 8, 9, 
			10, -1
		]
	}
}
#---------- POLYLINE
Shape {
	appearance Appearance {
		material Material {
			diffuseColor 0 1 0
			emissiveColor 0 1 0
		}
	}
	geometry IndexedLineSet {
		coord Coordinate {
			point [
				21.4797 2.16111 -19.1971,
				24.1771 2.74811 -19.2856,
				49.3197 8.21967 -20.1105,
				500 106.297 -34.898,
			]
		}
		coordIndex [
			0, 1, 2, 3, -1
		]
	}
}
#---------- POLYLINE
Shape {
	appearance Appearance {
		material Material {
			diffuseColor 0 1 0
			emissiveColor 0 1 0
		}
	}
	geometry IndexedLineSet {
		coord Coordinate {
			point [
				21.4797 2.16111 -19.1971,
				15.0587 0.763767 -18.9864,
				4.77794 -1.47353 -18.6491,
				-3.73351 -3.3258 -18.3698,
				-11.6853 -5.05626 -18.1089,
				-15.7595 -3.41129 -16.9764,
				-15.938 -2.91553 -16.8873,
				-18.73 4.83603 -15.4942,
				-25.3926 23.3334 -12.1699,
				-25.8582 29.0444 -14.399,
				-0.86866 34.6746 -17.8626,
				2.42402 41.3083 -10.7685,
				-8.34254 49.2991 3.28077,
				-389 331.817 500,
			]
		}
		coordIndex [
			0, 1, 2, 3, 4, 5, 6, 7, 8, 9, 
			10, 11, 12, 13, -1
		]
	}
}
#---------- POLYLINE
Shape {
	appearance Appearance {
		material Material {
			diffuseColor 0.5 0.5 0.5
			emissiveColor 0.5 0.5 0.5
		}
	}
	geometry IndexedLineSet {
		coord Coordinate {
			point [
				21.6297 2.23583 -19.0205,
				24.9153 0.916656 -18.2636,
				49.2125 -8.83897 -12.6659,
				500 -189.835 91.1888,
			]
		}
		coordIndex [
			0, 1, 2, 3, -1
		]
	}
}
#---------- POLYLINE
Shape {
	appearance Appearance {
		material Material {
			diffuseColor 0.5 0.5 0.5
			emissiveColor 0.5 0.5 0.5
		}
	}
	geometry IndexedLineSet {
		coord Coordinate {
			point [
				21.6297 2.23583 -19.0205,
				21.6297 2.23584 -19.0205,
			]
		}
		coordIndex [
			0, 1, -1
		]
	}
}
#---------- POLYLINE
Shape {
	appearance Appearance {
		material Material {
			diffuseColor 0.5 0.5 0.5
			emissiveColor 0.5 0.5 0.5
		}
	}
	geometry IndexedLineSet {
		coord Coordinate {
			point [
				20.8339 2.47594 10.2268,
			]
		}
		coordIndex [
			0, -1
		]
	}
}
#---------- POLYLINE
Shape {
	appearance Appearance {
		material Material {
			diffuseColor 0 0 1
			emissiveColor 0 0 1
		}
	}
	geometry IndexedLineSet {
		coord Coordinate {
			point [
				20.8339 2.47594 10.2268,
				20.8205 2.48437 10.2308,
				20.8201 2.48383 10.2314,
			]
		}
		coordIndex [
			0, 1, 2, -1
		]
	}
}
#---------- POLYLINE
Shape {
	appearance Appearance {
		material Material {
			diffuseColor 0 1 0
			emissiveColor 0 1 0
		}
	}
	geometry IndexedLineSet {
		coord Coordinate {
			point [
				20.8201 2.48383 10.2314,
				24.9895 0.323136 7.883,
				25.0358 0.29916 7.85695,
				24.9904 0.309784 7.91426,
				15.6648 2.49128 19.6814,
				11.4498 3.4773 25,
				-364.993 91.5373 500,
			]
		}
		coordIndex [
			0, 1, 2, 3, 4, 5, 6, -1
		]
	}
}
#---------- POLYLINE
Shape {
	appearance Appearance {
		material Material {
			diffuseColor 0 1 0
			emissiveColor 0 1 0
		}
	}
	geometry IndexedLineSet {
		coord Coordinate {
			point [
				20.8201 2.48383 10.2314,
				17.3871 4.26294 12.165,
				-5.40064 16.0721 25,
				-500 272.386 303.579,
			]
		}
		coordIndex [
			0, 1, 2, 3, -1
		]
	}
}
#---------- POLYLINE
Shape {
	appearance Appearance {
		material Material {
			diffuseColor 0.5 0.5 0.5
			emissiveColor 0.5 0.5 0.5
		}
	}
	geometry IndexedLineSet {
		coord Coordinate {
			point [
				20.8339 2.47594 10.2268,
				15.2377 1.52319 4.28201,
				4.99513 -0.220571 -6.59843,
				-4.64074 -1.86105 -16.8344,
				-12.3276 -3.16971 -25,
				-459.479 -79.296 -500,
			]
		}
		coordIndex [
			0, 1, 2, 3, 4, 5, -1
		]
	}
}
#---------- POLYLINE
Shape {
	appearance Appearance {
		material Material {
			diffuseColor 0.5 0.5 0.5
			emissiveColor 0.5 0.5 0.5
		}
	}
	geometry IndexedLineSet {
		coord Coordinate {
			point [
				20.8339 2.47594 10.2268,
				20.834 2.47594 10.2268,
			]
		}
		coordIndex [
			0, 1, -1
		]
	}
}
#---------- POLYLINE
Shape {
	appearance Appearance {
		material Material {
			diffuseColor 0.5 0.5 0.5
			emissiveColor 0.5 0.5 0.5
		}
	}
	geometry IndexedLineSet {
		coord Coordinate {
			point [
				18.8508 -0.865538 -5.76406,
			]
		}
		coordIndex [
			0, -1
		]
	}
}
#---------- POLYLINE
Shape {
	appearance Appearance {
		material Material {
			diffuseColor 0 0 1
			emissiveColor 0 0 1
		}
	}
	geometry IndexedLineSet {
		coord Coordinate {
			point [
				18.8508 -0.865538 -5.76406,
				18.9002 -0.565684 -5.93686,
				18.9757 -0.3441 -6.10892,
				19.0026 -0.200814 -6.27896,
				19.0188 -0.0229104 -6.33687,
				19.0487 0.103929 -6.26804,
				19.057 0.203498 -6.19388,
				19.0318 0.277454 -6.1287,
				19.0539 0.336228 -6.07033,
				19.0426 0.383055 -6.01811,
				19.0148 0.377089 -5.96406,
				18.976 0.379088 -5.92883,
				18.96 0.355966 -5.89369,
				18.9394 0.324181 -5.88436,
				18.9208 0.298099 -5.88081,
				18.9149 0.272376 -5.87443,
				18.9285 0.257885 -5.8809,
				18.9269 0.254459 -5.88208,
				18.9267 0.254798 -5.88203,
			]
		}
		coordIndex [
			0, 1, 2, 3, 4, 5, 6, 7, 8, 9, 
			10, 11, 12, 13, 14, 15, 16, 17, 18, -1
		]
	}
}
#---------- POLYLINE
Shape {
	appearance Appearance {
		material Material {
			diffuseColor 0 1 0
			emissiveColor 0 1 0
		}
	}
	geometry IndexedLineSet {
		coord Coordinate {
			point [
				18.9267 0.254798 -5.88203,
				20.4186 4.98245 -6.83075,
				31.1805 39.0868 -13.6746,
				176.626 500 -106.168,
			]
		}
		coordIndex [
			0, 1, 2, 3, -1
		]
	}
}
#---------- POLYLINE
Shape {
	appearance Appearance {
		material Material {
			diffuseColor 0 1 0
			emissiveColor 0 1 0
		}
	}
	geometry IndexedLineSet {
		coord Coordinate {
			point [
				18.9267 0.254798 -5.88203,
				17.483 -4.32027 -4.96393,
				14.2289 -14.6324 -2.89456,
				11.9319 -21.9117 -1.43379,
				3.09866 -49.9039 4.18351,
				-138.934 -500 94.506,
			]
		}
		coordIndex [
			0, 1, 2, 3, 4, 5, -1
		]
	}
}
#---------- POLYLINE
Shape {
	appearance Appearance {
		material Material {
			diffuseColor 0.5 0.5 0.5
			emissiveColor 0.5 0.5 0.5
		}
	}
	geometry IndexedLineSet {
		coord Coordinate {
			point [
				18.8508 -0.865538 -5.76406,
				16.2236 3.27703 -7.76378,
				10.4863 12.3237 -12.1308,
				5.7059 19.8614 -15.7694,
				-6.42104 38.9832 -25,
				-298.795 500 -247.544,
			]
		}
		coordIndex [
			0, 1, 2, 3, 4, 5, -1
		]
	}
}
#---------- POLYLINE
Shape {
	appearance Appearance {
		material Material {
			diffuseColor 0.5 0.5 0.5
			emissiveColor 0.5 0.5 0.5
		}
	}
	geometry IndexedLineSet {
		coord Coordinate {
			point [
				18.8508 -0.865538 -5.76406,
				18.8508 -0.865553 -5.76406,
			]
		}
		coordIndex [
			0, 1, -1
		]
	}
}
#---------- POLYLINE
Shape {
	appearance Appearance {
		material Material {
			diffuseColor 0.5 0.5 0.5
			emissiveColor 0.5 0.5 0.5
		}
	}
	geometry IndexedLineSet {
		coord Coordinate {
			point [
				23.393 3.64176 13.7155,
			]
		}
		coordIndex [
			0, -1
		]
	}
}
#---------- POLYLINE
Shape {
	appearance Appearance {
		material Material {
			diffuseColor 0 0 1
			emissiveColor 0 0 1
		}
	}
	geometry IndexedLineSet {
		coord Coordinate {
			point [
				23.393 3.64176 13.7155,
				23.396 3.64329 13.6932,
				23.3991 3.64442 13.6741,
				23.4023 3.64411 13.6579,
				23.4047 3.64506 13.6437,
				23.407 3.64632 13.6318,
				23.4088 3.64734 13.6223,
				23.4106 3.64826 13.6149,
				23.4121 3.64878 13.6093,
				23.4132 3.64932 13.6051,
				23.4141 3.64985 13.602,
				23.4146 3.65021 13.6,
				23.4147 3.65027 13.5996,
				23.4148 3.65036 13.5991,
				23.4151 3.65053 13.5981,
				23.4151 3.65056 13.5979,
				23.4155 3.65089 13.5961,
				23.4159 3.65122 13.5942,
				23.4159 3.65123 13.5941,
				23.4163 3.6515 13.5926,
				23.4163 3.65153 13.5925,
				23.4165 3.65163 13.5918,
				23.4172 3.6521 13.5889,
				23.4173 3.65211 13.5888,
				23.4174 3.65217 13.5885,
				23.4178 3.65236 13.5872,
				23.4182 3.65257 13.5856,
				23.4188 3.65293 13.5831,
				23.419 3.65352 13.58,
				23.4192 3.6543 13.5763,
				23.4195 3.65521 13.5719,
				23.4198 3.65652 13.5667,
				23.42 3.65747 13.5603,
				23.4202 3.6582 13.553,
				23.4207 3.65886 13.545,
				23.4206 3.65985 13.5362,
				23.4202 3.66133 13.5269,
				23.4202 3.66262 13.5166,
				23.4212 3.66463 13.5056,
				23.423 3.66776 13.4928,
				23.4245 3.67337 13.4769,
				23.4241 3.68117 13.4565,
				23.4192 3.68289 13.4295,
				23.4203 3.68432 13.4045,
				23.4276 3.68268 13.3784,
				23.4327 3.67806 13.3492,
				23.4301 3.66508 13.3211,
				23.4284 3.65536 13.304,
				23.4272 3.65001 13.2938,
				23.4263 3.64753 13.2875,
				23.4256 3.64592 13.2835,
				23.425 3.64487 13.281,
				23.4248 3.6446 13.2804,
				23.4246 3.64427 13.2796,
				23.4244 3.64389 13.2787,
				23.4241 3.64356 13.2779,
				23.4241 3.64355 13.2779,
				23.424 3.64339 13.2774,
				23.4238 3.64309 13.2765,
				23.4238 3.64302 13.2763,
				23.4236 3.64284 13.2758,
				23.4235 3.64268 13.2752,
				23.4235 3.64259 13.2749,
				23.4233 3.64238 13.2743,
				23.4233 3.64227 13.274,
				23.4233 3.64226 13.274,
				23.4232 3.64194 13.2732,
				23.423 3.64158 13.2722,
				23.423 3.64158 13.2722,
				23.4228 3.64109 13.2709,
				23.4225 3.64019 13.2684,
				23.4221 3.63892 13.2651,
				23.4214 3.63714 13.2607,
				23.4205 3.63458 13.2548,
				23.4188 3.63151 13.2465,
				23.416 3.62683 13.2354,
				23.4117 3.61972 13.2198,
				23.4065 3.6064 13.1984,
				23.4001 3.58039 13.1706,
				23.399 3.53939 13.1329,
				23.4099 3.49153 13.1134,
				23.4196 3.44324 13.1058,
				23.4396 3.40082 13.0992,
				23.4485 3.35765 13.097,
				23.4672 3.32163 13.0855,
				23.4875 3.29583 13.0834,
				23.5069 3.2756 13.0836,
				23.5191 3.25934 13.0844,
				23.5192 3.25931 13.0844,
			]
		}
		coordIndex [
			0, 1, 2, 3, 4, 5, 6, 7, 8, 9, 
			10, 11, 12, 13, 14, 15, 16, 17, 18, 19, 
			20, 21, 22, 23, 24, 25, 26, 27, 28, 29, 
			30, 31, 32, 33, 34, 35, 36, 37, 38, 39, 
			40, 41, 42, 43, 44, 45, 46, 47, 48, 49, 
			50, 51, 52, 53, 54, 55, 56, 57, 58, 59, 
			60, 61, 62, 63, 64, 65, 66, 67, 68, 69, 
			70, 71, 72, 73, 74, 75, 76, 77, 78, 79, 
			80, 81, 82, 83, 84, 85, 86, 87, 88, -1
		]
	}
}
#---------- POLYLINE
Shape {
	appearance Appearance {
		material Material {
			diffuseColor 0 1 0
			emissiveColor 0 1 0
		}
	}
	geometry IndexedLineSet {
		coord Coordinate {
			point [
				23.5192 3.25931 13.0844,
				23.7073 3.35497 12.7652,
				45.9593 14.673 -25,
				325.838 157.028 -500,
			]
		}
		coordIndex [
			0, 1, 2, 3, -1
		]
	}
}
#---------- POLYLINE
Shape {
	appearance Appearance {
		material Material {
			diffuseColor 0 1 0
			emissiveColor 0 1 0
		}
	}
	geometry IndexedLineSet {
		coord Coordinate {
			point [
				23.5192 3.25931 13.0844,
				19.4445 1.18675 20,
				16.4984 -0.311728 25,
				-263.38 -142.667 500,
			]
		}
		coordIndex [
			0, 1, 2, 3, -1
		]
	}
}
#---------- POLYLINE
Shape {
	appearance Appearance {
		material Material {
			diffuseColor 0.5 0.5 0.5
			emissiveColor 0.5 0.5 0.5
		}
	}
	geometry IndexedLineSet {
		coord Coordinate {
			point [
				23.393 3.64176 13.7155,
				23.3419 3.71909 13.6565,
				14.9267 16.447 3.94604,
				11.1448 22.1672 -0.417991,
				-6.93738 49.5164 -21.2834,
				-304.779 500 -364.968,
			]
		}
		coordIndex [
			0, 1, 2, 3, 4, 5, -1
		]
	}
}
#---------- POLYLINE
Shape {
	appearance Appearance {
		material Material {
			diffuseColor 0.5 0.5 0.5
			emissiveColor 0.5 0.5 0.5
		}
	}
	geometry IndexedLineSet {
		coord Coordinate {
			point [
				23.393 3.64176 13.7155,
				23.393 3.64176 13.7155,
			]
		}
		coordIndex [
			0, 1, -1
		]
	}
}
#---------- POLYLINE
Shape {
	appearance Appearance {
		material Material {
			diffuseColor 0.5 0.5 0.5
			emissiveColor 0.5 0.5 0.5
		}
	}
	geometry IndexedLineSet {
		coord Coordinate {
			point [
				22.0214 -3.05133 16.6159,
			]
		}
		coordIndex [
			0, -1
		]
	}
}
#---------- POLYLINE
Shape {
	appearance Appearance {
		material Material {
			diffuseColor 0 0 1
			emissiveColor 0 0 1
		}
	}
	geometry IndexedLineSet {
		coord Coordinate {
			point [
				22.0214 -3.05133 16.6159,
				21.9561 -3.17595 16.4631,
				21.886 -3.28185 16.3459,
				21.8293 -3.40754 16.3953,
				21.7562 -3.50436 16.4152,
				21.7311 -3.59986 16.4465,
				21.6964 -3.67118 16.4643,
				21.6537 -3.72484 16.4738,
				21.6383 -3.77595 16.4552,
				21.6062 -3.78134 16.4347,
				21.5913 -3.80014 16.4557,
				21.5873 -3.7915 16.4813,
				21.5827 -3.78114 16.4943,
				21.5829 -3.78047 16.4949,
			]
		}
		coordIndex [
			0, 1, 2, 3, 4, 5, 6, 7, 8, 9, 
			10, 11, 12, 13, -1
		]
	}
}
#---------- POLYLINE
Shape {
	appearance Appearance {
		material Material {
			diffuseColor 0 1 0
			emissiveColor 0 1 0
		}
	}
	geometry IndexedLineSet {
		coord Coordinate {
			point [
				21.5829 -3.78047 16.4949,
				19.099 -4.91816 18.543,
				11.2681 -8.5049 25,
				-500 -242.677 446.567,
			]
		}
		coordIndex [
			0, 1, 2, 3, -1
		]
	}
}
#---------- POLYLINE
Shape {
	appearance Appearance {
		material Material {
			diffuseColor 0 1 0
			emissiveColor 0 1 0
		}
	}
	geometry IndexedLineSet {
		coord Coordinate {
			point [
				21.5829 -3.78047 16.4949,
				24.3125 -2.53027 14.2442,
				49.2066 8.87178 -6.28227,
				500 215.345 -377.985,
			]
		}
		coordIndex [
			0, 1, 2, 3, -1
		]
	}
}
#---------- POLYLINE
Shape {
	appearance Appearance {
		material Material {
			diffuseColor 0.5 0.5 0.5
			emissiveColor 0.5 0.5 0.5
		}
	}
	geometry IndexedLineSet {
		coord Coordinate {
			point [
				22.0214 -3.05133 16.6159,
				21.3325 -4.81916 14.6342,
				7.5547 -40.1761 -25,
				-157.567 -463.914 -500,
			]
		}
		coordIndex [
			0, 1, 2, 3, -1
		]
	}
}
#---------- POLYLINE
Shape {
	appearance Appearance {
		material Material {
			diffuseColor 0.5 0.5 0.5
			emissiveColor 0.5 0.5 0.5
		}
	}
	geometry IndexedLineSet {
		coord Coordinate {
			point [
				22.0214 -3.05133 16.6159,
				22.0214 -3.05132 16.616,
			]
		}
		coordIndex [
			0, 1, -1
		]
	}
}
#---------- POLYLINE
Shape {
	appearance Appearance {
		material Material {
			diffuseColor 0.5 0.5 0.5
			emissiveColor 0.5 0.5 0.5
		}
	}
	geometry IndexedLineSet {
		coord Coordinate {
			point [
				24.5506 0.51432 6.55501,
			]
		}
		coordIndex [
			0, -1
		]
	}
}
#---------- POLYLINE
Shape {
	appearance Appearance {
		material Material {
			diffuseColor 0 0 1
			emissiveColor 0 0 1
		}
	}
	geometry IndexedLineSet {
		coord Coordinate {
			point [
				24.5506 0.51432 6.55501,
				24.6203 0.474698 6.53821,
				24.6269 0.427886 6.54347,
				24.6508 0.396847 6.55323,
				24.6833 0.391886 6.55343,
				24.7034 0.393141 6.57141,
				24.6977 0.393903 6.59373,
				24.6852 0.38512 6.5977,
				24.6837 0.384813 6.59773,
				24.6836 0.384894 6.5975,
			]
		}
		coordIndex [
			0, 1, 2, 3, 4, 5, 6, 7, 8, 9, -1
		]
	}
}
#---------- POLYLINE
Shape {
	appearance Appearance {
		material Material {
			diffuseColor 0 1 0
			emissiveColor 0 1 0
		}
	}
	geometry IndexedLineSet {
		coord Coordinate {
			point [
				24.6836 0.384894 6.5975,
				24.8862 1.06054 7.2287,
				27.1582 8.63714 14.3069,
				29.1127 9.5472 16.4018,
				35.1691 6.00222 25,
				369.752 -189.837 500,
			]
		}
		coordIndex [
			0, 1, 2, 3, 4, 5, -1
		]
	}
}
#---------- POLYLINE
Shape {
	appearance Appearance {
		material Material {
			diffuseColor 0 1 0
			emissiveColor 0 1 0
		}
	}
	geometry IndexedLineSet {
		coord Coordinate {
			point [
				24.6836 0.384894 6.5975,
				23.4964 -3.57423 2.89882,
				17.0439 -25.092 -17.2034,
				-9.97446 -48.995 -16.6547,
				-500 -482.518 -6.70213,
			]
		}
		coordIndex [
			0, 1, 2, 3, 4, -1
		]
	}
}
#---------- POLYLINE
Shape {
	appearance Appearance {
		material Material {
			diffuseColor 0.5 0.5 0.5
			emissiveColor 0.5 0.5 0.5
		}
	}
	geometry IndexedLineSet {
		coord Coordinate {
			point [
				24.5506 0.51432 6.55501,
				23.5545 3.51643 -0.616679,
				20.168 13.7234 -25,
				-45.804 212.561 -500,
			]
		}
		coordIndex [
			0, 1, 2, 3, -1
		]
	}
}
#---------- POLYLINE
Shape {
	appearance Appearance {
		material Material {
			diffuseColor 0.5 0.5 0.5
			emissiveColor 0.5 0.5 0.5
		}
	}
	geometry IndexedLineSet {
		coord Coordinate {
			point [
				24.5506 0.51432 6.55501,
				24.5506 0.514321 6.55502,
			]
		}
		coordIndex [
			0, 1, -1
		]
	}
}
#---------- POLYLINE
Shape {
	appearance Appearance {
		material Material {
			diffuseColor 0.5 0.5 0.5
			emissiveColor 0.5 0.5 0.5
		}
	}
	geometry IndexedLineSet {
		coord Coordinate {
			point [
				15.4495 -1.47616 12.6741,
			]
		}
		coordIndex [
			0, -1
		]
	}
}
#---------- POLYLINE
Shape {
	appearance Appearance {
		material Material {
			diffuseColor 0 0 1
			emissiveColor 0 0 1
		}
	}
	geometry IndexedLineSet {
		coord Coordinate {
			point [
				15.4495 -1.47616 12.6741,
				15.4577 -1.51711 12.6336,
				15.4636 -1.54738 12.5888,
				15.4651 -1.56115 12.5393,
				15.4659 -1.57709 12.4949,
				15.4618 -1.60143 12.4614,
				15.4563 -1.63021 12.4353,
				15.4519 -1.6632 12.4213,
				15.4499 -1.69842 12.4151,
				15.442 -1.72959 12.4038,
				15.4354 -1.756 12.388,
				15.4369 -1.77878 12.3693,
				15.4385 -1.80178 12.3533,
				15.4432 -1.82513 12.3437,
				15.441 -1.84729 12.3383,
				15.4434 -1.86747 12.333,
				15.4424 -1.8851 12.3239,
				15.4434 -1.89887 12.3114,
				15.4418 -1.90799 12.2962,
				15.4334 -1.91327 12.283,
				15.4272 -1.91116 12.2691,
				15.4218 -1.90818 12.2556,
				15.4192 -1.90666 12.242,
				15.4157 -1.90638 12.2304,
				15.4109 -1.90517 12.2203,
				15.4056 -1.90502 12.2107,
				15.4016 -1.90694 12.2019,
				15.3981 -1.90753 12.1931,
				15.3982 -1.9052 12.1852,
				15.4002 -1.90103 12.1786,
				15.4019 -1.89708 12.1723,
				15.4037 -1.89549 12.1663,
				15.4036 -1.89879 12.161,
				15.4043 -1.90242 12.1564,
				15.4041 -1.90625 12.1523,
				15.4039 -1.90978 12.1483,
				15.4019 -1.91165 12.1442,
				15.401 -1.91413 12.1404,
				15.4019 -1.91725 12.1375,
				15.4038 -1.92005 12.1351,
				15.4054 -1.92295 12.133,
				15.4065 -1.92534 12.1303,
				15.4075 -1.92738 12.1275,
				15.4075 -1.92919 12.1246,
				15.4073 -1.93114 12.1221,
				15.4079 -1.93318 12.12,
				15.4089 -1.93474 12.1178,
				15.4096 -1.93589 12.1155,
				15.4101 -1.93823 12.1146,
				15.4099 -1.94065 12.1143,
				15.4087 -1.94277 12.1142,
				15.4075 -1.94473 12.1142,
				15.4064 -1.94659 12.1145,
				15.4054 -1.94822 12.1152,
				15.4042 -1.94948 12.1159,
				15.4031 -1.95082 12.1166,
				15.4022 -1.95228 12.117,
				15.4012 -1.95351 12.1173,
				15.4005 -1.95482 12.1171,
				15.4001 -1.95582 12.1161,
				15.4 -1.95669 12.1151,
				15.4 -1.95756 12.1144,
				15.4001 -1.95788 12.1138,
				15.4004 -1.95802 12.1131,
				15.4009 -1.95824 12.1124,
				15.4017 -1.95847 12.1115,
				15.4022 -1.95873 12.1106,
				15.4027 -1.95918 12.1098,
				15.403 -1.95983 12.1091,
				15.4033 -1.96048 12.1085,
				15.4035 -1.96101 12.1079,
				15.4036 -1.96148 12.1073,
				15.4036 -1.96202 12.1069,
				15.4036 -1.96252 12.1065,
				15.4034 -1.96285 12.106,
				15.4034 -1.96319 12.1055,
				15.4036 -1.96352 12.1051,
				15.4036 -1.96388 12.1046,
				15.4037 -1.96431 12.1044,
				15.4037 -1.96477 12.1042,
				15.4037 -1.96521 12.104,
				15.4037 -1.96563 12.104,
				15.4037 -1.96602 12.1039,
				15.4037 -1.96639 12.1039,
				15.4037 -1.96673 12.1038,
				15.4037 -1.96702 12.1036,
				15.4037 -1.9673 12.1035,
				15.4036 -1.96754 12.1034,
				15.4036 -1.96757 12.1034,
				15.4036 -1.96775 12.1032,
				15.4036 -1.96777 12.1032,
				15.4036 -1.9678 12.1032,
				15.4036 -1.9678 12.1032,
				15.4036 -1.96782 12.1031,
				15.4036 -1.96783 12.1031,
				15.4036 -1.96783 12.1031,
				15.4036 -1.96784 12.1031,
				15.4036 -1.96785 12.1031,
				15.4037 -1.9679 12.1031,
				15.4037 -1.96791 12.1031,
			]
		}
		coordIndex [
			0, 1, 2, 3, 4, 5, 6, 7, 8, 9, 
			10, 11, 12, 13, 14, 15, 16, 17, 18, 19, 
			20, 21, 22, 23, 24, 25, 26, 27, 28, 29, 
			30, 31, 32, 33, 34, 35, 36, 37, 38, 39, 
			40, 41, 42, 43, 44, 45, 46, 47, 48, 49, 
			50, 51, 52, 53, 54, 55, 56, 57, 58, 59, 
			60, 61, 62, 63, 64, 65, 66, 67, 68, 69, 
			70, 71, 72, 73, 74, 75, 76, 77, 78, 79, 
			80, 81, 82, 83, 84, 85, 86, 87, 88, 89, 
			90, 91, 92, 93, 94, 95, 96, 97, 98, 99, -1
		]
	}
}
#---------- POLYLINE
Shape {
	appearance Appearance {
		material Material {
			diffuseColor 0 1 0
			emissiveColor 0 1 0
		}
	}
	geometry IndexedLineSet {
		coord Coordinate {
			point [
				15.4037 -1.96791 12.1031,
				20.1575 4.99752 5.1853,
				31.2929 21.3138 -11.0193,
				18.3663 18.083 -25,
				-420.824 -91.6837 -500,
			]
		}
		coordIndex [
			0, 1, 2, 3, 4, -1
		]
	}
}
#---------- POLYLINE
Shape {
	appearance Appearance {
		material Material {
			diffuseColor 0 1 0
			emissiveColor 0 1 0
		}
	}
	geometry IndexedLineSet {
		coord Coordinate {
			point [
				15.4037 -1.96791 12.1031,
				15.4036 -1.96806 12.1032,
				6.54124 -14.9536 25,
				-319.868 -493.225 500,
			]
		}
		coordIndex [
			0, 1, 2, 3, -1
		]
	}
}
#---------- POLYLINE
Shape {
	appearance Appearance {
		material Material {
			diffuseColor 0.5 0.5 0.5
			emissiveColor 0.5 0.5 0.5
		}
	}
	geometry IndexedLineSet {
		coord Coordinate {
			point [
				15.4495 -1.47616 12.6741,
				15.1374 -1.164 13.0081,
				3.93277 10.0423 25,
				-439.883 453.926 500,
			]
		}
		coordIndex [
			0, 1, 2, 3, -1
		]
	}
}
#---------- POLYLINE
Shape {
	appearance Appearance {
		material Material {
			diffuseColor 0.5 0.5 0.5
			emissiveColor 0.5 0.5 0.5
		}
	}
	geometry IndexedLineSet {
		coord Coordinate {
			point [
				15.4495 -1.47616 12.6741,
				15.4495 -1.47616 12.6741,
			]
		}
		coordIndex [
			0, 1, -1
		]
	}
}
#---------- POLYLINE
Shape {
	appearance Appearance {
		material Material {
			diffuseColor 0.5 0.5 0.5
			emissiveColor 0.5 0.5 0.5
		}
	}
	geometry IndexedLineSet {
		coord Coordinate {
			point [
				18.0254 -2.94695 -9.50862,
			]
		}
		coordIndex [
			0, -1
		]
	}
}
#---------- POLYLINE
Shape {
	appearance Appearance {
		material Material {
			diffuseColor 0 0 1
			emissiveColor 0 0 1
		}
	}
	geometry IndexedLineSet {
		coord Coordinate {
			point [
				18.0254 -2.94695 -9.50862,
				17.8425 -2.93676 -9.45631,
				17.7005 -2.9682 -9.39576,
				17.649 -3.09022 -9.41238,
				17.5846 -3.06461 -9.50074,
				17.6253 -3.04111 -9.58419,
				17.6171 -2.98588 -9.62592,
				17.6239 -2.94041 -9.65324,
				17.6401 -2.90556 -9.67186,
				17.6498 -2.87105 -9.66887,
				17.6748 -2.85614 -9.66035,
				17.6525 -2.84386 -9.66,
				17.6381 -2.84814 -9.66683,
				17.6376 -2.84864 -9.66673,
			]
		}
		coordIndex [
			0, 1, 2, 3, 4, 5, 6, 7, 8, 9, 
			10, 11, 12, 13, -1
		]
	}
}
#---------- POLYLINE
Shape {
	appearance Appearance {
		material Material {
			diffuseColor 0 1 0
			emissiveColor 0 1 0
		}
	}
	geometry IndexedLineSet {
		coord Coordinate {
			point [
				17.6376 -2.84864 -9.66673,
				18.3639 4.72473 -6.93681,
				20.2093 23.9679 -0.000352824,
				-1.56026 49.9757 -9.31976,
				-378.249 500 -170.578,
			]
		}
		coordIndex [
			0, 1, 2, 3, 4, -1
		]
	}
}
#---------- POLYLINE
Shape {
	appearance Appearance {
		material Material {
			diffuseColor 0 1 0
			emissiveColor 0 1 0
		}
	}
	geometry IndexedLineSet {
		coord Coordinate {
			point [
				17.6376 -2.84864 -9.66673,
				17.4957 -4.32767 -10.1999,
				13.5583 -45.3864 -25,
				-30.0387 -500 -188.871,
			]
		}
		coordIndex [
			0, 1, 2, 3, -1
		]
	}
}
#---------- POLYLINE
Shape {
	appearance Appearance {
		material Material {
			diffuseColor 0.5 0.5 0.5
			emissiveColor 0.5 0.5 0.5
		}
	}
	geometry IndexedLineSet {
		coord Coordinate {
			point [
				18.0254 -2.94695 -9.50862,
				18.833 -4.8619 -9.75015,
				32.7257 -37.8025 -13.905,
				227.659 -500 -72.2026,
			]
		}
		coordIndex [
			0, 1, 2, 3, -1
		]
	}
}
#---------- POLYLINE
Shape {
	appearance Appearance {
		material Material {
			diffuseColor 0.5 0.5 0.5
			emissiveColor 0.5 0.5 0.5
		}
	}
	geometry IndexedLineSet {
		coord Coordinate {
			point [
				18.0254 -2.94695 -9.50862,
				18.0254 -2.94695 -9.50862,
			]
		}
		coordIndex [
			0, 1, -1
		]
	}
}
#---------- POLYLINE
Shape {
	appearance Appearance {
		material Material {
			diffuseColor 0.5 0.5 0.5
			emissiveColor 0.5 0.5 0.5
		}
	}
	geometry IndexedLineSet {
		coord Coordinate {
			point [
				22.8664 -1.17814 2.3948,
			]
		}
		coordIndex [
			0, -1
		]
	}
}
#---------- POLYLINE
Shape {
	appearance Appearance {
		material Material {
			diffuseColor 0 0 1
			emissiveColor 0 0 1
		}
	}
	geometry IndexedLineSet {
		coord Coordinate {
			point [
				22.8664 -1.17814 2.3948,
				22.8544 -1.08417 2.22841,
				22.8597 -0.937831 2.15602,
				22.8979 -0.851168 2.05578,
				22.9428 -0.781455 2.11196,
				22.9731 -0.725476 2.05926,
				23.0319 -0.699449 2.0374,
				23.0351 -0.659863 1.99213,
				23.0677 -0.64406 1.95584,
				23.091 -0.651585 1.92048,
				23.0866 -0.641894 1.89469,
				23.082 -0.640586 1.87264,
				23.0874 -0.651256 1.87383,
				23.0872 -0.650754 1.87355,
			]
		}
		coordIndex [
			0, 1, 2, 3, 4, 5, 6, 7, 8, 9, 
			10, 11, 12, 13, -1
		]
	}
}
#---------- POLYLINE
Shape {
	appearance Appearance {
		material Material {
			diffuseColor 0 1 0
			emissiveColor 0 1 0
		}
	}
	geometry IndexedLineSet {
		coord Coordinate {
			point [
				23.0872 -0.650754 1.87355,
				24.1385 -2.80582 1.61689,
				29.8779 -14.5713 0.215685,
				34.5869 -36.1074 24.6954,
				126.019 -454.259 500,
			]
		}
		coordIndex [
			0, 1, 2, 3, 4, -1
		]
	}
}
#---------- POLYLINE
Shape {
	appearance Appearance {
		material Material {
			diffuseColor 0 1 0
			emissiveColor 0 1 0
		}
	}
	geometry IndexedLineSet {
		coord Coordinate {
			point [
				23.0872 -0.650754 1.87355,
				20.3363 4.98868 2.54517,
				18.7005 8.3419 2.94452,
				19.8769 13.0802 9.55642,
				34.5112 36.1798 11.6317,
				328.355 500 53.3021,
			]
		}
		coordIndex [
			0, 1, 2, 3, 4, 5, -1
		]
	}
}
#---------- POLYLINE
Shape {
	appearance Appearance {
		material Material {
			diffuseColor 0.5 0.5 0.5
			emissiveColor 0.5 0.5 0.5
		}
	}
	geometry IndexedLineSet {
		coord Coordinate {
			point [
				22.8664 -1.17814 2.3948,
				22.7148 -4.19882 2.54745,
				20.6399 -45.5411 4.63668,
				-2.16769 -500 27.6028,
			]
		}
		coordIndex [
			0, 1, 2, 3, -1
		]
	}
}
#---------- POLYLINE
Shape {
	appearance Appearance {
		material Material {
			diffuseColor 0.5 0.5 0.5
			emissiveColor 0.5 0.5 0.5
		}
	}
	geometry IndexedLineSet {
		coord Coordinate {
			point [
				22.8664 -1.17814 2.3948,
				22.8664 -1.17814 2.39481,
			]
		}
		coordIndex [
			0, 1, -1
		]
	}
}
#---------- POLYLINE
Shape {
	appearance Appearance {
		material Material {
			diffuseColor 0.5 0.5 0.5
			emissiveColor 0.5 0.5 0.5
		}
	}
	geometry IndexedLineSet {
		coord Coordinate {
			point [
				21.984 -1.44216 15.6077,
			]
		}
		coordIndex [
			0, -1
		]
	}
}
#---------- POLYLINE
Shape {
	appearance Appearance {
		material Material {
			diffuseColor 0 0 1
			emissiveColor 0 0 1
		}
	}
	geometry IndexedLineSet {
		coord Coordinate {
			point [
				21.984 -1.44216 15.6077,
				21.9834 -1.44208 15.6078,
			]
		}
		coordIndex [
			0, 1, -1
		]
	}
}
#---------- POLYLINE
Shape {
	appearance Appearance {
		material Material {
			diffuseColor 0 1 0
			emissiveColor 0 1 0
		}
	}
	geometry IndexedLineSet {
		coord Coordinate {
			point [
				21.9834 -1.44208 15.6078,
				21.9667 -4.59697 16.8801,
				21.86 -24.7315 25,
				19.3423 -500 216.667,
			]
		}
		coordIndex [
			0, 1, 2, 3, -1
		]
	}
}
#---------- POLYLINE
Shape {
	appearance Appearance {
		material Material {
			diffuseColor 0 1 0
			emissiveColor 0 1 0
		}
	}
	geometry IndexedLineSet {
		coord Coordinate {
			point [
				21.9834 -1.44208 15.6078,
				22.0153 4.57587 13.1809,
				22.0156 4.63623 13.1566,
				12.7059 48.3587 -22.4732,
				-83.461 500 -390.519,
			]
		}
		coordIndex [
			0, 1, 2, 3, 4, -1
		]
	}
}
#---------- POLYLINE
Shape {
	appearance Appearance {
		material Material {
			diffuseColor 0.5 0.5 0.5
			emissiveColor 0.5 0.5 0.5
		}
	}
	geometry IndexedLineSet {
		coord Coordinate {
			point [
				21.984 -1.44216 15.6077,
				20.0378 -4.99986 14.6138,
				14.5006 -15.1217 11.7861,
				10.593 -22.2647 9.79061,
				-4.47024 -49.7998 2.09835,
				-250.755 -500 -123.671,
			]
		}
		coordIndex [
			0, 1, 2, 3, 4, 5, -1
		]
	}
}
#---------- POLYLINE
Shape {
	appearance Appearance {
		material Material {
			diffuseColor 0.5 0.5 0.5
			emissiveColor 0.5 0.5 0.5
		}
	}
	geometry IndexedLineSet {
		coord Coordinate {
			point [
				21.984 -1.44216 15.6077,
				21.984 -1.44215 15.6077,
			]
		}
		coordIndex [
			0, 1, -1
		]
	}
}
#---------- POLYLINE
Shape {
	appearance Appearance {
		material Material {
			diffuseColor 0.5 0.5 0.5
			emissiveColor 0.5 0.5 0.5
		}
	}
	geometry IndexedLineSet {
		coord Coordinate {
			point [
				17.7941 2.33599 -17.9834,
			]
		}
		coordIndex [
			0, -1
		]
	}
}
#---------- POLYLINE
Shape {
	appearance Appearance {
		material Material {
			diffuseColor 0 0 1
			emissiveColor 0 0 1
		}
	}
	geometry IndexedLineSet {
		coord Coordinate {
			point [
				17.7941 2.33599 -17.9834,
				17.7177 2.33662 -18.0309,
				17.6481 2.32238 -18.0521,
				17.6205 2.28573 -18.0925,
				17.6387 2.30288 -18.1357,
				17.6345 2.304 -18.1695,
				17.6377 2.32684 -18.1858,
				17.6364 2.34384 -18.1697,
				17.6313 2.34879 -18.1569,
				17.6316 2.34877 -18.1569,
			]
		}
		coordIndex [
			0, 1, 2, 3, 4, 5, 6, 7, 8, 9, -1
		]
	}
}
#---------- POLYLINE
Shape {
	appearance Appearance {
		material Material {
			diffuseColor 0 1 0
			emissiveColor 0 1 0
		}
	}
	geometry IndexedLineSet {
		coord Coordinate {
			point [
				17.6316 2.34877 -18.1569,
				15.7833 2.68697 -17.7676,
				-47.8996 14.3398 -4.35523,
				-500 97.0663 90.8626,
			]
		}
		coordIndex [
			0, 1, 2, 3, -1
		]
	}
}
#---------- POLYLINE
Shape {
	appearance Appearance {
		material Material {
			diffuseColor 0 1 0
			emissiveColor 0 1 0
		}
	}
	geometry IndexedLineSet {
		coord Coordinate {
			point [
				17.6316 2.34877 -18.1569,
				24.8949 1.01971 -19.6866,
				49.8737 -3.55098 -24.9475,
				500 -85.9162 -119.75,
			]
		}
		coordIndex [
			0, 1, 2, 3, -1
		]
	}
}
#---------- POLYLINE
Shape {
	appearance Appearance {
		material Material {
			diffuseColor 0.5 0.5 0.5
			emissiveColor 0.5 0.5 0.5
		}
	}
	geometry IndexedLineSet {
		coord Coordinate {
			point [
				17.7941 2.33599 -17.9834,
				24.7443 1.57848 -7.99294,
				47.6968 -0.923177 25,
				378.144 -36.9395 500,
			]
		}
		coordIndex [
			0, 1, 2, 3, -1
		]
	}
}
#---------- POLYLINE
Shape {
	appearance Appearance {
		material Material {
			diffuseColor 0.5 0.5 0.5
			emissiveColor 0.5 0.5 0.5
		}
	}
	geometry IndexedLineSet {
		coord Coordinate {
			point [
				17.7941 2.33599 -17.9834,
				17.7941 2.336 -17.9834,
			]
		}
		coordIndex [
			0, 1, -1
		]
	}
}
#---------- POLYLINE
Shape {
	appearance Appearance {
		material Material {
			diffuseColor 0.5 0.5 0.5
			emissiveColor 0.5 0.5 0.5
		}
	}
	geometry IndexedLineSet {
		coord Coordinate {
			point [
				21.764 -2.21864 3.00334,
			]
		}
		coordIndex [
			0, -1
		]
	}
}
#---------- POLYLINE
Shape {
	appearance Appearance {
		material Material {
			diffuseColor 0 0 1
			emissiveColor 0 0 1
		}
	}
	geometry IndexedLineSet {
		coord Coordinate {
			point [
				21.764 -2.21864 3.00334,
				21.7641 -2.21874 3.0034,
			]
		}
		coordIndex [
			0, 1, -1
		]
	}
}
#---------- POLYLINE
Shape {
	appearance Appearance {
		material Material {
			diffuseColor 0 1 0
			emissiveColor 0 1 0
		}
	}
	geometry IndexedLineSet {
		coord Coordinate {
			point [
				21.7641 -2.21874 3.0034,
				16.1308 -3.16696 2.92918,
				-48.0106 -13.9636 2.08406,
				-150.873 -31.2779 0.728754,
				-392.004 -500 -102.852,
			]
		}
		coordIndex [
			0, 1, 2, 3, 4, -1
		]
	}
}
#---------- POLYLINE
Shape {
	appearance Appearance {
		material Material {
			diffuseColor 1 0 0
			emissiveColor 1 0 0
		}
	}
	geometry IndexedLineSet {
		coord Coordinate {
			point [
				-150.873 -31.2779 0.728754,
				-172.127 -18.3862 17.0777,
				-172.13 -18.3826 17.082,
				-172.484 -17.9624 17.5418,
				-178.965 -4.20162 30.5795,
				-196.787 8.95176 38.0611,
				-213.572 17.5927 46.7071,
				-230.347 10.7323 55.2603,
				-243.619 4.51182 65.2783,
				-250.387 -6.90567 73.7571,
				-259.849 -26.882 88.3138,
				-264.192 -31.2754 91.6607,
				-285.663 -43.0836 95.7566,
				-301.166 -61.4184 97.7428,
				-296.179 -58.3754 96.5831,
				-288.532 -45.9225 89.6712,
				-285.188 -40.5871 87.6603,
				-275.137 -39.6441 84.4051,
				-268.985 -37.0961 88.425,
				-268.915 -37.934 87.8808,
				-266.482 -42.9283 85.1551,
				-261.385 -43.5506 83.962,
				-258.07 -45.7141 83.5201,
				-255.976 -47.1647 81.9689,
				-255.82 -47.2874 81.9701,
				-255.327 -48.5293 81.6492,
				-254.905 -49.4108 81.2444,
				-254.46 -50.0113 81.0166,
				-254.324 -50.6801 80.7676,
				-253.963 -51.2246 80.8285,
				-253.735 -51.6485 80.8151,
				-253.452 -51.8651 80.6627,
				-253.201 -51.9 80.7035,
				-253.084 -52.0396 80.8559,
				-253.043 -52.2058 80.9717,
				-252.926 -52.2807 81.0742,
				-252.81 -52.3695 81.1248,
				-252.69 -52.4278 81.0929,
				-252.604 -52.3913 81.0875,
				-252.54 -52.3434 81.0516,
				-252.517 -52.2783 81.0547,
				-252.498 -52.2334 81.0925,
				-252.489 -52.2154 81.1128,
				-252.509 -52.2085 81.118,
				-252.511 -52.2088 81.1173,
				-252.511 -52.2086 81.1171,
			]
		}
		coordIndex [
			0, 1, 2, 3, 4, 5, 6, 7, 8, 9, 
			10, 11, 12, 13, 14, 15, 16, 17, 18, 19, 
			20, 21, 22, 23, 24, 25, 26, 27, 28, 29, 
			30, 31, 32, 33, 34, 35, 36, 37, 38, 39, 
			40, 41, 42, 43, 44, 45, -1
		]
	}
}
#---------- POLYLINE
Shape {
	appearance Appearance {
		material Material {
			diffuseColor 1 0 0
			emissiveColor 1 0 0
		}
	}
	geometry IndexedLineSet {
		coord Coordinate {
			point [
				-255.82 -47.2874 81.9701,
				-255.675 -47.2469 82.0303,
				-255.555 -47.2266 82.0678,
				-255.473 -47.2776 82.0793,
				-255.497 -47.2847 82.1165,
				-255.519 -47.3066 82.1374,
				-255.522 -47.3063 82.1677,
				-255.529 -47.2887 82.181,
				-255.543 -47.2867 82.1814,
				-255.543 -47.2938 82.1831,
				-255.543 -47.2962 82.1795,
				-255.543 -47.2958 82.1793,
			]
		}
		coordIndex [
			0, 1, 2, 3, 4, 5, 6, 7, 8, 9, 
			10, 11, -1
		]
	}
}
#---------- POLYLINE
Shape {
	appearance Appearance {
		material Material {
			diffuseColor 1 0 0
			emissiveColor 1 0 0
		}
	}
	geometry IndexedLineSet {
		coord Coordinate {
			point [
				-255.82 -47.2874 81.9701,
				-255.821 -47.288 81.9704,
				-255.821 -47.2881 81.9702,
			]
		}
		coordIndex [
			0, 1, 2, -1
		]
	}
}
#---------- POLYLINE
Shape {
	appearance Appearance {
		material Material {
			diffuseColor 1 0 0
			emissiveColor 1 0 0
		}
	}
	geometry IndexedLineSet {
		coord Coordinate {
			point [
				-268.915 -37.934 87.8808,
				-268.916 -37.9364 87.8823,
				-268.916 -37.9367 87.8822,
			]
		}
		coordIndex [
			0, 1, 2, -1
		]
	}
}
#---------- POLYLINE
Shape {
	appearance Appearance {
		material Material {
			diffuseColor 1 0 0
			emissiveColor 1 0 0
		}
	}
	geometry IndexedLineSet {
		coord Coordinate {
			point [
				-268.985 -37.0961 88.425,
				-269.009 -37.085 88.4044,
				-268.995 -37.0609 88.4032,
				-269.002 -37.0644 88.4018,
				-269.002 -37.0639 88.4015,
			]
		}
		coordIndex [
			0, 1, 2, 3, 4, -1
		]
	}
}
#---------- POLYLINE
Shape {
	appearance Appearance {
		material Material {
			diffuseColor 1 0 0
			emissiveColor 1 0 0
		}
	}
	geometry IndexedLineSet {
		coord Coordinate {
			point [
				-268.985 -37.0961 88.425,
				-268.986 -37.0957 88.4246,
			]
		}
		coordIndex [
			0, 1, -1
		]
	}
}
#---------- POLYLINE
Shape {
	appearance Appearance {
		material Material {
			diffuseColor 1 0 0
			emissiveColor 1 0 0
		}
	}
	geometry IndexedLineSet {
		coord Coordinate {
			point [
				-285.188 -40.5871 87.6603,
				-285.194 -40.6 87.6357,
				-285.208 -40.5852 87.6171,
				-285.209 -40.5809 87.5972,
				-285.215 -40.5863 87.5859,
				-285.215 -40.5867 87.5862,
			]
		}
		coordIndex [
			0, 1, 2, 3, 4, 5, -1
		]
	}
}
#---------- POLYLINE
Shape {
	appearance Appearance {
		material Material {
			diffuseColor 1 0 0
			emissiveColor 1 0 0
		}
	}
	geometry IndexedLineSet {
		coord Coordinate {
			point [
				-285.188 -40.5871 87.6603,
				-285.188 -40.5869 87.6612,
				-285.188 -40.5864 87.6617,
			]
		}
		coordIndex [
			0, 1, 2, -1
		]
	}
}
#---------- POLYLINE
Shape {
	appearance Appearance {
		material Material {
			diffuseColor 1 0 0
			emissiveColor 1 0 0
		}
	}
	geometry IndexedLineSet {
		coord Coordinate {
			point [
				-296.179 -58.3754 96.5831,
				-296.173 -58.3946 96.5538,
				-296.177 -58.4197 96.5402,
				-296.182 -58.4396 96.5389,
				-296.18 -58.4599 96.5413,
				-296.187 -58.4671 96.5281,
				-296.19 -58.4648 96.5244,
				-296.19 -58.4642 96.524,
				-296.19 -58.4639 96.524,
			]
		}
		coordIndex [
			0, 1, 2, 3, 4, 5, 6, 7, 8, -1
		]
	}
}
#---------- POLYLINE
Shape {
	appearance Appearance {
		material Material {
			diffuseColor 1 0 0
			emissiveColor 1 0 0
		}
	}
	geometry IndexedLineSet {
		coord Coordinate {
			point [
				-285.663 -43.0836 95.7566,
				-285.681 -43.0676 95.7665,
				-285.686 -43.064 95.776,
				-285.686 -43.0642 95.7769,
				-285.686 -43.0644 95.7772,
			]
		}
		coordIndex [
			0, 1, 2, 3, 4, -1
		]
	}
}
#---------- POLYLINE
Shape {
	appearance Appearance {
		material Material {
			diffuseColor 1 0 0
			emissiveColor 1 0 0
		}
	}
	geometry IndexedLineSet {
		coord Coordinate {
			point [
				-264.192 -31.2754 91.6607,
				-264.196 -31.2762 91.6352,
				-264.189 -31.2621 91.6389,
				-264.189 -31.2623 91.6389,
			]
		}
		coordIndex [
			0, 1, 2, 3, -1
		]
	}
}
#---------- POLYLINE
Shape {
	appearance Appearance {
		material Material {
			diffuseColor 1 0 0
			emissiveColor 1 0 0
		}
	}
	geometry IndexedLineSet {
		coord Coordinate {
			point [
				-259.849 -26.882 88.3138,
				-259.826 -26.9261 88.2877,
				-259.789 -26.9513 88.2625,
				-259.765 -26.9818 88.237,
				-259.8 -27.008 88.2247,
				-259.794 -27.0193 88.2177,
				-259.795 -27.0202 88.2187,
			]
		}
		coordIndex [
			0, 1, 2, 3, 4, 5, 6, -1
		]
	}
}
#---------- POLYLINE
Shape {
	appearance Appearance {
		material Material {
			diffuseColor 1 0 0
			emissiveColor 1 0 0
		}
	}
	geometry IndexedLineSet {
		coord Coordinate {
			point [
				-178.965 -4.20162 30.5795,
				-178.892 -4.25266 30.7209,
				-178.821 -4.27639 30.7948,
				-178.785 -4.26813 30.8143,
				-178.757 -4.27509 30.8102,
				-178.745 -4.28033 30.7996,
				-178.733 -4.28211 30.7909,
				-178.723 -4.28214 30.8021,
				-178.722 -4.28158 30.8022,
				-178.722 -4.28216 30.8025,
				-178.722 -4.28201 30.8026,
			]
		}
		coordIndex [
			0, 1, 2, 3, 4, 5, 6, 7, 8, 9, 
			10, -1
		]
	}
}
#---------- POLYLINE
Shape {
	appearance Appearance {
		material Material {
			diffuseColor 1 0 0
			emissiveColor 1 0 0
		}
	}
	geometry IndexedLineSet {
		coord Coordinate {
			point [
				-172.484 -17.9624 17.5418,
				-172.52 -17.9609 17.5227,
				-172.516 -17.9755 17.4884,
				-172.505 -18.0017 17.468,
				-172.483 -18.0173 17.4698,
				-172.492 -18.0379 17.481,
				-172.505 -18.0488 17.497,
				-172.508 -18.0483 17.4985,
			]
		}
		coordIndex [
			0, 1, 2, 3, 4, 5, 6, 7, -1
		]
	}
}
#---------- POLYLINE
Shape {
	appearance Appearance {
		material Material {
			diffuseColor 0 1 0
			emissiveColor 0 1 0
		}
	}
	geometry IndexedLineSet {
		coord Coordinate {
			point [
				21.7641 -2.21874 3.0034,
				24.6927 -1.72578 3.04199,
				49.9363 2.52334 3.37459,
				500 78.2803 9.30457,
			]
		}
		coordIndex [
			0, 1, 2, 3, -1
		]
	}
}
#---------- POLYLINE
Shape {
	appearance Appearance {
		material Material {
			diffuseColor 0.5 0.5 0.5
			emissiveColor 0.5 0.5 0.5
		}
	}
	geometry IndexedLineSet {
		coord Coordinate {
			point [
				21.764 -2.21864 3.00334,
				24.1262 -2.82394 5.98845,
				39.1701 -6.67893 25,
				415.04 -102.995 500,
			]
		}
		coordIndex [
			0, 1, 2, 3, -1
		]
	}
}
#---------- POLYLINE
Shape {
	appearance Appearance {
		material Material {
			diffuseColor 0.5 0.5 0.5
			emissiveColor 0.5 0.5 0.5
		}
	}
	geometry IndexedLineSet {
		coord Coordinate {
			point [
				21.764 -2.21864 3.00334,
				21.764 -2.21864 3.00333,
			]
		}
		coordIndex [
			0, 1, -1
		]
	}
}
#---------- POLYLINE
Shape {
	appearance Appearance {
		material Material {
			diffuseColor 0.5 0.5 0.5
			emissiveColor 0.5 0.5 0.5
		}
	}
	geometry IndexedLineSet {
		coord Coordinate {
			point [
				18.5064 2.38865 12.8635,
			]
		}
		coordIndex [
			0, -1
		]
	}
}
#---------- POLYLINE
Shape {
	appearance Appearance {
		material Material {
			diffuseColor 0 0 1
			emissiveColor 0 0 1
		}
	}
	geometry IndexedLineSet {
		coord Coordinate {
			point [
				18.5064 2.38865 12.8635,
				18.5086 2.37463 12.8932,
				18.4887 2.38077 12.9099,
				18.4733 2.37034 12.9194,
				18.4684 2.37542 12.9228,
				18.4684 2.37548 12.9228,
			]
		}
		coordIndex [
			0, 1, 2, 3, 4, 5, -1
		]
	}
}
#---------- POLYLINE
Shape {
	appearance Appearance {
		material Material {
			diffuseColor 0 1 0
			emissiveColor 0 1 0
		}
	}
	geometry IndexedLineSet {
		coord Coordinate {
			point [
				18.4684 2.37548 12.9228,
				15.8393 1.98948 20,
				14.5338 1.79781 23.5141,
				17.4929 -3.50349 25,
				294.624 -500 164.161,
			]
		}
		coordIndex [
			0, 1, 2, 3, 4, -1
		]
	}
}
#---------- POLYLINE
Shape {
	appearance Appearance {
		material Material {
			diffuseColor 0 1 0
			emissiveColor 0 1 0
		}
	}
	geometry IndexedLineSet {
		coord Coordinate {
			point [
				18.4684 2.37548 12.9228,
				23.8681 3.16827 -1.6126,
				27.3419 3.67829 -10.9636,
				24.8036 1.38771 -8.64129,
				18.128 -4.63635 -2.53374,
				9.61952 -12.3145 5.25081,
				5.0796 -16.4114 9.40445,
				-11.9663 -31.7937 25,
				-500 -472.199 471.509,
			]
		}
		coordIndex [
			0, 1, 2, 3, 4, 5, 6, 7, 8, -1
		]
	}
}
#---------- POLYLINE
Shape {
	appearance Appearance {
		material Material {
			diffuseColor 0.5 0.5 0.5
			emissiveColor 0.5 0.5 0.5
		}
	}
	geometry IndexedLineSet {
		coord Coordinate {
			point [
				18.5064 2.38865 12.8635,
				24.9738 -0.511028 3.59917,
				44.9387 -9.46237 -25,
				376.534 -158.134 -500,
			]
		}
		coordIndex [
			0, 1, 2, 3, -1
		]
	}
}
#---------- POLYLINE
Shape {
	appearance Appearance {
		material Material {
			diffuseColor 0.5 0.5 0.5
			emissiveColor 0.5 0.5 0.5
		}
	}
	geometry IndexedLineSet {
		coord Coordinate {
			point [
				18.5064 2.38865 12.8635,
				18.5064 2.38865 12.8635,
			]
		}
		coordIndex [
			0, 1, -1
		]
	}
}
#---------- POLYLINE
Shape {
	appearance Appearance {
		material Material {
			diffuseColor 0.5 0.5 0.5
			emissiveColor 0.5 0.5 0.5
		}
	}
	geometry IndexedLineSet {
		coord Coordinate {
			point [
				23.5193 -0.374658 -0.833463,
			]
		}
		coordIndex [
			0, -1
		]
	}
}
#---------- POLYLINE
Shape {
	appearance Appearance {
		material Material {
			diffuseColor 0 0 1
			emissiveColor 0 0 1
		}
	}
	geometry IndexedLineSet {
		coord Coordinate {
			point [
				23.5193 -0.374658 -0.833463,
				23.506 -0.378158 -0.913604,
				23.5325 -0.423406 -0.948523,
				23.5474 -0.454261 -0.980312,
				23.5717 -0.460722 -1.00284,
				23.599 -0.467826 -1.008,
			]
		}
		coordIndex [
			0, 1, 2, 3, 4, 5, -1
		]
	}
}
#---------- POLYLINE
Shape {
	appearance Appearance {
		material Material {
			diffuseColor 0 1 0
			emissiveColor 0 1 0
		}
	}
	geometry IndexedLineSet {
		coord Coordinate {
			point [
				23.599 -0.467826 -1.008,
				24.97 0.546924 -2.04888,
				47.0588 16.8958 -18.8186,
				500 352.137 -362.69,
			]
		}
		coordIndex [
			0, 1, 2, 3, -1
		]
	}
}
#---------- POLYLINE
Shape {
	appearance Appearance {
		material Material {
			diffuseColor 0 1 0
			emissiveColor 0 1 0
		}
	}
	geometry IndexedLineSet {
		coord Coordinate {
			point [
				23.599 -0.467826 -1.008,
				18.025 -4.59339 3.22376,
				-10.6583 -25.8231 25,
				-500 -388.006 396.507,
			]
		}
		coordIndex [
			0, 1, 2, 3, -1
		]
	}
}
#---------- POLYLINE
Shape {
	appearance Appearance {
		material Material {
			diffuseColor 0.5 0.5 0.5
			emissiveColor 0.5 0.5 0.5
		}
	}
	geometry IndexedLineSet {
		coord Coordinate {
			point [
				23.5193 -0.374658 -0.833463,
				24.6804 -1.759 -1.43801,
				43.6531 -24.3805 -11.3169,
				442.556 -500 -219.022,
			]
		}
		coordIndex [
			0, 1, 2, 3, -1
		]
	}
}
#---------- POLYLINE
Shape {
	appearance Appearance {
		material Material {
			diffuseColor 0.5 0.5 0.5
			emissiveColor 0.5 0.5 0.5
		}
	}
	geometry IndexedLineSet {
		coord Coordinate {
			point [
				23.5193 -0.374658 -0.833463,
				23.5193 -0.374652 -0.833453,
			]
		}
		coordIndex [
			0, 1, -1
		]
	}
}
#---------- POLYLINE
Shape {
	appearance Appearance {
		material Material {
			diffuseColor 0.5 0.5 0.5
			emissiveColor 0.5 0.5 0.5
		}
	}
	geometry IndexedLineSet {
		coord Coordinate {
			point [
				22.16 -2.40261 15.0322,
			]
		}
		coordIndex [
			0, -1
		]
	}
}
#---------- POLYLINE
Shape {
	appearance Appearance {
		material Material {
			diffuseColor 0 0 1
			emissiveColor 0 0 1
		}
	}
	geometry IndexedLineSet {
		coord Coordinate {
			point [
				22.16 -2.40261 15.0322,
				22.2443 -2.51471 15.0612,
				22.333 -2.60034 15.1087,
				22.426 -2.67697 15.1477,
				22.4991 -2.76698 15.1575,
				22.5437 -2.8594 15.1212,
				22.5653 -2.9312 15.0494,
				22.5698 -2.98011 14.9661,
				22.5526 -3.0067 14.8799,
				22.539 -3.05476 14.8095,
				22.491 -3.19351 14.6539,
				22.4256 -3.35556 14.6025,
				22.3571 -3.48917 14.5929,
				22.2696 -3.57123 14.6377,
				22.2211 -3.63224 14.7148,
				22.206 -3.66234 14.7906,
				22.2058 -3.67493 14.8628,
				22.2077 -3.68363 14.9259,
				22.2202 -3.66243 14.9725,
				22.2262 -3.66165 15.0176,
				22.2452 -3.67032 15.0473,
				22.2589 -3.67992 15.0716,
				22.2821 -3.67534 15.0646,
				22.2847 -3.65859 15.0745,
				22.2906 -3.65992 15.0762,
				22.2908 -3.66024 15.0762,
			]
		}
		coordIndex [
			0, 1, 2, 3, 4, 5, 6, 7, 8, 9, 
			10, 11, 12, 13, 14, 15, 16, 17, 18, 19, 
			20, 21, 22, 23, 24, 25, -1
		]
	}
}
#---------- POLYLINE
Shape {
	appearance Appearance {
		material Material {
			diffuseColor 0 1 0
			emissiveColor 0 1 0
		}
	}
	geometry IndexedLineSet {
		coord Coordinate {
			point [
				22.2908 -3.66024 15.0762,
				22.192 -1.43688 17.8244,
				15.5916 2.35917 17.6674,
				-1.7067 12.3078 17.2562,
				-7.76042 15.8098 25,
				-379.09 230.618 500,
			]
		}
		coordIndex [
			0, 1, 2, 3, 4, 5, -1
		]
	}
}
#---------- POLYLINE
Shape {
	appearance Appearance {
		material Material {
			diffuseColor 0 1 0
			emissiveColor 0 1 0
		}
	}
	geometry IndexedLineSet {
		coord Coordinate {
			point [
				22.2908 -3.66024 15.0762,
				22.3248 -4.42665 14.1288,
				23.7313 -36.0828 -25,
				40.8047 -420.369 -500,
			]
		}
		coordIndex [
			0, 1, 2, 3, -1
		]
	}
}
#---------- POLYLINE
Shape {
	appearance Appearance {
		material Material {
			diffuseColor 0.5 0.5 0.5
			emissiveColor 0.5 0.5 0.5
		}
	}
	geometry IndexedLineSet {
		coord Coordinate {
			point [
				22.16 -2.40261 15.0322,
				19.7193 -4.99211 15.2027,
				12.302 -12.8615 15.7208,
				5.70525 -19.8603 16.1816,
				-19.1208 -46.1995 17.9157,
				-446.851 -500 47.7932,
			]
		}
		coordIndex [
			0, 1, 2, 3, 4, 5, -1
		]
	}
}
#---------- POLYLINE
Shape {
	appearance Appearance {
		material Material {
			diffuseColor 0.5 0.5 0.5
			emissiveColor 0.5 0.5 0.5
		}
	}
	geometry IndexedLineSet {
		coord Coordinate {
			point [
				22.16 -2.40261 15.0322,
				22.16 -2.4026 15.0322,
			]
		}
		coordIndex [
			0, 1, -1
		]
	}
}
#---------- POLYLINE
Shape {
	appearance Appearance {
		material Material {
			diffuseColor 0.5 0.5 0.5
			emissiveColor 0.5 0.5 0.5
		}
	}
	geometry IndexedLineSet {
		coord Coordinate {
			point [
				19.263 1.65396 16.5039,
			]
		}
		coordIndex [
			0, -1
		]
	}
}
#---------- POLYLINE
Shape {
	appearance Appearance {
		material Material {
			diffuseColor 0 0 1
			emissiveColor 0 0 1
		}
	}
	geometry IndexedLineSet {
		coord Coordinate {
			point [
				19.263 1.65396 16.5039,
				19.2248 1.50697 16.8373,
				19.1503 1.63335 17.1107,
				18.9664 1.70745 17.2733,
				18.809 1.77833 17.3166,
				18.6965 1.72598 17.265,
				18.6047 1.71844 17.3284,
				18.546 1.66174 17.3716,
				18.4709 1.65818 17.3448,
				18.4294 1.62374 17.3148,
				18.403 1.58393 17.3046,
				18.3707 1.56231 17.3081,
				18.3565 1.53439 17.3049,
				18.351 1.5082 17.3053,
				18.3505 1.50465 17.3061,
				18.3503 1.5048 17.3061,
			]
		}
		coordIndex [
			0, 1, 2, 3, 4, 5, 6, 7, 8, 9, 
			10, 11, 12, 13, 14, 15, -1
		]
	}
}
#---------- POLYLINE
Shape {
	appearance Appearance {
		material Material {
			diffuseColor 0 1 0
			emissiveColor 0 1 0
		}
	}
	geometry IndexedLineSet {
		coord Coordinate {
			point [
				18.3503 1.5048 17.3061,
				20.291 -4.99152 19.7734,
				24.4019 -18.7527 25,
				168.166 -500 207.78,
			]
		}
		coordIndex [
			0, 1, 2, 3, -1
		]
	}
}
#---------- POLYLINE
Shape {
	appearance Appearance {
		material Material {
			diffuseColor 0 1 0
			emissiveColor 0 1 0
		}
	}
	geometry IndexedLineSet {
		coord Coordinate {
			point [
				18.3503 1.5048 17.3061,
				17.5054 4.33324 16.2319,
				14.3619 14.8559 12.2353,
				12.3066 21.7362 9.62212,
				3.90898 49.847 -1.05451,
				-130.566 500 -172.025,
			]
		}
		coordIndex [
			0, 1, 2, 3, 4, 5, -1
		]
	}
}
#---------- POLYLINE
Shape {
	appearance Appearance {
		material Material {
			diffuseColor 0.5 0.5 0.5
			emissiveColor 0.5 0.5 0.5
		}
	}
	geometry IndexedLineSet {
		coord Coordinate {
			point [
				19.263 1.65396 16.5039,
				22.4982 -4.33119 16.0317,
				37.8293 -32.6947 13.7943,
				290.419 -500 -23.0692,
			]
		}
		coordIndex [
			0, 1, 2, 3, -1
		]
	}
}
#---------- POLYLINE
Shape {
	appearance Appearance {
		material Material {
			diffuseColor 0.5 0.5 0.5
			emissiveColor 0.5 0.5 0.5
		}
	}
	geometry IndexedLineSet {
		coord Coordinate {
			point [
				19.263 1.65396 16.5039,
				19.263 1.65397 16.5038,
			]
		}
		coordIndex [
			0, 1, -1
		]
	}
}
#---------- POLYLINE
Shape {
	appearance Appearance {
		material Material {
			diffuseColor 0.5 0.5 0.5
			emissiveColor 0.5 0.5 0.5
		}
	}
	geometry IndexedLineSet {
		coord Coordinate {
			point [
				21.0195 -2.40337 -19.3548,
			]
		}
		coordIndex [
			0, -1
		]
	}
}
#---------- POLYLINE
Shape {
	appearance Appearance {
		material Material {
			diffuseColor 0 0 1
			emissiveColor 0 0 1
		}
	}
	geometry IndexedLineSet {
		coord Coordinate {
			point [
				21.0195 -2.40337 -19.3548,
				20.9864 -2.46396 -19.3811,
				20.9633 -2.52624 -19.4058,
				20.9299 -2.57538 -19.4364,
				20.8971 -2.61179 -19.474,
				20.8738 -2.64171 -19.5192,
				20.8631 -2.68351 -19.5551,
				20.8645 -2.71906 -19.5951,
				20.8576 -2.75481 -19.6285,
				20.8398 -2.78471 -19.6608,
				20.8108 -2.81028 -19.6826,
				20.7877 -2.82429 -19.7014,
				20.7618 -2.83975 -19.7114,
				20.7371 -2.8538 -19.72,
				20.718 -2.87291 -19.7267,
				20.7055 -2.89575 -19.7313,
				20.696 -2.918 -19.7376,
				20.6878 -2.93813 -19.7443,
				20.6738 -2.99211 -19.7633,
				20.673 -3.03607 -19.7862,
				20.669 -3.04347 -19.8226,
				20.668 -3.0391 -19.8534,
				20.6699 -3.03858 -19.8791,
				20.6712 -3.0409 -19.8989,
				20.6726 -3.04038 -19.904,
				20.6727 -3.04059 -19.904,
			]
		}
		coordIndex [
			0, 1, 2, 3, 4, 5, 6, 7, 8, 9, 
			10, 11, 12, 13, 14, 15, 16, 17, 18, 19, 
			20, 21, 22, 23, 24, 25, -1
		]
	}
}
#---------- POLYLINE
Shape {
	appearance Appearance {
		material Material {
			diffuseColor 0 1 0
			emissiveColor 0 1 0
		}
	}
	geometry IndexedLineSet {
		coord Coordinate {
			point [
				20.6727 -3.04059 -19.904,
				20.8626 -2.96736 -20,
				21.8996 -2.56769 -20.5237,
				30.6479 4.91386 -25,
				500 406.306 -265.156,
			]
		}
		coordIndex [
			0, 1, 2, 3, 4, -1
		]
	}
}
#---------- POLYLINE
Shape {
	appearance Appearance {
		material Material {
			diffuseColor 0 1 0
			emissiveColor 0 1 0
		}
	}
	geometry IndexedLineSet {
		coord Coordinate {
			point [
				20.6727 -3.04059 -19.904,
				17.4314 -4.2898 -18.2671,
				-6.66328 -13.5763 -6.09833,
				-14.9728 -16.7788 -1.90172,
				-41.9657 -27.1823 11.7308,
				-500 -203.715 243.056,
			]
		}
		coordIndex [
			0, 1, 2, 3, 4, 5, -1
		]
	}
}
#---------- POLYLINE
Shape {
	appearance Appearance {
		material Material {
			diffuseColor 0.5 0.5 0.5
			emissiveColor 0.5 0.5 0.5
		}
	}
	geometry IndexedLineSet {
		coord Coordinate {
			point [
				21.0195 -2.40337 -19.3548,
				17.0646 4.04765 -19.1086,
				11.7999 12.6352 -18.7809,
				6.65942 21.0203 -18.4609,
				-10.4322 48.8996 -17.397,
				-286.983 500 -0.182197,
			]
		}
		coordIndex [
			0, 1, 2, 3, 4, 5, -1
		]
	}
}
#---------- POLYLINE
Shape {
	appearance Appearance {
		material Material {
			diffuseColor 0.5 0.5 0.5
			emissiveColor 0.5 0.5 0.5
		}
	}
	geometry IndexedLineSet {
		coord Coordinate {
			point [
				21.0195 -2.40337 -19.3548,
				21.0195 -2.40336 -19.3548,
			]
		}
		coordIndex [
			0, 1, -1
		]
	}
}
#---------- POLYLINE
Shape {
	appearance Appearance {
		material Material {
			diffuseColor 0.5 0.5 0.5
			emissiveColor 0.5 0.5 0.5
		}
	}
	geometry IndexedLineSet {
		coord Coordinate {
			point [
				20.7826 -3.35609 -2.65473,
			]
		}
		coordIndex [
			0, -1
		]
	}
}
#---------- POLYLINE
Shape {
	appearance Appearance {
		material Material {
			diffuseColor 0 0 1
			emissiveColor 0 0 1
		}
	}
	geometry IndexedLineSet {
		coord Coordinate {
			point [
				20.7826 -3.35609 -2.65473,
				20.7977 -3.35243 -2.69353,
				20.8043 -3.34684 -2.71829,
				20.8215 -3.34853 -2.70689,
				20.8254 -3.34518 -2.70177,
				20.8251 -3.34544 -2.70177,
			]
		}
		coordIndex [
			0, 1, 2, 3, 4, 5, -1
		]
	}
}
#---------- POLYLINE
Shape {
	appearance Appearance {
		material Material {
			diffuseColor 0 1 0
			emissiveColor 0 1 0
		}
	}
	geometry IndexedLineSet {
		coord Coordinate {
			point [
				20.8251 -3.34544 -2.70177,
				15.0066 0.256799 0.315821,
				-6.60031 13.6337 11.5216,
				-14.7634 18.6874 15.7552,
				-14.7914 18.7292 15.776,
				-27.1827 37.2065 25,
				-337.545 500 256.03,
			]
		}
		coordIndex [
			0, 1, 2, 3, 4, 5, 6, -1
		]
	}
}
#---------- POLYLINE
Shape {
	appearance Appearance {
		material Material {
			diffuseColor 0 1 0
			emissiveColor 0 1 0
		}
	}
	geometry IndexedLineSet {
		coord Coordinate {
			point [
				20.8251 -3.34544 -2.70177,
				22.4561 -4.35519 -3.54764,
				23.0456 -4.72013 -3.85335,
				40.1995 -29.7321 -22.1298,
				362.723 -500 -365.757,
			]
		}
		coordIndex [
			0, 1, 2, 3, 4, -1
		]
	}
}
#---------- POLYLINE
Shape {
	appearance Appearance {
		material Material {
			diffuseColor 0.5 0.5 0.5
			emissiveColor 0.5 0.5 0.5
		}
	}
	geometry IndexedLineSet {
		coord Coordinate {
			point [
				20.7826 -3.35609 -2.65473,
				24.9776 -0.473235 -1.41231,
				47.6606 15.1152 5.30581,
				500 325.976 139.277,
			]
		}
		coordIndex [
			0, 1, 2, 3, -1
		]
	}
}
#---------- POLYLINE
Shape {
	appearance Appearance {
		material Material {
			diffuseColor 0.5 0.5 0.5
			emissiveColor 0.5 0.5 0.5
		}
	}
	geometry IndexedLineSet {
		coord Coordinate {
			point [
				20.7826 -3.35609 -2.65473,
				20.7826 -3.3561 -2.65473,
			]
		}
		coordIndex [
			0, 1, -1
		]
	}
}
#---------- POLYLINE
Shape {
	appearance Appearance {
		material Material {
			diffuseColor 0.5 0.5 0.5
			emissiveColor 0.5 0.5 0.5
		}
	}
	geometry IndexedLineSet {
		coord Coordinate {
			point [
				18.7242 -0.361876 -7.86848,
			]
		}
		coordIndex [
			0, -1
		]
	}
}
#---------- POLYLINE
Shape {
	appearance Appearance {
		material Material {
			diffuseColor 0 0 1
			emissiveColor 0 0 1
		}
	}
	geometry IndexedLineSet {
		coord Coordinate {
			point [
				18.7242 -0.361876 -7.86848,
				18.3923 -0.438247 -7.96503,
				18.2091 -0.66578 -7.9554,
				18.1261 -0.872327 -8.02535,
				18.002 -0.962285 -8.11229,
				17.9883 -1.08472 -8.19484,
				18.0615 -1.14266 -8.27076,
				18.1481 -1.09021 -8.24779,
				18.174 -1.055 -8.32186,
				18.1887 -1.0262 -8.38763,
				18.1863 -1.00679 -8.43064,
				18.1977 -0.985111 -8.45433,
				18.2231 -0.975616 -8.46279,
				18.2207 -0.995237 -8.47289,
				18.2182 -0.990527 -8.46582,
				18.2179 -0.990239 -8.46546,
			]
		}
		coordIndex [
			0, 1, 2, 3, 4, 5, 6, 7, 8, 9, 
			10, 11, 12, 13, 14, 15, -1
		]
	}
}
#---------- POLYLINE
Shape {
	appearance Appearance {
		material Material {
			diffuseColor 0 1 0
			emissiveColor 0 1 0
		}
	}
	geometry IndexedLineSet {
		coord Coordinate {
			point [
				18.2179 -0.990239 -8.46546,
				15.5392 2.25857 -12.7093,
				7.78138 11.6675 -25,
				-292.036 375.296 -500,
			]
		}
		coordIndex [
			0, 1, 2, 3, -1
		]
	}
}
#---------- POLYLINE
Shape {
	appearance Appearance {
		material Material {
			diffuseColor 0 1 0
			emissiveColor 0 1 0
		}
	}
	geometry IndexedLineSet {
		coord Coordinate {
			point [
				18.2179 -0.990239 -8.46546,
				21.3669 -4.80952 -3.47642,
				39.3411 -26.6091 25,
				339.158 -390.237 500,
			]
		}
		coordIndex [
			0, 1, 2, 3, -1
		]
	}
}
#---------- POLYLINE
Shape {
	appearance Appearance {
		material Material {
			diffuseColor 0.5 0.5 0.5
			emissiveColor 0.5 0.5 0.5
		}
	}
	geometry IndexedLineSet {
		coord Coordinate {
			point [
				18.7242 -0.361876 -7.86848,
				20.0156 -4.99998 -9.16916,
				29.8022 -40.1476 -19.0257,
				157.845 -500 -147.984,
			]
		}
		coordIndex [
			0, 1, 2, 3, -1
		]
	}
}
#---------- POLYLINE
Shape {
	appearance Appearance {
		material Material {
			diffuseColor 0.5 0.5 0.5
			emissiveColor 0.5 0.5 0.5
		}
	}
	geometry IndexedLineSet {
		coord Coordinate {
			point [
				18.7242 -0.361876 -7.86848,
				18.7242 -0.36187 -7.86848,
			]
		}
		coordIndex [
			0, 1, -1
		]
	}
}
#---------- POLYLINE
Shape {
	appearance Appearance {
		material Material {
			diffuseColor 0.5 0.5 0.5
			emissiveColor 0.5 0.5 0.5
		}
	}
	geometry IndexedLineSet {
		coord Coordinate {
			point [
				23.1438 -0.989527 16.2852,
			]
		}
		coordIndex [
			0, -1
		]
	}
}
#---------- POLYLINE
Shape {
	appearance Appearance {
		material Material {
			diffuseColor 0 0 1
			emissiveColor 0 0 1
		}
	}
	geometry IndexedLineSet {
		coord Coordinate {
			point [
				23.1438 -0.989527 16.2852,
				23.219 -0.973503 16.4195,
				23.3438 -1.00969 16.4339,
				23.4129 -1.06536 16.5019,
				23.4158 -1.13552 16.5445,
				23.4245 -1.18962 16.5789,
				23.4046 -1.16791 16.6256,
				23.3776 -1.16033 16.6624,
				23.3445 -1.14968 16.6792,
				23.3358 -1.13595 16.7063,
				23.3296 -1.15066 16.7268,
				23.3274 -1.1671 16.7399,
				23.3295 -1.17217 16.7484,
				23.3294 -1.1726 16.7488,
			]
		}
		coordIndex [
			0, 1, 2, 3, 4, 5, 6, 7, 8, 9, 
			10, 11, 12, 13, -1
		]
	}
}
#---------- POLYLINE
Shape {
	appearance Appearance {
		material Material {
			diffuseColor 0 1 0
			emissiveColor 0 1 0
		}
	}
	geometry IndexedLineSet {
		coord Coordinate {
			point [
				23.3294 -1.1726 16.7488,
				24.4338 -2.31109 17.9315,
				28.2219 -6.21611 21.9879,
				15.6899 -11.3898 25,
				-500 -224.284 148.947,
			]
		}
		coordIndex [
			0, 1, 2, 3, 4, -1
		]
	}
}
#---------- POLYLINE
Shape {
	appearance Appearance {
		material Material {
			diffuseColor 0 1 0
			emissiveColor 0 1 0
		}
	}
	geometry IndexedLineSet {
		coord Coordinate {
			point [
				23.3294 -1.1726 16.7488,
				22.1839 0.00830761 15.5221,
				18.4362 4.6389 20,
				14.2516 9.80944 25,
				-382.473 500 499.022,
			]
		}
		coordIndex [
			0, 1, 2, 3, 4, -1
		]
	}
}
#---------- POLYLINE
Shape {
	appearance Appearance {
		material Material {
			diffuseColor 0.5 0.5 0.5
			emissiveColor 0.5 0.5 0.5
		}
	}
	geometry IndexedLineSet {
		coord Coordinate {
			point [
				23.1438 -0.989527 16.2852,
				19.5182 0.908999 20,
				14.6382 3.46434 25,
				-448.959 246.222 500,
			]
		}
		coordIndex [
			0, 1, 2, 3, -1
		]
	}
}
#---------- POLYLINE
Shape {
	appearance Appearance {
		material Material {
			diffuseColor 0.5 0.5 0.5
			emissiveColor 0.5 0.5 0.5
		}
	}
	geometry IndexedLineSet {
		coord Coordinate {
			point [
				23.1438 -0.989527 16.2852,
				23.1438 -0.989531 16.2852,
			]
		}
		coordIndex [
			0, 1, -1
		]
	}
}
#---------- POLYLINE
Shape {
	appearance Appearance {
		material Material {
			diffuseColor 0.5 0.5 0.5
			emissiveColor 0.5 0.5 0.5
		}
	}
	geometry IndexedLineSet {
		coord Coordinate {
			point [
				23.3262 -1.67795 -15.8463,
			]
		}
		coordIndex [
			0, -1
		]
	}
}
#---------- POLYLINE
Shape {
	appearance Appearance {
		material Material {
			diffuseColor 0 0 1
			emissiveColor 0 0 1
		}
	}
	geometry IndexedLineSet {
		coord Coordinate {
			point [
				23.3262 -1.67795 -15.8463,
				23.265 -1.65349 -15.9628,
				23.2225 -1.63649 -16.0774,
				23.1743 -1.60386 -16.1778,
				23.0818 -1.52557 -16.4418,
				23.1 -1.51518 -16.6625,
				23.0438 -1.37589 -16.769,
				22.9784 -1.27981 -16.863,
				22.8781 -1.31791 -16.9399,
				22.7969 -1.28301 -17.0016,
				22.744 -1.25002 -17.009,
				22.6994 -1.22746 -17.013,
				22.6605 -1.21497 -17.0016,
				22.6277 -1.20885 -17.0108,
				22.6002 -1.20476 -17.0005,
				22.5869 -1.20571 -16.9983,
				22.5862 -1.2064 -16.9975,
			]
		}
		coordIndex [
			0, 1, 2, 3, 4, 5, 6, 7, 8, 9, 
			10, 11, 12, 13, 14, 15, 16, -1
		]
	}
}
#---------- POLYLINE
Shape {
	appearance Appearance {
		material Material {
			diffuseColor 0 1 0
			emissiveColor 0 1 0
		}
	}
	geometry IndexedLineSet {
		coord Coordinate {
			point [
				22.5862 -1.2064 -16.9975,
				16.8797 3.90685 -18.6969,
				-4.28662 22.8724 -25,
				-500 467.045 -172.619,
			]
		}
		coordIndex [
			0, 1, 2, 3, -1
		]
	}
}
#---------- POLYLINE
Shape {
	appearance Appearance {
		material Material {
			diffuseColor 0 1 0
			emissiveColor 0 1 0
		}
	}
	geometry IndexedLineSet {
		coord Coordinate {
			point [
				22.5862 -1.2064 -16.9975,
				24.2246 -2.67443 -16.5096,
				33.5348 -11.0166 -13.7371,
				32.0911 -19.7434 -13.0654,
				40.5873 -22.0148 -25,
				378.737 -112.42 -500,
			]
		}
		coordIndex [
			0, 1, 2, 3, 4, 5, -1
		]
	}
}
#---------- POLYLINE
Shape {
	appearance Appearance {
		material Material {
			diffuseColor 0.5 0.5 0.5
			emissiveColor 0.5 0.5 0.5
		}
	}
	geometry IndexedLineSet {
		coord Coordinate {
			point [
				23.3262 -1.67795 -15.8463,
				22.8164 -4.13131 -17.6169,
				20.6909 -14.3616 -25,
				-80.2088 -500 -375.484,
			]
		}
		coordIndex [
			0, 1, 2, 3, -1
		]
	}
}
#---------- POLYLINE
Shape {
	appearance Appearance {
		material Material {
			diffuseColor 0.5 0.5 0.5
			emissiveColor 0.5 0.5 0.5
		}
	}
	geometry IndexedLineSet {
		coord Coordinate {
			point [
				23.3262 -1.67795 -15.8463,
				23.3262 -1.67795 -15.8463,
			]
		}
		coordIndex [
			0, 1, -1
		]
	}
}
#---------- POLYLINE
Shape {
	appearance Appearance {
		material Material {
			diffuseColor 0.5 0.5 0.5
			emissiveColor 0.5 0.5 0.5
		}
	}
	geometry IndexedLineSet {
		coord Coordinate {
			point [
				19.9214 4.6768 12.3373,
			]
		}
		coordIndex [
			0, -1
		]
	}
}
#---------- POLYLINE
Shape {
	appearance Appearance {
		material Material {
			diffuseColor 0 0 1
			emissiveColor 0 0 1
		}
	}
	geometry IndexedLineSet {
		coord Coordinate {
			point [
				19.9214 4.6768 12.3373,
				19.8767 4.70781 12.3903,
				19.8455 4.75384 12.4332,
				19.8054 4.79769 12.4643,
				19.7682 4.84022 12.4936,
				19.7323 4.88014 12.5192,
				19.7026 4.92262 12.5394,
				19.6834 4.95583 12.5527,
				19.6726 4.98112 12.5726,
				19.6718 4.98802 12.5768,
				19.6718 4.98823 12.577,
				19.6718 4.98845 12.5772,
				19.6717 4.98921 12.5777,
				19.6717 4.9895 12.5778,
				19.6717 4.98993 12.5781,
				19.6717 4.98998 12.5782,
				19.6716 4.9902 12.5783,
				19.6716 4.99021 12.5783,
				19.6716 4.99038 12.5784,
				19.6716 4.99038 12.5784,
				19.6716 4.99062 12.5786,
				19.6716 4.99117 12.579,
				19.6713 4.99278 12.5801,
				19.6707 4.99569 12.5821,
				19.6694 5.00074 12.586,
				19.6675 5.01022 12.5925,
				19.661 5.02641 12.6044,
				19.6499 5.04112 12.624,
				19.6389 5.05938 12.6377,
				19.622 5.07293 12.6469,
				19.6086 5.08662 12.6577,
				19.5985 5.09966 12.6706,
				19.5891 5.11139 12.6821,
				19.5826 5.12487 12.6922,
				19.5765 5.13547 12.7031,
				19.5742 5.13761 12.7192,
				19.5739 5.1365 12.7348,
				19.5744 5.13452 12.748,
				19.5768 5.13021 12.7598,
				19.5792 5.12785 12.7716,
				19.5819 5.12723 12.7829,
				19.5939 5.12137 12.8244,
				19.601 5.08735 12.8378,
				19.6301 5.09548 12.8422,
				19.6542 5.09332 12.8393,
				19.6655 5.081 12.8289,
				19.6653 5.08075 12.8298,
			]
		}
		coordIndex [
			0, 1, 2, 3, 4, 5, 6, 7, 8, 9, 
			10, 11, 12, 13, 14, 15, 16, 17, 18, 19, 
			20, 21, 22, 23, 24, 25, 26, 27, 28, 29, 
			30, 31, 32, 33, 34, 35, 36, 37, 38, 39, 
			40, 41, 42, 43, 44, 45, 46, -1
		]
	}
}
#---------- POLYLINE
Shape {
	appearance Appearance {
		material Material {
			diffuseColor 0 1 0
			emissiveColor 0 1 0
		}
	}
	geometry IndexedLineSet {
		coord Coordinate {
			point [
				19.6653 5.08075 12.8298,
				19.7997 4.99599 12.9064,
				24.5934 1.97499 15.6366,
				35.5662 -4.94017 21.886,
				38.6066 27.7608 -10.9564,
				40.0473 29.9369 -11.9767,
				351.255 500 -232.386,
			]
		}
		coordIndex [
			0, 1, 2, 3, 4, 5, 6, -1
		]
	}
}
#---------- POLYLINE
Shape {
	appearance Appearance {
		material Material {
			diffuseColor 0 1 0
			emissiveColor 0 1 0
		}
	}
	geometry IndexedLineSet {
		coord Coordinate {
			point [
				19.6653 5.08075 12.8298,
				-6.24424 21.4091 -1.92655,
				-21.7053 45.0431 11.8574,
				-319.332 500 277.199,
			]
		}
		coordIndex [
			0, 1, 2, 3, -1
		]
	}
}
#---------- POLYLINE
Shape {
	appearance Appearance {
		material Material {
			diffuseColor 0.5 0.5 0.5
			emissiveColor 0.5 0.5 0.5
		}
	}
	geometry IndexedLineSet {
		coord Coordinate {
			point [
				19.9214 4.6768 12.3373,
				19.8904 4.9988 14.8047,
				19.7625 6.3293 25,
				13.8041 68.3176 500,
			]
		}
		coordIndex [
			0, 1, 2, 3, -1
		]
	}
}
#---------- POLYLINE
Shape {
	appearance Appearance {
		material Material {
			diffuseColor 0.5 0.5 0.5
			emissiveColor 0.5 0.5 0.5
		}
	}
	geometry IndexedLineSet {
		coord Coordinate {
			point [
				19.9214 4.6768 12.3373,
				19.9214 4.67679 12.3373,
			]
		}
		coordIndex [
			0, 1, -1
		]
	}
}
#---------- POLYLINE
Shape {
	appearance Appearance {
		material Material {
			diffuseColor 0.5 0.5 0.5
			emissiveColor 0.5 0.5 0.5
		}
	}
	geometry IndexedLineSet {
		coord Coordinate {
			point [
				19.8382 -3.57907 -1.71029,
			]
		}
		coordIndex [
			0, -1
		]
	}
}
#---------- POLYLINE
Shape {
	appearance Appearance {
		material Material {
			diffuseColor 0 0 1
			emissiveColor 0 0 1
		}
	}
	geometry IndexedLineSet {
		coord Coordinate {
			point [
				19.8382 -3.57907 -1.71029,
				19.9026 -3.3791 -1.77946,
				19.9687 -3.22902 -1.87547,
				19.9969 -3.11055 -1.96886,
				20.0939 -3.04628 -2.01697,
				20.1632 -2.96752 -2.03174,
				20.1965 -2.88648 -2.02606,
				20.1974 -2.86494 -2.01883,
				20.1985 -2.81753 -2.00727,
				20.1946 -2.77742 -2.01261,
				20.1954 -2.75453 -2.02522,
				20.1898 -2.73722 -2.03798,
				20.1888 -2.72978 -2.04846,
				20.1888 -2.73009 -2.04924,
			]
		}
		coordIndex [
			0, 1, 2, 3, 4, 5, 6, 7, 8, 9, 
			10, 11, 12, 13, -1
		]
	}
}
#---------- POLYLINE
Shape {
	appearance Appearance {
		material Material {
			diffuseColor 0 1 0
			emissiveColor 0 1 0
		}
	}
	geometry IndexedLineSet {
		coord Coordinate {
			point [
				20.1888 -2.73009 -2.04924,
				24.3018 -2.54838 2.90529,
				42.6439 -1.73804 25,
				436.967 15.6829 500,
			]
		}
		coordIndex [
			0, 1, 2, 3, -1
		]
	}
}
#---------- POLYLINE
Shape {
	appearance Appearance {
		material Material {
			diffuseColor 0 1 0
			emissiveColor 0 1 0
		}
	}
	geometry IndexedLineSet {
		coord Coordinate {
			point [
				20.1888 -2.73009 -2.04924,
				15.9397 -2.91781 -7.16775,
				1.13614 -3.57182 -25,
				-393.187 -20.9928 -500,
			]
		}
		coordIndex [
			0, 1, 2, 3, -1
		]
	}
}
#---------- POLYLINE
Shape {
	appearance Appearance {
		material Material {
			diffuseColor 0 1 0
			emissiveColor 0 1 0
		}
	}
	geometry IndexedLineSet {
		coord Coordinate {
			point [
				20.1974 -2.86494 -2.01883,
				23.7305 3.32913 -2.77019,
				39.3947 30.7906 -6.10135,
				307.035 500 -63.018,
			]
		}
		coordIndex [
			0, 1, 2, 3, -1
		]
	}
}
#---------- POLYLINE
Shape {
	appearance Appearance {
		material Material {
			diffuseColor 0.5 0.5 0.5
			emissiveColor 0.5 0.5 0.5
		}
	}
	geometry IndexedLineSet {
		coord Coordinate {
			point [
				19.8382 -3.57907 -1.71029,
				21.1229 4.87229 14.8524,
				21.9099 10.0503 25,
				58.7511 252.426 500,
			]
		}
		coordIndex [
			0, 1, 2, 3, -1
		]
	}
}
#---------- POLYLINE
Shape {
	appearance Appearance {
		material Material {
			diffuseColor 0.5 0.5 0.5
			emissiveColor 0.5 0.5 0.5
		}
	}
	geometry IndexedLineSet {
		coord Coordinate {
			point [
				19.8382 -3.57907 -1.71029,
				19.8382 -3.57908 -1.71029,
			]
		}
		coordIndex [
			0, 1, -1
		]
	}
}
#---------- POLYLINE
Shape {
	appearance Appearance {
		material Material {
			diffuseColor 0.5 0.5 0.5
			emissiveColor 0.5 0.5 0.5
		}
	}
	geometry IndexedLineSet {
		coord Coordinate {
			point [
				23.8951 -0.230946 15.4359,
			]
		}
		coordIndex [
			0, -1
		]
	}
}
#---------- POLYLINE
Shape {
	appearance Appearance {
		material Material {
			diffuseColor 0 0 1
			emissiveColor 0 0 1
		}
	}
	geometry IndexedLineSet {
		coord Coordinate {
			point [
				23.8951 -0.230946 15.4359,
				23.7895 -0.228837 15.4943,
				23.8352 -0.289645 15.5589,
				23.8258 -0.358439 15.6077,
				23.8187 -0.404644 15.662,
				23.8056 -0.424828 15.715,
				23.8195 -0.439559 15.7605,
				23.8232 -0.459051 15.7973,
				23.8343 -0.46816 15.8284,
				23.8289 -0.460284 15.8379,
				23.8291 -0.45994 15.8376,
			]
		}
		coordIndex [
			0, 1, 2, 3, 4, 5, 6, 7, 8, 9, 
			10, -1
		]
	}
}
#---------- POLYLINE
Shape {
	appearance Appearance {
		material Material {
			diffuseColor 0 1 0
			emissiveColor 0 1 0
		}
	}
	geometry IndexedLineSet {
		coord Coordinate {
			point [
				23.8291 -0.45994 15.8376,
				24.9999 -0.036796 16.4778,
				31.5065 2.31494 20.0359,
				28.4494 -5.09559 25,
				-175.711 -500 356.521,
			]
		}
		coordIndex [
			0, 1, 2, 3, 4, -1
		]
	}
}
#---------- POLYLINE
Shape {
	appearance Appearance {
		material Material {
			diffuseColor 0 1 0
			emissiveColor 0 1 0
		}
	}
	geometry IndexedLineSet {
		coord Coordinate {
			point [
				23.8291 -0.45994 15.8376,
				16.1791 -3.22497 11.6543,
				-9.13674 -12.3751 -2.18944,
				-13.8125 -14.0651 -4.74634,
				-43.4327 -24.771 -20.9438,
				-500 -189.792 -270.613,
			]
		}
		coordIndex [
			0, 1, 2, 3, 4, 5, -1
		]
	}
}
#---------- POLYLINE
Shape {
	appearance Appearance {
		material Material {
			diffuseColor 0.5 0.5 0.5
			emissiveColor 0.5 0.5 0.5
		}
	}
	geometry IndexedLineSet {
		coord Coordinate {
			point [
				23.8951 -0.230946 15.4359,
				15.7075 -2.564 14.8775,
				-45.7877 -20.0869 10.6836,
				-500 -149.513 -20.2931,
			]
		}
		coordIndex [
			0, 1, 2, 3, -1
		]
	}
}
#---------- POLYLINE
Shape {
	appearance Appearance {
		material Material {
			diffuseColor 0.5 0.5 0.5
			emissiveColor 0.5 0.5 0.5
		}
	}
	geometry IndexedLineSet {
		coord Coordinate {
			point [
				23.8951 -0.230946 15.4359,
				23.8952 -0.230944 15.4359,
			]
		}
		coordIndex [
			0, 1, -1
		]
	}
}
#---------- POLYLINE
Shape {
	appearance Appearance {
		material Material {
			diffuseColor 0.5 0.5 0.5
			emissiveColor 0.5 0.5 0.5
		}
	}
	geometry IndexedLineSet {
		coord Coordinate {
			point [
				18.1917 0.204008 -17.2087,
			]
		}
		coordIndex [
			0, -1
		]
	}
}
#---------- POLYLINE
Shape {
	appearance Appearance {
		material Material {
			diffuseColor 0 0 1
			emissiveColor 0 0 1
		}
	}
	geometry IndexedLineSet {
		coord Coordinate {
			point [
				18.1917 0.204008 -17.2087,
				18.1308 0.208921 -17.2513,
				18.0866 0.207283 -17.2809,
				18.0484 0.220543 -17.2928,
				18.0155 0.225924 -17.2843,
				17.9911 0.226624 -17.2709,
				17.9732 0.239011 -17.2757,
				17.9677 0.236154 -17.2728,
				17.9676 0.236464 -17.2726,
			]
		}
		coordIndex [
			0, 1, 2, 3, 4, 5, 6, 7, 8, -1
		]
	}
}
#---------- POLYLINE
Shape {
	appearance Appearance {
		material Material {
			diffuseColor 0 1 0
			emissiveColor 0 1 0
		}
	}
	geometry IndexedLineSet {
		coord Coordinate {
			point [
				17.9676 0.236464 -17.2726,
				15.0428 -0.652446 -15.5218,
				1.57431 -4.74569 -7.4597,
				1.33258 -4.81915 -7.31501,
				-46.1464 -19.2487 21.1055,
				-500 -157.181 292.779,
			]
		}
		coordIndex [
			0, 1, 2, 3, 4, 5, -1
		]
	}
}
#---------- POLYLINE
Shape {
	appearance Appearance {
		material Material {
			diffuseColor 0 1 0
			emissiveColor 0 1 0
		}
	}
	geometry IndexedLineSet {
		coord Coordinate {
			point [
				17.9676 0.236464 -17.2726,
				22.524 1.62119 -20,
				26.9229 2.9581 -22.6332,
				30.0244 0.4647 -25,
				500 -377.364 -383.648,
			]
		}
		coordIndex [
			0, 1, 2, 3, 4, -1
		]
	}
}
#---------- POLYLINE
Shape {
	appearance Appearance {
		material Material {
			diffuseColor 0.5 0.5 0.5
			emissiveColor 0.5 0.5 0.5
		}
	}
	geometry IndexedLineSet {
		coord Coordinate {
			point [
				18.1917 0.204008 -17.2087,
				23.629 -3.43948 -9.35062,
				46.3782 -18.6833 23.5264,
				376.072 -239.606 500,
			]
		}
		coordIndex [
			0, 1, 2, 3, -1
		]
	}
}
#---------- POLYLINE
Shape {
	appearance Appearance {
		material Material {
			diffuseColor 0.5 0.5 0.5
			emissiveColor 0.5 0.5 0.5
		}
	}
	geometry IndexedLineSet {
		coord Coordinate {
			point [
				18.1917 0.204008 -17.2087,
				18.1917 0.20401 -17.2087,
			]
		}
		coordIndex [
			0, 1, -1
		]
	}
}
#---------- POLYLINE
Shape {
	appearance Appearance {
		material Material {
			diffuseColor 0.5 0.5 0.5
			emissiveColor 0.5 0.5 0.5
		}
	}
	geometry IndexedLineSet {
		coord Coordinate {
			point [
				16.3395 -0.624899 -0.845534,
			]
		}
		coordIndex [
			0, -1
		]
	}
}
#---------- POLYLINE
Shape {
	appearance Appearance {
		material Material {
			diffuseColor 0 0 1
			emissiveColor 0 0 1
		}
	}
	geometry IndexedLineSet {
		coord Coordinate {
			point [
				16.3395 -0.624899 -0.845534,
				16.3144 -0.559696 -0.629307,
				16.2937 -0.557762 -0.436872,
				16.2578 -0.531162 -0.288858,
				16.2051 -0.556272 -0.176475,
				16.198 -0.533965 -0.0706957,
				16.1629 -0.484514 -0.035765,
				16.1218 -0.452824 -0.0111082,
				16.0845 -0.428348 0.00891318,
				16.046 -0.428762 0.0247018,
				16.0143 -0.419155 0.012403,
				15.9898 -0.42961 0.00282518,
				15.9965 -0.45042 0.0013863,
				16.0045 -0.452077 0.00557939,
				16.0043 -0.45166 0.00558344,
			]
		}
		coordIndex [
			0, 1, 2, 3, 4, 5, 6, 7, 8, 9, 
			10, 11, 12, 13, 14, -1
		]
	}
}
#---------- POLYLINE
Shape {
	appearance Appearance {
		material Material {
			diffuseColor 0 1 0
			emissiveColor 0 1 0
		}
	}
	geometry IndexedLineSet {
		coord Coordinate {
			point [
				16.0043 -0.45166 0.00558344,
				21.5722 4.69429 20,
				22.9646 5.98114 25,
				155.24 128.232 500,
			]
		}
		coordIndex [
			0, 1, 2, 3, -1
		]
	}
}
#---------- POLYLINE
Shape {
	appearance Appearance {
		material Material {
			diffuseColor 0 1 0
			emissiveColor 0 1 0
		}
	}
	geometry IndexedLineSet {
		coord Coordinate {
			point [
				16.0043 -0.45166 0.00558344,
				15.1553 -1.23633 -3.04324,
				9.04086 -6.88733 -25,
				-123.235 -129.138 -500,
			]
		}
		coordIndex [
			0, 1, 2, 3, -1
		]
	}
}
#---------- POLYLINE
Shape {
	appearance Appearance {
		material Material {
			diffuseColor 0.5 0.5 0.5
			emissiveColor 0.5 0.5 0.5
		}
	}
	geometry IndexedLineSet {
		coord Coordinate {
			point [
				16.3395 -0.624899 -0.845534,
				15.9777 -2.97009 0.863692,
				14.1886 -14.5695 9.31764,
				13.1712 -21.1657 14.125,
				10.8698 -36.0869 25,
				-60.6847 -500 363.111,
			]
		}
		coordIndex [
			0, 1, 2, 3, 4, 5, -1
		]
	}
}
#---------- POLYLINE
Shape {
	appearance Appearance {
		material Material {
			diffuseColor 0.5 0.5 0.5
			emissiveColor 0.5 0.5 0.5
		}
	}
	geometry IndexedLineSet {
		coord Coordinate {
			point [
				16.3395 -0.624899 -0.845534,
				16.3395 -0.624899 -0.845548,
			]
		}
		coordIndex [
			0, 1, -1
		]
	}
}
#---------- POLYLINE
Shape {
	appearance Appearance {
		material Material {
			diffuseColor 0.5 0.5 0.5
			emissiveColor 0.5 0.5 0.5
		}
	}
	geometry IndexedLineSet {
		coord Coordinate {
			point [
				15.8452 -1.81641 -1.75454,
			]
		}
		coordIndex [
			0, -1
		]
	}
}
#---------- POLYLINE
Shape {
	appearance Appearance {
		material Material {
			diffuseColor 0 0 1
			emissiveColor 0 0 1
		}
	}
	geometry IndexedLineSet {
		coord Coordinate {
			point [
				15.8452 -1.81641 -1.75454,
				15.8828 -1.72285 -1.83631,
				15.9122 -1.6501 -1.93083,
				15.9401 -1.61953 -2.03786,
				15.9814 -1.58451 -2.13228,
				16.0158 -1.55562 -2.22497,
				16.0619 -1.54799 -2.3105,
				16.1037 -1.52907 -2.39011,
				16.125 -1.50066 -2.46621,
				16.1439 -1.46707 -2.53615,
				16.1681 -1.44112 -2.59928,
				16.2311 -1.3756 -2.76258,
				16.2463 -1.35558 -2.849,
				16.2806 -1.35169 -2.91923,
				16.298 -1.33492 -2.98093,
				16.3089 -1.34936 -3.02972,
				16.3033 -1.36721 -3.06102,
				16.2947 -1.35875 -3.08969,
				16.2973 -1.35771 -3.11587,
				16.3111 -1.35395 -3.11614,
				16.3116 -1.35356 -3.11581,
			]
		}
		coordIndex [
			0, 1, 2, 3, 4, 5, 6, 7, 8, 9, 
			10, 11, 12, 13, 14, 15, 16, 17, 18, 19, 
			20, -1
		]
	}
}
#---------- POLYLINE
Shape {
	appearance Appearance {
		material Material {
			diffuseColor 0 1 0
			emissiveColor 0 1 0
		}
	}
	geometry IndexedLineSet {
		coord Coordinate {
			point [
				16.3116 -1.35356 -3.11581,
				15.94 -2.77867 -3.33115,
				15.9191 -2.88892 -3.38323,
				13.7973 -14.0472 -8.6545,
				12.3383 -21.7195 -12.279,
				7.21789 -48.6475 -25,
				-78.6084 -500 -238.223,
			]
		}
		coordIndex [
			0, 1, 2, 3, 4, 5, 6, -1
		]
	}
}
#---------- POLYLINE
Shape {
	appearance Appearance {
		material Material {
			diffuseColor 0 1 0
			emissiveColor 0 1 0
		}
	}
	geometry IndexedLineSet {
		coord Coordinate {
			point [
				16.3116 -1.35356 -3.11581,
				17.8403 4.5095 -2.22984,
				23.6064 26.6246 1.11196,
				26.0599 42.6718 11.8995,
				95.9837 500 319.333,
			]
		}
		coordIndex [
			0, 1, 2, 3, 4, -1
		]
	}
}
#---------- POLYLINE
Shape {
	appearance Appearance {
		material Material {
			diffuseColor 0.5 0.5 0.5
			emissiveColor 0.5 0.5 0.5
		}
	}
	geometry IndexedLineSet {
		coord Coordinate {
			point [
				15.8452 -1.81641 -1.75454,
				22.4038 4.38424 18.1112,
				24.6781 6.53442 25,
				181.498 154.795 500,
			]
		}
		coordIndex [
			0, 1, 2, 3, -1
		]
	}
}
#---------- POLYLINE
Shape {
	appearance Appearance {
		material Material {
			diffuseColor 0.5 0.5 0.5
			emissiveColor 0.5 0.5 0.5
		}
	}
	geometry IndexedLineSet {
		coord Coordinate {
			point [
				15.8452 -1.81641 -1.75454,
				15.8452 -1.81643 -1.75453,
			]
		}
		coordIndex [
			0, 1, -1
		]
	}
}
#---------- POLYLINE
Shape {
	appearance Appearance {
		material Material {
			diffuseColor 0.5 0.5 0.5
			emissiveColor 0.5 0.5 0.5
		}
	}
	geometry IndexedLineSet {
		coord Coordinate {
			point [
				18.8059 -2.29458 1.88708,
			]
		}
		coordIndex [
			0, -1
		]
	}
}
#---------- POLYLINE
Shape {
	appearance Appearance {
		material Material {
			diffuseColor 0 0 1
			emissiveColor 0 0 1
		}
	}
	geometry IndexedLineSet {
		coord Coordinate {
			point [
				18.8059 -2.29458 1.88708,
				18.7975 -2.33093 1.87973,
				18.7898 -2.36053 1.87429,
				18.7739 -2.37291 1.86417,
				18.7692 -2.37251 1.86813,
				18.7694 -2.37262 1.86825,
			]
		}
		coordIndex [
			0, 1, 2, 3, 4, 5, -1
		]
	}
}
#---------- POLYLINE
Shape {
	appearance Appearance {
		material Material {
			diffuseColor 0 1 0
			emissiveColor 0 1 0
		}
	}
	geometry IndexedLineSet {
		coord Coordinate {
			point [
				18.7694 -2.37262 1.86825,
				20.7563 4.94247 -0.426583,
				26.6479 26.6333 -7.23123,
				18.817 44.2098 -25,
				-184.253 500 -485.775,
			]
		}
		coordIndex [
			0, 1, 2, 3, 4, -1
		]
	}
}
#---------- POLYLINE
Shape {
	appearance Appearance {
		material Material {
			diffuseColor 0 1 0
			emissiveColor 0 1 0
		}
	}
	geometry IndexedLineSet {
		coord Coordinate {
			point [
				18.7694 -2.37262 1.86825,
				18.1519 -4.64592 2.58141,
				14.9343 -16.4921 6.29768,
				13.8475 -20.4932 7.55289,
				5.92874 -49.6473 16.6988,
				-116.395 -500 157.98,
			]
		}
		coordIndex [
			0, 1, 2, 3, 4, 5, -1
		]
	}
}
#---------- POLYLINE
Shape {
	appearance Appearance {
		material Material {
			diffuseColor 0.5 0.5 0.5
			emissiveColor 0.5 0.5 0.5
		}
	}
	geometry IndexedLineSet {
		coord Coordinate {
			point [
				18.8059 -2.29458 1.88708,
				23.6575 -3.40923 -0.202496,
				49.1345 -9.26262 -11.1756,
				500 -112.849 -205.365,
			]
		}
		coordIndex [
			0, 1, 2, 3, -1
		]
	}
}
#---------- POLYLINE
Shape {
	appearance Appearance {
		material Material {
			diffuseColor 0.5 0.5 0.5
			emissiveColor 0.5 0.5 0.5
		}
	}
	geometry IndexedLineSet {
		coord Coordinate {
			point [
				18.8059 -2.29458 1.88708,
				18.8059 -2.29458 1.88709,
			]
		}
		coordIndex [
			0, 1, -1
		]
	}
}
#---------- POLYLINE
Shape {
	appearance Appearance {
		material Material {
			diffuseColor 0.5 0.5 0.5
			emissiveColor 0.5 0.5 0.5
		}
	}
	geometry IndexedLineSet {
		coord Coordinate {
			point [
				23.4921 -2.13852 -14.8781,
			]
		}
		coordIndex [
			0, -1
		]
	}
}
#---------- POLYLINE
Shape {
	appearance Appearance {
		material Material {
			diffuseColor 0 0 1
			emissiveColor 0 0 1
		}
	}
	geometry IndexedLineSet {
		coord Coordinate {
			point [
				23.4921 -2.13852 -14.8781,
				23.6203 -2.14084 -14.7769,
				23.7481 -2.15107 -14.6925,
				23.8358 -2.18361 -14.5882,
				23.8991 -2.21534 -14.4806,
				23.9752 -2.24231 -14.3871,
				24.0323 -2.28232 -14.2994,
				24.0745 -2.33072 -14.2183,
				24.0946 -2.37513 -14.1351,
				24.1112 -2.42183 -14.0653,
				24.1134 -2.47089 -14.0019,
				24.1247 -2.51079 -13.9403,
				24.1411 -2.51749 -13.8717,
				24.1483 -2.51726 -13.8049,
				24.1564 -2.50859 -13.7441,
				24.1612 -2.48494 -13.6913,
				24.1583 -2.46724 -13.6402,
				24.159 -2.44538 -13.5952,
				24.1699 -2.40714 -13.5805,
				24.1774 -2.3642 -13.5906,
				24.1685 -2.32285 -13.5935,
				24.1504 -2.29116 -13.5978,
				24.1277 -2.26543 -13.6027,
				24.1095 -2.24056 -13.6156,
				24.0925 -2.21975 -13.6288,
				24.0461 -2.16441 -13.6689,
				24.027 -2.15101 -13.6812,
				24.0074 -2.15947 -13.6788,
				24.0033 -2.1631 -13.679,
				24.0033 -2.16263 -13.6787,
			]
		}
		coordIndex [
			0, 1, 2, 3, 4, 5, 6, 7, 8, 9, 
			10, 11, 12, 13, 14, 15, 16, 17, 18, 19, 
			20, 21, 22, 23, 24, 25, 26, 27, 28, 29, -1
		]
	}
}
#---------- POLYLINE
Shape {
	appearance Appearance {
		material Material {
			diffuseColor 0 1 0
			emissiveColor 0 1 0
		}
	}
	geometry IndexedLineSet {
		coord Coordinate {
			point [
				24.0033 -2.16263 -13.6787,
				24.4308 -2.31695 -13.4719,
				48.7531 -11.0968 -1.70586,
				500 -173.988 216.587,
			]
		}
		coordIndex [
			0, 1, 2, 3, -1
		]
	}
}
#---------- POLYLINE
Shape {
	appearance Appearance {
		material Material {
			diffuseColor 0 1 0
			emissiveColor 0 1 0
		}
	}
	geometry IndexedLineSet {
		coord Coordinate {
			point [
				24.0033 -2.16263 -13.6787,
				15.1109 1.04732 -17.9804,
				13.2609 1.71514 -18.8754,
				16.2805 3.34142 -17.9048,
				19.2569 4.94447 -16.948,
				32.8621 12.272 -12.5747,
				9.07324 23.7511 -0.770066,
				7.2087 21.4483 5.83796,
				5.36177 19.1673 12.3836,
				1.80188 14.7707 25,
				-132.226 -150.758 500,
			]
		}
		coordIndex [
			0, 1, 2, 3, 4, 5, 6, 7, 8, 9, 
			10, -1
		]
	}
}
#---------- POLYLINE
Shape {
	appearance Appearance {
		material Material {
			diffuseColor 0.5 0.5 0.5
			emissiveColor 0.5 0.5 0.5
		}
	}
	geometry IndexedLineSet {
		coord Coordinate {
			point [
				23.4921 -2.13852 -14.8781,
				24.6528 -1.83067 -13.1935,
				49.7661 4.8302 23.2537,
				378.26 91.9573 500,
			]
		}
		coordIndex [
			0, 1, 2, 3, -1
		]
	}
}
#---------- POLYLINE
Shape {
	appearance Appearance {
		material Material {
			diffuseColor 0.5 0.5 0.5
			emissiveColor 0.5 0.5 0.5
		}
	}
	geometry IndexedLineSet {
		coord Coordinate {
			point [
				23.4921 -2.13852 -14.8781,
				23.4921 -2.13852 -14.8781,
			]
		}
		coordIndex [
			0, 1, -1
		]
	}
}
#---------- POLYLINE
Shape {
	appearance Appearance {
		material Material {
			diffuseColor 0.5 0.5 0.5
			emissiveColor 0.5 0.5 0.5
		}
	}
	geometry IndexedLineSet {
		coord Coordinate {
			point [
				17.5137 -4.28532 -13.1032,
			]
		}
		coordIndex [
			0, -1
		]
	}
}
#---------- POLYLINE
Shape {
	appearance Appearance {
		material Material {
			diffuseColor 0.5 0.5 0.5
			emissiveColor 0.5 0.5 0.5
		}
	}
	geometry IndexedLineSet {
		coord Coordinate {
			point [
				17.5137 -4.28532 -13.1032,
				17.4789 -4.31786 -13.0952,
				8.76696 -12.4544 -11.0864,
				5.24983 -15.7393 -10.2754,
				-24.5413 -43.5629 -3.40616,
				-500 -487.622 106.225,
			]
		}
		coordIndex [
			0, 1, 2, 3, 4, 5, -1
		]
	}
}
#---------- POLYLINE
Shape {
	appearance Appearance {
		material Material {
			diffuseColor 0.5 0.5 0.5
			emissiveColor 0.5 0.5 0.5
		}
	}
	geometry IndexedLineSet {
		coord Coordinate {
			point [
				17.5137 -4.28532 -13.1032,
				17.5137 -4.2853 -13.1032,
			]
		}
		coordIndex [
			0, 1, -1
		]
	}
}
#---------- POLYLINE
Shape {
	appearance Appearance {
		material Material {
			diffuseColor 1 0 0
			emissiveColor 1 0 0
		}
	}
	geometry IndexedLineSet {
		coord Coordinate {
			point [
				17.5137 -4.28532 -13.1032,
				17.5137 -4.28532 -13.1032,
			]
		}
		coordIndex [
			0, 1, -1
		]
	}
}
#---------- POLYLINE
Shape {
	appearance Appearance {
		material Material {
			diffuseColor 1 0 0
			emissiveColor 1 0 0
		}
	}
	geometry IndexedLineSet {
		coord Coordinate {
			point [
				17.5137 -4.28532 -13.1032,
				17.5137 -4.28532 -13.1032,
			]
		}
		coordIndex [
			0, 1, -1
		]
	}
}
#---------- POLYLINE
Shape {
	appearance Appearance {
		material Material {
			diffuseColor 0.5 0.5 0.5
			emissiveColor 0.5 0.5 0.5
		}
	}
	geometry IndexedLineSet {
		coord Coordinate {
			point [
				20.7791 -1.00313 -19.5675,
			]
		}
		coordIndex [
			0, -1
		]
	}
}
#---------- POLYLINE
Shape {
	appearance Appearance {
		material Material {
			diffuseColor 0 0 1
			emissiveColor 0 0 1
		}
	}
	geometry IndexedLineSet {
		coord Coordinate {
			point [
				20.7791 -1.00313 -19.5675,
				20.7875 -1.01781 -19.6061,
				20.7969 -1.04285 -19.6405,
				20.8055 -1.06486 -19.674,
				20.8087 -1.09163 -19.7015,
				20.8162 -1.11926 -19.7235,
				20.8313 -1.14514 -19.739,
				20.8447 -1.16745 -19.7517,
				20.8602 -1.18668 -19.7625,
				20.8807 -1.1955 -19.7744,
				20.8991 -1.20135 -19.7871,
				20.9168 -1.2053 -19.7997,
				20.9334 -1.21126 -19.8075,
				20.9487 -1.21884 -19.8119,
				20.9615 -1.22937 -19.8135,
				20.9731 -1.23928 -19.81,
				21.0114 -1.27025 -19.7906,
				21.0223 -1.30367 -19.8114,
				21.0078 -1.30504 -19.8422,
				21.0017 -1.31633 -19.8674,
				21.0249 -1.31584 -19.8702,
				21.035 -1.30995 -19.8604,
				21.0347 -1.30739 -19.8603,
				21.0348 -1.30725 -19.8604,
			]
		}
		coordIndex [
			0, 1, 2, 3, 4, 5, 6, 7, 8, 9, 
			10, 11, 12, 13, 14, 15, 16, 17, 18, 19, 
			20, 21, 22, 23, -1
		]
	}
}
#---------- POLYLINE
Shape {
	appearance Appearance {
		material Material {
			diffuseColor 0 1 0
			emissiveColor 0 1 0
		}
	}
	geometry IndexedLineSet {
		coord Coordinate {
			point [
				21.0348 -1.30725 -19.8604,
				23.0172 -3.98701 -19.0146,
				34.2596 -19.1836 -14.2182,
				31.0207 -39.2137 23.9385,
				-9.38898 -289.119 500,
			]
		}
		coordIndex [
			0, 1, 2, 3, 4, -1
		]
	}
}
#---------- POLYLINE
Shape {
	appearance Appearance {
		material Material {
			diffuseColor 0 1 0
			emissiveColor 0 1 0
		}
	}
	geometry IndexedLineSet {
		coord Coordinate {
			point [
				21.0348 -1.30725 -19.8604,
				20.7076 -0.865 -20,
				8.98796 14.9767 -25,
				-349.83 500 -178.084,
			]
		}
		coordIndex [
			0, 1, 2, 3, -1
		]
	}
}
#---------- POLYLINE
Shape {
	appearance Appearance {
		material Material {
			diffuseColor 0.5 0.5 0.5
			emissiveColor 0.5 0.5 0.5
		}
	}
	geometry IndexedLineSet {
		coord Coordinate {
			point [
				20.7791 -1.00313 -19.5675,
				16.3155 -3.38003 -17.0265,
				-5.54857 -15.023 -4.57973,
				-14.3739 -19.7226 0.444334,
				-38.1127 -32.3639 13.9583,
				-500 -278.326 276.901,
			]
		}
		coordIndex [
			0, 1, 2, 3, 4, 5, -1
		]
	}
}
#---------- POLYLINE
Shape {
	appearance Appearance {
		material Material {
			diffuseColor 0.5 0.5 0.5
			emissiveColor 0.5 0.5 0.5
		}
	}
	geometry IndexedLineSet {
		coord Coordinate {
			point [
				20.7791 -1.00313 -19.5675,
				20.7791 -1.00313 -19.5675,
			]
		}
		coordIndex [
			0, 1, -1
		]
	}
}
#---------- POLYLINE
Shape {
	appearance Appearance {
		material Material {
			diffuseColor 0.5 0.5 0.5
			emissiveColor 0.5 0.5 0.5
		}
	}
	geometry IndexedLineSet {
		coord Coordinate {
			point [
				21.4954 -3.96783 -19.4076,
			]
		}
		coordIndex [
			0, -1
		]
	}
}
#---------- POLYLINE
Shape {
	appearance Appearance {
		material Material {
			diffuseColor 0 0 1
			emissiveColor 0 0 1
		}
	}
	geometry IndexedLineSet {
		coord Coordinate {
			point [
				21.4954 -3.96783 -19.4076,
				21.4915 -3.97291 -19.3703,
				21.4994 -3.97612 -19.3408,
				21.5149 -3.97314 -19.3219,
				21.5124 -3.97602 -19.3129,
				21.5129 -3.97612 -19.3123,
			]
		}
		coordIndex [
			0, 1, 2, 3, 4, 5, -1
		]
	}
}
#---------- POLYLINE
Shape {
	appearance Appearance {
		material Material {
			diffuseColor 0 1 0
			emissiveColor 0 1 0
		}
	}
	geometry IndexedLineSet {
		coord Coordinate {
			point [
				21.5129 -3.97612 -19.3123,
				22.1685 -4.50531 -18.9052,
				41.3453 -19.9858 -6.99601,
				43.8301 -24.0608 -7.14725,
				334.043 -500 -24.8117,
			]
		}
		coordIndex [
			0, 1, 2, 3, 4, -1
		]
	}
}
#---------- POLYLINE
Shape {
	appearance Appearance {
		material Material {
			diffuseColor 0 1 0
			emissiveColor 0 1 0
		}
	}
	geometry IndexedLineSet {
		coord Coordinate {
			point [
				21.5129 -3.97612 -19.3123,
				20.4056 -3.08224 -20,
				12.3543 3.41713 -25,
				-500 417.014 -343.183,
			]
		}
		coordIndex [
			0, 1, 2, 3, -1
		]
	}
}
#---------- POLYLINE
Shape {
	appearance Appearance {
		material Material {
			diffuseColor 0.5 0.5 0.5
			emissiveColor 0.5 0.5 0.5
		}
	}
	geometry IndexedLineSet {
		coord Coordinate {
			point [
				21.4954 -3.96783 -19.4076,
				20.0848 -4.99928 -19.8203,
				2.38317 -17.9425 -25,
				-500 -385.28 -172.002,
			]
		}
		coordIndex [
			0, 1, 2, 3, -1
		]
	}
}
#---------- POLYLINE
Shape {
	appearance Appearance {
		material Material {
			diffuseColor 0.5 0.5 0.5
			emissiveColor 0.5 0.5 0.5
		}
	}
	geometry IndexedLineSet {
		coord Coordinate {
			point [
				21.4954 -3.96783 -19.4076,
				21.4954 -3.96782 -19.4076,
			]
		}
		coordIndex [
			0, 1, -1
		]
	}
}
#---------- POLYLINE
Shape {
	appearance Appearance {
		material Material {
			diffuseColor 0.5 0.5 0.5
			emissiveColor 0.5 0.5 0.5
		}
	}
	geometry IndexedLineSet {
		coord Coordinate {
			point [
				24.2637 1.68635 -3.11246,
			]
		}
		coordIndex [
			0, -1
		]
	}
}
#---------- POLYLINE
Shape {
	appearance Appearance {
		material Material {
			diffuseColor 0 0 1
			emissiveColor 0 0 1
		}
	}
	geometry IndexedLineSet {
		coord Coordinate {
			point [
				24.2637 1.68635 -3.11246,
				24.2829 1.74483 -3.06627,
				24.3047 1.80102 -3.03136,
				24.308 1.86195 -3.00574,
				24.3252 1.91095 -2.98882,
				24.3548 1.95395 -2.99792,
				24.3951 1.974 -3.01575,
				24.4357 1.98709 -3.03423,
				24.4426 1.9922 -3.03854,
				24.4664 2.00491 -3.05901,
				24.4879 2.01626 -3.07996,
				24.5096 2.03226 -3.09464,
				24.5255 2.04555 -3.10795,
				24.5388 2.05687 -3.12318,
				24.546 2.06456 -3.13623,
				24.5492 2.06827 -3.14142,
				24.5502 2.06986 -3.14336,
				24.5502 2.07 -3.14353,
				24.5506 2.07055 -3.14423,
				24.5507 2.07084 -3.14459,
				24.5508 2.07095 -3.14472,
				24.5509 2.07112 -3.14494,
				24.551 2.07139 -3.14528,
				24.5511 2.07145 -3.14535,
				24.5514 2.07231 -3.14636,
				24.5515 2.07272 -3.14682,
				24.5515 2.0731 -3.14726,
				24.5517 2.07403 -3.14834,
				24.5518 2.0752 -3.14989,
				24.5524 2.07679 -3.15178,
				24.5535 2.07948 -3.1541,
				24.5547 2.0831 -3.1585,
				24.5571 2.08781 -3.16498,
				24.5609 2.09343 -3.17546,
				24.5648 2.1043 -3.18537,
				24.5675 2.11304 -3.19696,
				24.5687 2.12115 -3.20811,
				24.5622 2.12814 -3.20372,
				24.5562 2.1324 -3.19393,
				24.5514 2.13593 -3.18399,
				24.546 2.13785 -3.17512,
				24.5403 2.13815 -3.16727,
				24.5365 2.13785 -3.15861,
				24.5346 2.13687 -3.14998,
				24.5321 2.13534 -3.14213,
				24.5282 2.13309 -3.13537,
				24.5253 2.13216 -3.1309,
				24.5238 2.13182 -3.12902,
				24.5232 2.13172 -3.12831,
				24.5231 2.13171 -3.12819,
				24.523 2.1317 -3.1281,
				24.523 2.1317 -3.12808,
				24.5228 2.13167 -3.12788,
				24.5228 2.13167 -3.12788,
				24.5227 2.13165 -3.12776,
				24.5227 2.13164 -3.12769,
				24.5226 2.13162 -3.12751,
				24.5225 2.1316 -3.12735,
				24.5217 2.13153 -3.12637,
				24.5217 2.13153 -3.12633,
				24.521 2.13163 -3.12553,
				24.5199 2.13189 -3.12431,
				24.5181 2.13226 -3.12252,
				24.5152 2.13303 -3.12001,
				24.5098 2.13315 -3.11664,
				24.508 2.13845 -3.11349,
				24.508 2.1442 -3.1106,
				24.5086 2.14913 -3.10762,
				24.5098 2.15225 -3.10345,
				24.5106 2.15369 -3.101,
				24.5112 2.15434 -3.09964,
				24.5112 2.15436 -3.09959,
				24.5112 2.15438 -3.09953,
				24.5116 2.15467 -3.09875,
				24.5116 2.15471 -3.09866,
				24.5117 2.15482 -3.09843,
				24.5118 2.15486 -3.09835,
				24.5118 2.15491 -3.09827,
				24.5119 2.15501 -3.09806,
				24.5121 2.15515 -3.09775,
				24.5121 2.15516 -3.09775,
				24.5123 2.15526 -3.09772,
				24.5123 2.15527 -3.09772,
				24.5124 2.1553 -3.09771,
				24.513 2.15558 -3.09763,
				24.5142 2.15609 -3.09752,
				24.5167 2.15699 -3.09753,
				24.5198 2.15781 -3.09692,
				24.5225 2.15746 -3.09569,
				24.5253 2.15708 -3.09502,
				24.528 2.15724 -3.09519,
				24.5306 2.15715 -3.09545,
				24.533 2.15677 -3.09603,
				24.5354 2.15661 -3.09586,
				24.5376 2.15637 -3.09589,
				24.5396 2.15637 -3.09609,
				24.5516 2.15872 -3.09687,
				24.5514 2.15866 -3.09611,
			]
		}
		coordIndex [
			0, 1, 2, 3, 4, 5, 6, 7, 8, 9, 
			10, 11, 12, 13, 14, 15, 16, 17, 18, 19, 
			20, 21, 22, 23, 24, 25, 26, 27, 28, 29, 
			30, 31, 32, 33, 34, 35, 36, 37, 38, 39, 
			40, 41, 42, 43, 44, 45, 46, 47, 48, 49, 
			50, 51, 52, 53, 54, 55, 56, 57, 58, 59, 
			60, 61, 62, 63, 64, 65, 66, 67, 68, 69, 
			70, 71, 72, 73, 74, 75, 76, 77, 78, 79, 
			80, 81, 82, 83, 84, 85, 86, 87, 88, 89, 
			90, 91, 92, 93, 94, 95, 96, 97, -1
		]
	}
}
#---------- POLYLINE
Shape {
	appearance Appearance {
		material Material {
			diffuseColor 0 1 0
			emissiveColor 0 1 0
		}
	}
	geometry IndexedLineSet {
		coord Coordinate {
			point [
				24.5514 2.15866 -3.09611,
				42.1527 -25.5831 -25,
				343.156 -500 -399.582,
			]
		}
		coordIndex [
			0, 1, 2, -1
		]
	}
}
#---------- POLYLINE
Shape {
	appearance Appearance {
		material Material {
			diffuseColor 0 1 0
			emissiveColor 0 1 0
		}
	}
	geometry IndexedLineSet {
		coord Coordinate {
			point [
				24.5514 2.15866 -3.09611,
				24.5213 2.20605 -3.0587,
				24.4671 2.24615 -3.02708,
				20.8409 4.92877 -0.911821,
				10.7919 12.3631 4.95017,
				5.04745 16.6128 8.30109,
				-23.5791 37.7908 25,
				-500 390.248 302.913,
			]
		}
		coordIndex [
			0, 1, 2, 3, 4, 5, 6, 7, -1
		]
	}
}
#---------- POLYLINE
Shape {
	appearance Appearance {
		material Material {
			diffuseColor 0 1 0
			emissiveColor 0 1 0
		}
	}
	geometry IndexedLineSet {
		coord Coordinate {
			point [
				24.4426 1.9922 -3.03854,
				24.5604 2.05002 -3.02663,
				48.1125 13.6085 -0.645416,
				500 235.379 45.0424,
			]
		}
		coordIndex [
			0, 1, 2, 3, -1
		]
	}
}
#---------- POLYLINE
Shape {
	appearance Appearance {
		material Material {
			diffuseColor 0.5 0.5 0.5
			emissiveColor 0.5 0.5 0.5
		}
	}
	geometry IndexedLineSet {
		coord Coordinate {
			point [
				24.2637 1.68635 -3.11246,
				18.8239 4.85971 -4.9224,
				-5.26753 18.9136 -12.9381,
				-10.9247 22.2138 -14.8203,
				-34.6453 36.0514 -22.7126,
				-500 307.519 -177.545,
			]
		}
		coordIndex [
			0, 1, 2, 3, 4, 5, -1
		]
	}
}
#---------- POLYLINE
Shape {
	appearance Appearance {
		material Material {
			diffuseColor 0.5 0.5 0.5
			emissiveColor 0.5 0.5 0.5
		}
	}
	geometry IndexedLineSet {
		coord Coordinate {
			point [
				24.2637 1.68635 -3.11246,
				24.2637 1.68634 -3.11247,
			]
		}
		coordIndex [
			0, 1, -1
		]
	}
}
#---------- POLYLINE
Shape {
	appearance Appearance {
		material Material {
			diffuseColor 0.5 0.5 0.5
			emissiveColor 0.5 0.5 0.5
		}
	}
	geometry IndexedLineSet {
		coord Coordinate {
			point [
				19.3443 -1.87816 16.5381,
			]
		}
		coordIndex [
			0, -1
		]
	}
}
#---------- POLYLINE
Shape {
	appearance Appearance {
		material Material {
			diffuseColor 0 0 1
			emissiveColor 0 0 1
		}
	}
	geometry IndexedLineSet {
		coord Coordinate {
			point [
				19.3443 -1.87816 16.5381,
				19.4212 -1.81065 16.2568,
				19.4459 -1.68186 16.0375,
				19.4854 -1.49272 15.9485,
				19.4387 -1.36088 16.0646,
				19.3364 -1.28038 16.1094,
				19.2362 -1.23443 16.1507,
				19.1744 -1.1617 16.1758,
				19.1132 -1.12929 16.213,
				19.0498 -1.11854 16.2182,
				19.0145 -1.15273 16.2351,
				18.9918 -1.18505 16.2244,
				18.9965 -1.20419 16.2447,
				19.0115 -1.22776 16.251,
				18.9973 -1.24308 16.2641,
				18.9914 -1.25365 16.2547,
				18.9932 -1.25468 16.2547,
				18.9931 -1.25466 16.2547,
			]
		}
		coordIndex [
			0, 1, 2, 3, 4, 5, 6, 7, 8, 9, 
			10, 11, 12, 13, 14, 15, 16, 17, -1
		]
	}
}
#---------- POLYLINE
Shape {
	appearance Appearance {
		material Material {
			diffuseColor 0 1 0
			emissiveColor 0 1 0
		}
	}
	geometry IndexedLineSet {
		coord Coordinate {
			point [
				18.9931 -1.25466 16.2547,
				18.3265 -4.71163 10.4422,
				15.5331 -19.197 -13.9132,
				17.3765 -17.1397 -25,
				96.3529 71.0036 -500,
			]
		}
		coordIndex [
			0, 1, 2, 3, 4, -1
		]
	}
}
#---------- POLYLINE
Shape {
	appearance Appearance {
		material Material {
			diffuseColor 0 1 0
			emissiveColor 0 1 0
		}
	}
	geometry IndexedLineSet {
		coord Coordinate {
			point [
				18.9931 -1.25466 16.2547,
				19.4227 0.972837 20,
				19.9962 3.94658 25,
				74.4746 286.452 500,
			]
		}
		coordIndex [
			0, 1, 2, 3, -1
		]
	}
}
#---------- POLYLINE
Shape {
	appearance Appearance {
		material Material {
			diffuseColor 0 1 0
			emissiveColor 0 1 0
		}
	}
	geometry IndexedLineSet {
		coord Coordinate {
			point [
				18.9965 -1.20419 16.2447,
				19.0027 -1.20222 16.2477,
			]
		}
		coordIndex [
			0, 1, -1
		]
	}
}
#---------- POLYLINE
Shape {
	appearance Appearance {
		material Material {
			diffuseColor 0.5 0.5 0.5
			emissiveColor 0.5 0.5 0.5
		}
	}
	geometry IndexedLineSet {
		coord Coordinate {
			point [
				19.3443 -1.87816 16.5381,
				20.9977 -4.89945 18.1361,
				28.0998 -17.8769 25,
				291.947 -500 280,
			]
		}
		coordIndex [
			0, 1, 2, 3, -1
		]
	}
}
#---------- POLYLINE
Shape {
	appearance Appearance {
		material Material {
			diffuseColor 0.5 0.5 0.5
			emissiveColor 0.5 0.5 0.5
		}
	}
	geometry IndexedLineSet {
		coord Coordinate {
			point [
				19.3443 -1.87816 16.5381,
				19.3443 -1.87816 16.5381,
			]
		}
		coordIndex [
			0, 1, -1
		]
	}
}
#---------- POLYLINE
Shape {
	appearance Appearance {
		material Material {
			diffuseColor 0.5 0.5 0.5
			emissiveColor 0.5 0.5 0.5
		}
	}
	geometry IndexedLineSet {
		coord Coordinate {
			point [
				20.7017 0.583995 9.48953,
			]
		}
		coordIndex [
			0, -1
		]
	}
}
#---------- POLYLINE
Shape {
	appearance Appearance {
		material Material {
			diffuseColor 0 0 1
			emissiveColor 0 0 1
		}
	}
	geometry IndexedLineSet {
		coord Coordinate {
			point [
				20.7017 0.583995 9.48953,
				20.7491 0.581154 9.49462,
				20.7632 0.610703 9.47193,
				20.7763 0.628839 9.45215,
				20.773 0.649358 9.44755,
				20.7724 0.649167 9.447,
			]
		}
		coordIndex [
			0, 1, 2, 3, 4, 5, -1
		]
	}
}
#---------- POLYLINE
Shape {
	appearance Appearance {
		material Material {
			diffuseColor 0 1 0
			emissiveColor 0 1 0
		}
	}
	geometry IndexedLineSet {
		coord Coordinate {
			point [
				20.7724 0.649167 9.447,
				23.7574 3.29876 9.08949,
				40.908 18.522 7.03541,
				42.5003 26.3386 3.5416,
				138.988 500 -208.171,
			]
		}
		coordIndex [
			0, 1, 2, 3, 4, -1
		]
	}
}
#---------- POLYLINE
Shape {
	appearance Appearance {
		material Material {
			diffuseColor 0 1 0
			emissiveColor 0 1 0
		}
	}
	geometry IndexedLineSet {
		coord Coordinate {
			point [
				20.7724 0.649167 9.447,
				16.2787 -3.33948 9.9852,
				-27.2144 -41.9449 15.1943,
				-500 -461.6 71.8187,
			]
		}
		coordIndex [
			0, 1, 2, 3, -1
		]
	}
}
#---------- POLYLINE
Shape {
	appearance Appearance {
		material Material {
			diffuseColor 0.5 0.5 0.5
			emissiveColor 0.5 0.5 0.5
		}
	}
	geometry IndexedLineSet {
		coord Coordinate {
			point [
				20.7017 0.583995 9.48953,
				18.5159 4.77468 8.59649,
				13.7235 13.963 6.63845,
				9.39439 22.2632 4.86967,
				-4.94458 49.7549 -0.988843,
				-239.781 500 -96.9366,
			]
		}
		coordIndex [
			0, 1, 2, 3, 4, 5, -1
		]
	}
}
#---------- POLYLINE
Shape {
	appearance Appearance {
		material Material {
			diffuseColor 0.5 0.5 0.5
			emissiveColor 0.5 0.5 0.5
		}
	}
	geometry IndexedLineSet {
		coord Coordinate {
			point [
				20.7017 0.583995 9.48953,
				20.7017 0.583987 9.48954,
			]
		}
		coordIndex [
			0, 1, -1
		]
	}
}
#---------- POLYLINE
Shape {
	appearance Appearance {
		material Material {
			diffuseColor 0.5 0.5 0.5
			emissiveColor 0.5 0.5 0.5
		}
	}
	geometry IndexedLineSet {
		coord Coordinate {
			point [
				9.1489 13.4343 17.2622,
			]
		}
		coordIndex [
			0, -1
		]
	}
}
#---------- POLYLINE
Shape {
	appearance Appearance {
		material Material {
			diffuseColor 0 0 1
			emissiveColor 0 0 1
		}
	}
	geometry IndexedLineSet {
		coord Coordinate {
			point [
				9.1489 13.4343 17.2622,
				9.15702 13.3896 17.2351,
				9.15572 13.3801 17.1942,
				9.1343 13.3677 17.1693,
				9.11091 13.3592 17.1616,
				9.09748 13.3435 17.1607,
				9.09289 13.3389 17.1619,
				9.09232 13.3388 17.1619,
			]
		}
		coordIndex [
			0, 1, 2, 3, 4, 5, 6, 7, -1
		]
	}
}
#---------- POLYLINE
Shape {
	appearance Appearance {
		material Material {
			diffuseColor 0 1 0
			emissiveColor 0 1 0
		}
	}
	geometry IndexedLineSet {
		coord Coordinate {
			point [
				9.09232 13.3388 17.1619,
				14.7347 16.7383 18.399,
				11.2108 17.5144 20,
				0.205235 19.9383 25,
				-500 130.105 252.251,
			]
		}
		coordIndex [
			0, 1, 2, 3, 4, -1
		]
	}
}
#---------- POLYLINE
Shape {
	appearance Appearance {
		material Material {
			diffuseColor 0 1 0
			emissiveColor 0 1 0
		}
	}
	geometry IndexedLineSet {
		coord Coordinate {
			point [
				9.09232 13.3388 17.1619,
				8.03553 12.7021 16.9302,
				-7.59623 3.28391 13.5027,
				-28.1564 35.314 -25,
				-281.803 430.462 -500,
			]
		}
		coordIndex [
			0, 1, 2, 3, 4, -1
		]
	}
}
#---------- POLYLINE
Shape {
	appearance Appearance {
		material Material {
			diffuseColor 0.5 0.5 0.5
			emissiveColor 0.5 0.5 0.5
		}
	}
	geometry IndexedLineSet {
		coord Coordinate {
			point [
				9.1489 13.4343 17.2622,
				5.32731 15.5207 -0.140248,
				-0.13188 18.5011 -25,
				-104.442 75.448 -500,
			]
		}
		coordIndex [
			0, 1, 2, 3, -1
		]
	}
}
#---------- POLYLINE
Shape {
	appearance Appearance {
		material Material {
			diffuseColor 0.5 0.5 0.5
			emissiveColor 0.5 0.5 0.5
		}
	}
	geometry IndexedLineSet {
		coord Coordinate {
			point [
				9.1489 13.4343 17.2622,
				9.1489 13.4343 17.2623,
			]
		}
		coordIndex [
			0, 1, -1
		]
	}
}
#---------- POLYLINE
Shape {
	appearance Appearance {
		material Material {
			diffuseColor 0.5 0.5 0.5
			emissiveColor 0.5 0.5 0.5
		}
	}
	geometry IndexedLineSet {
		coord Coordinate {
			point [
				10.0088 15.5316 -17.4393,
			]
		}
		coordIndex [
			0, -1
		]
	}
}
#---------- POLYLINE
Shape {
	appearance Appearance {
		material Material {
			diffuseColor 0 0 1
			emissiveColor 0 0 1
		}
	}
	geometry IndexedLineSet {
		coord Coordinate {
			point [
				10.0088 15.5316 -17.4393,
				9.84529 15.535 -17.407,
				9.82705 15.6713 -17.4397,
				9.74682 15.745 -17.4804,
				9.66538 15.8052 -17.4908,
				9.5823 15.8322 -17.4886,
				9.55911 15.8422 -17.4254,
				9.53056 15.8346 -17.3794,
				9.53053 15.8742 -17.3543,
				9.52006 15.9099 -17.3434,
				9.49249 15.9218 -17.3331,
				9.47771 15.9299 -17.3148,
				9.46639 15.9348 -17.3031,
				9.46657 15.9354 -17.3038,
				9.46657 15.9354 -17.3038,
			]
		}
		coordIndex [
			0, 1, 2, 3, 4, 5, 6, 7, 8, 9, 
			10, 11, 12, 13, 14, -1
		]
	}
}
#---------- POLYLINE
Shape {
	appearance Appearance {
		material Material {
			diffuseColor 0 1 0
			emissiveColor 0 1 0
		}
	}
	geometry IndexedLineSet {
		coord Coordinate {
			point [
				9.46657 15.9354 -17.3038,
				9.89138 12.3012 -17.7405,
				16.8328 -47.0814 -24.8763,
				69.7756 -500 -79.3019,
			]
		}
		coordIndex [
			0, 1, 2, 3, -1
		]
	}
}
#---------- POLYLINE
Shape {
	appearance Appearance {
		material Material {
			diffuseColor 0 1 0
			emissiveColor 0 1 0
		}
	}
	geometry IndexedLineSet {
		coord Coordinate {
			point [
				9.46657 15.9354 -17.3038,
				8.74141 22.139 -16.5583,
				5.52039 49.6943 -13.2471,
				-47.1171 500 40.8645,
			]
		}
		coordIndex [
			0, 1, 2, 3, -1
		]
	}
}
#---------- POLYLINE
Shape {
	appearance Appearance {
		material Material {
			diffuseColor 0.5 0.5 0.5
			emissiveColor 0.5 0.5 0.5
		}
	}
	geometry IndexedLineSet {
		coord Coordinate {
			point [
				10.0088 15.5316 -17.4393,
				14.8213 15.9751 -17.5482,
				46.3002 18.8757 -18.2606,
				500 60.6822 -28.5275,
			]
		}
		coordIndex [
			0, 1, 2, 3, -1
		]
	}
}
#---------- POLYLINE
Shape {
	appearance Appearance {
		material Material {
			diffuseColor 0.5 0.5 0.5
			emissiveColor 0.5 0.5 0.5
		}
	}
	geometry IndexedLineSet {
		coord Coordinate {
			point [
				10.0088 15.5316 -17.4393,
				10.0088 15.5316 -17.4393,
			]
		}
		coordIndex [
			0, 1, -1
		]
	}
}
#---------- POLYLINE
Shape {
	appearance Appearance {
		material Material {
			diffuseColor 0.5 0.5 0.5
			emissiveColor 0.5 0.5 0.5
		}
	}
	geometry IndexedLineSet {
		coord Coordinate {
			point [
				10.8518 19.0112 -15.2796,
			]
		}
		coordIndex [
			0, -1
		]
	}
}
#---------- POLYLINE
Shape {
	appearance Appearance {
		material Material {
			diffuseColor 0 0 1
			emissiveColor 0 0 1
		}
	}
	geometry IndexedLineSet {
		coord Coordinate {
			point [
				10.8518 19.0112 -15.2796,
				10.8015 18.924 -15.3562,
				10.7643 18.9023 -15.4527,
				10.6921 18.8898 -15.5067,
				10.6477 18.8647 -15.5623,
				10.5871 18.8446 -15.572,
				10.5417 18.8221 -15.593,
				10.5083 18.7997 -15.57,
				10.4757 18.784 -15.5593,
				10.4634 18.7562 -15.5476,
				10.4574 18.7795 -15.5562,
				10.4555 18.7825 -15.5765,
				10.4556 18.7831 -15.5761,
			]
		}
		coordIndex [
			0, 1, 2, 3, 4, 5, 6, 7, 8, 9, 
			10, 11, 12, -1
		]
	}
}
#---------- POLYLINE
Shape {
	appearance Appearance {
		material Material {
			diffuseColor 0 1 0
			emissiveColor 0 1 0
		}
	}
	geometry IndexedLineSet {
		coord Coordinate {
			point [
				10.4556 18.7831 -15.5761,
				5.72458 14.7076 -5.54329,
				-8.67815 2.30013 25,
				-232.665 -190.656 500,
			]
		}
		coordIndex [
			0, 1, 2, 3, -1
		]
	}
}
#---------- POLYLINE
Shape {
	appearance Appearance {
		material Material {
			diffuseColor 0 1 0
			emissiveColor 0 1 0
		}
	}
	geometry IndexedLineSet {
		coord Coordinate {
			point [
				10.4556 18.7831 -15.5761,
				12.5417 20.5802 -20,
				14.8994 22.6113 -25,
				238.886 215.568 -500,
			]
		}
		coordIndex [
			0, 1, 2, 3, -1
		]
	}
}
#---------- POLYLINE
Shape {
	appearance Appearance {
		material Material {
			diffuseColor 0.5 0.5 0.5
			emissiveColor 0.5 0.5 0.5
		}
	}
	geometry IndexedLineSet {
		coord Coordinate {
			point [
				10.8518 19.0112 -15.2796,
				12.1963 12.8082 -14.4953,
				15.0018 -0.134839 -12.8587,
				15.3946 -1.94682 -12.6296,
				24.4289 -43.626 -7.35938,
				123.352 -500 50.3475,
			]
		}
		coordIndex [
			0, 1, 2, 3, 4, 5, -1
		]
	}
}
#---------- POLYLINE
Shape {
	appearance Appearance {
		material Material {
			diffuseColor 0.5 0.5 0.5
			emissiveColor 0.5 0.5 0.5
		}
	}
	geometry IndexedLineSet {
		coord Coordinate {
			point [
				10.8518 19.0112 -15.2796,
				10.8518 19.0112 -15.2796,
			]
		}
		coordIndex [
			0, 1, -1
		]
	}
}
#---------- POLYLINE
Shape {
	appearance Appearance {
		material Material {
			diffuseColor 0.5 0.5 0.5
			emissiveColor 0.5 0.5 0.5
		}
	}
	geometry IndexedLineSet {
		coord Coordinate {
			point [
				9.2726 17.6388 5.82122,
			]
		}
		coordIndex [
			0, -1
		]
	}
}
#---------- POLYLINE
Shape {
	appearance Appearance {
		material Material {
			diffuseColor 0 0 1
			emissiveColor 0 0 1
		}
	}
	geometry IndexedLineSet {
		coord Coordinate {
			point [
				9.2726 17.6388 5.82122,
				9.27261 17.6388 5.82122,
			]
		}
		coordIndex [
			0, 1, -1
		]
	}
}
#---------- POLYLINE
Shape {
	appearance Appearance {
		material Material {
			diffuseColor 0 1 0
			emissiveColor 0 1 0
		}
	}
	geometry IndexedLineSet {
		coord Coordinate {
			point [
				9.27261 17.6388 5.82122,
				11.6592 22.0167 5.30241,
				23.667 44.044 2.69204,
				272.225 500 -51.3417,
			]
		}
		coordIndex [
			0, 1, 2, 3, -1
		]
	}
}
#---------- POLYLINE
Shape {
	appearance Appearance {
		material Material {
			diffuseColor 0 1 0
			emissiveColor 0 1 0
		}
	}
	geometry IndexedLineSet {
		coord Coordinate {
			point [
				9.27261 17.6388 5.82122,
				6.93459 13.3499 6.32948,
				2.12448 4.52621 7.37514,
				-2.6532 -4.23798 8.41375,
				-7.43431 -13.0085 9.45311,
				-12.2169 -21.7817 10.4928,
				-24.1958 -43.7557 13.0969,
				-272.911 -500 67.1647,
			]
		}
		coordIndex [
			0, 1, 2, 3, 4, 5, 6, 7, -1
		]
	}
}
#---------- POLYLINE
Shape {
	appearance Appearance {
		material Material {
			diffuseColor 0.5 0.5 0.5
			emissiveColor 0.5 0.5 0.5
		}
	}
	geometry IndexedLineSet {
		coord Coordinate {
			point [
				9.2726 17.6388 5.82122,
				6.57632 13.656 7.47775,
				0.684353 4.95294 11.0976,
				-4.3444 -2.47511 14.1872,
				-11.075 -12.4169 18.3223,
				-13.8058 -16.4506 20,
				-21.9441 -28.4719 25,
				-341.167 -500 221.122,
			]
		}
		coordIndex [
			0, 1, 2, 3, 4, 5, 6, 7, -1
		]
	}
}
#---------- POLYLINE
Shape {
	appearance Appearance {
		material Material {
			diffuseColor 0.5 0.5 0.5
			emissiveColor 0.5 0.5 0.5
		}
	}
	geometry IndexedLineSet {
		coord Coordinate {
			point [
				9.2726 17.6388 5.82122,
				9.27261 17.6388 5.82122,
			]
		}
		coordIndex [
			0, 1, -1
		]
	}
}
#---------- POLYLINE
Shape {
	appearance Appearance {
		material Material {
			diffuseColor 0.5 0.5 0.5
			emissiveColor 0.5 0.5 0.5
		}
	}
	geometry IndexedLineSet {
		coord Coordinate {
			point [
				9.12767 15.8834 8.06402,
			]
		}
		coordIndex [
			0, -1
		]
	}
}
#---------- POLYLINE
Shape {
	appearance Appearance {
		material Material {
			diffuseColor 0 0 1
			emissiveColor 0 0 1
		}
	}
	geometry IndexedLineSet {
		coord Coordinate {
			point [
				9.12767 15.8834 8.06402,
				9.06596 15.814 8.10017,
				9.05796 15.753 8.16046,
				9.07654 15.703 8.2056,
				9.12671 15.7113 8.23322,
				9.1666 15.7312 8.24167,
				9.19615 15.7415 8.26278,
				9.20329 15.765 8.28289,
				9.20866 15.7813 8.30291,
				9.21209 15.7935 8.31956,
				9.21788 15.7945 8.32755,
				9.21825 15.7949 8.32755,
			]
		}
		coordIndex [
			0, 1, 2, 3, 4, 5, 6, 7, 8, 9, 
			10, 11, -1
		]
	}
}
#---------- POLYLINE
Shape {
	appearance Appearance {
		material Material {
			diffuseColor 0 1 0
			emissiveColor 0 1 0
		}
	}
	geometry IndexedLineSet {
		coord Coordinate {
			point [
				9.21825 15.7949 8.32755,
				5.18274 15.9606 18.9404,
				2.87859 16.0552 25,
				-177.739 23.4706 500,
			]
		}
		coordIndex [
			0, 1, 2, 3, -1
		]
	}
}
#---------- POLYLINE
Shape {
	appearance Appearance {
		material Material {
			diffuseColor 0 1 0
			emissiveColor 0 1 0
		}
	}
	geometry IndexedLineSet {
		coord Coordinate {
			point [
				9.21825 15.7949 8.32755,
				14.6912 15.5702 -6.06571,
				21.891 15.2746 -25,
				202.508 7.85919 -500,
			]
		}
		coordIndex [
			0, 1, 2, 3, -1
		]
	}
}
#---------- POLYLINE
Shape {
	appearance Appearance {
		material Material {
			diffuseColor 0.5 0.5 0.5
			emissiveColor 0.5 0.5 0.5
		}
	}
	geometry IndexedLineSet {
		coord Coordinate {
			point [
				9.12767 15.8834 8.06402,
				13.986 14.2814 -11.5907,
				17.3006 13.1884 -25,
				134.713 -25.5282 -500,
			]
		}
		coordIndex [
			0, 1, 2, 3, -1
		]
	}
}
#---------- POLYLINE
Shape {
	appearance Appearance {
		material Material {
			diffuseColor 0.5 0.5 0.5
			emissiveColor 0.5 0.5 0.5
		}
	}
	geometry IndexedLineSet {
		coord Coordinate {
			point [
				9.12767 15.8834 8.06402,
				9.12768 15.8834 8.06403,
			]
		}
		coordIndex [
			0, 1, -1
		]
	}
}
#---------- POLYLINE
Shape {
	appearance Appearance {
		material Material {
			diffuseColor 0.5 0.5 0.5
			emissiveColor 0.5 0.5 0.5
		}
	}
	geometry IndexedLineSet {
		coord Coordinate {
			point [
				7.48131 21.4363 12.4873,
			]
		}
		coordIndex [
			0, -1
		]
	}
}
#---------- POLYLINE
Shape {
	appearance Appearance {
		material Material {
			diffuseColor 0 0 1
			emissiveColor 0 0 1
		}
	}
	geometry IndexedLineSet {
		coord Coordinate {
			point [
				7.48131 21.4363 12.4873,
				7.56008 21.4933 12.4874,
				7.62987 21.549 12.4843,
				7.70478 21.5876 12.4837,
				7.77722 21.6126 12.4938,
				7.83966 21.6377 12.5238,
				7.89575 21.6633 12.557,
				7.94962 21.6899 12.5837,
				7.99064 21.6788 12.6299,
				8.02729 21.6563 12.6697,
				8.05116 21.6419 12.6968,
				8.06054 21.6226 12.7213,
				8.08322 21.6086 12.7252,
				8.08909 21.6097 12.7448,
				8.0884 21.6055 12.752,
				8.08842 21.6056 12.7522,
			]
		}
		coordIndex [
			0, 1, 2, 3, 4, 5, 6, 7, 8, 9, 
			10, 11, 12, 13, 14, 15, -1
		]
	}
}
#---------- POLYLINE
Shape {
	appearance Appearance {
		material Material {
			diffuseColor 0 1 0
			emissiveColor 0 1 0
		}
	}
	geometry IndexedLineSet {
		coord Coordinate {
			point [
				8.08842 21.6056 12.7522,
				8.13696 21.9399 13.1493,
				8.38267 23.6322 15.159,
				2.60584 26.328 25,
				-276.226 156.449 500,
			]
		}
		coordIndex [
			0, 1, 2, 3, 4, -1
		]
	}
}
#---------- POLYLINE
Shape {
	appearance Appearance {
		material Material {
			diffuseColor 0 1 0
			emissiveColor 0 1 0
		}
	}
	geometry IndexedLineSet {
		coord Coordinate {
			point [
				8.08842 21.6056 12.7522,
				6.8943 13.3815 2.98539,
				4.99211 0.280722 -12.5729,
				4.70613 -1.68888 -14.912,
				3.47275 -10.1834 -25,
				-54.6017 -410.154 -500,
			]
		}
		coordIndex [
			0, 1, 2, 3, 4, 5, -1
		]
	}
}
#---------- POLYLINE
Shape {
	appearance Appearance {
		material Material {
			diffuseColor 0.5 0.5 0.5
			emissiveColor 0.5 0.5 0.5
		}
	}
	geometry IndexedLineSet {
		coord Coordinate {
			point [
				7.48131 21.4363 12.4873,
				7.97626 21.8721 12.5989,
				29.216 40.5761 17.3895,
				500 455.154 123.573,
			]
		}
		coordIndex [
			0, 1, 2, 3, -1
		]
	}
}
#---------- POLYLINE
Shape {
	appearance Appearance {
		material Material {
			diffuseColor 0.5 0.5 0.5
			emissiveColor 0.5 0.5 0.5
		}
	}
	geometry IndexedLineSet {
		coord Coordinate {
			point [
				7.48131 21.4363 12.4873,
				7.48129 21.4363 12.4873,
			]
		}
		coordIndex [
			0, 1, -1
		]
	}
}
#---------- POLYLINE
Shape {
	appearance Appearance {
		material Material {
			diffuseColor 0.5 0.5 0.5
			emissiveColor 0.5 0.5 0.5
		}
	}
	geometry IndexedLineSet {
		coord Coordinate {
			point [
				8.40391 14.6548 11.7607,
			]
		}
		coordIndex [
			0, -1
		]
	}
}
#---------- POLYLINE
Shape {
	appearance Appearance {
		material Material {
			diffuseColor 0 0 1
			emissiveColor 0 0 1
		}
	}
	geometry IndexedLineSet {
		coord Coordinate {
			point [
				8.40391 14.6548 11.7607,
				8.44981 14.5872 11.7097,
				8.50994 14.5957 11.6561,
				8.57054 14.6176 11.6358,
				8.60855 14.6494 11.6601,
				8.62284 14.6087 11.6748,
				8.65965 14.6024 11.6767,
				8.67935 14.6232 11.6697,
				8.69122 14.642 11.6651,
				8.69156 14.642 11.6651,
			]
		}
		coordIndex [
			0, 1, 2, 3, 4, 5, 6, 7, 8, 9, -1
		]
	}
}
#---------- POLYLINE
Shape {
	appearance Appearance {
		material Material {
			diffuseColor 0 1 0
			emissiveColor 0 1 0
		}
	}
	geometry IndexedLineSet {
		coord Coordinate {
			point [
				8.69156 14.642 11.6651,
				5.0397 16.6712 13.3271,
				-20.6078 30.9219 25,
				-500 297.29 243.184,
			]
		}
		coordIndex [
			0, 1, 2, 3, -1
		]
	}
}
#---------- POLYLINE
Shape {
	appearance Appearance {
		material Material {
			diffuseColor 0 1 0
			emissiveColor 0 1 0
		}
	}
	geometry IndexedLineSet {
		coord Coordinate {
			point [
				8.69156 14.642 11.6651,
				12.086 12.7559 10.1202,
				25.1613 5.49082 4.16927,
				43.882 -7.13554 -6.99505,
				48.9589 -10.15 -5.19297,
				500 -277.954 154.905,
			]
		}
		coordIndex [
			0, 1, 2, 3, 4, 5, -1
		]
	}
}
#---------- POLYLINE
Shape {
	appearance Appearance {
		material Material {
			diffuseColor 0.5 0.5 0.5
			emissiveColor 0.5 0.5 0.5
		}
	}
	geometry IndexedLineSet {
		coord Coordinate {
			point [
				8.40391 14.6548 11.7607,
				7.0655 21.3483 10.8767,
				1.34 49.982 7.09523,
				-88.6439 500 -52.3359,
			]
		}
		coordIndex [
			0, 1, 2, 3, -1
		]
	}
}
#---------- POLYLINE
Shape {
	appearance Appearance {
		material Material {
			diffuseColor 0.5 0.5 0.5
			emissiveColor 0.5 0.5 0.5
		}
	}
	geometry IndexedLineSet {
		coord Coordinate {
			point [
				8.40391 14.6548 11.7607,
				8.40391 14.6548 11.7607,
			]
		}
		coordIndex [
			0, 1, -1
		]
	}
}
#---------- POLYLINE
Shape {
	appearance Appearance {
		material Material {
			diffuseColor 0.5 0.5 0.5
			emissiveColor 0.5 0.5 0.5
		}
	}
	geometry IndexedLineSet {
		coord Coordinate {
			point [
				12.4734 15.613 10.3317,
			]
		}
		coordIndex [
			0, -1
		]
	}
}
#---------- POLYLINE
Shape {
	appearance Appearance {
		material Material {
			diffuseColor 0 0 1
			emissiveColor 0 0 1
		}
	}
	geometry IndexedLineSet {
		coord Coordinate {
			point [
				12.4734 15.613 10.3317,
				12.4857 15.7829 10.1526,
				12.5429 15.8579 10.0123,
				12.639 15.951 9.95871,
				12.7091 15.9816 9.85901,
				12.7397 16.0672 9.80066,
				12.8059 16.0903 9.75457,
				12.8187 16.1452 9.72102,
				12.8663 16.1549 9.69356,
				12.8887 16.1426 9.658,
				12.906 16.1689 9.63795,
				12.9238 16.1893 9.62644,
				12.9482 16.1891 9.62979,
				12.9523 16.187 9.63254,
				12.9521 16.187 9.63255,
			]
		}
		coordIndex [
			0, 1, 2, 3, 4, 5, 6, 7, 8, 9, 
			10, 11, 12, 13, 14, -1
		]
	}
}
#---------- POLYLINE
Shape {
	appearance Appearance {
		material Material {
			diffuseColor 0 1 0
			emissiveColor 0 1 0
		}
	}
	geometry IndexedLineSet {
		coord Coordinate {
			point [
				12.9521 16.187 9.63255,
				13.5666 20.8042 10.362,
				17.0531 47.002 14.5007,
				77.3395 500 86.0651,
			]
		}
		coordIndex [
			0, 1, 2, 3, -1
		]
	}
}
#---------- POLYLINE
Shape {
	appearance Appearance {
		material Material {
			diffuseColor 0 1 0
			emissiveColor 0 1 0
		}
	}
	geometry IndexedLineSet {
		coord Coordinate {
			point [
				12.9521 16.187 9.63255,
				12.526 12.985 9.1267,
				9.15136 -12.3725 5.12073,
				7.8922 -21.834 3.62602,
				4.16692 -49.8261 -0.796153,
				-55.7436 -500 -71.9144,
			]
		}
		coordIndex [
			0, 1, 2, 3, 4, 5, -1
		]
	}
}
#---------- POLYLINE
Shape {
	appearance Appearance {
		material Material {
			diffuseColor 0.5 0.5 0.5
			emissiveColor 0.5 0.5 0.5
		}
	}
	geometry IndexedLineSet {
		coord Coordinate {
			point [
				12.4734 15.613 10.3317,
				13.5329 20.8381 9.74751,
				18.7096 46.3676 6.89334,
				110.693 500 -43.8224,
			]
		}
		coordIndex [
			0, 1, 2, 3, -1
		]
	}
}
#---------- POLYLINE
Shape {
	appearance Appearance {
		material Material {
			diffuseColor 0.5 0.5 0.5
			emissiveColor 0.5 0.5 0.5
		}
	}
	geometry IndexedLineSet {
		coord Coordinate {
			point [
				12.4734 15.613 10.3317,
				12.4734 15.6129 10.3317,
			]
		}
		coordIndex [
			0, 1, -1
		]
	}
}
#---------- POLYLINE
Shape {
	appearance Appearance {
		material Material {
			diffuseColor 0.5 0.5 0.5
			emissiveColor 0.5 0.5 0.5
		}
	}
	geometry IndexedLineSet {
		coord Coordinate {
			point [
				7.08721 19.4056 -19.5291,
			]
		}
		coordIndex [
			0, -1
		]
	}
}
#---------- POLYLINE
Shape {
	appearance Appearance {
		material Material {
			diffuseColor 0 0 1
			emissiveColor 0 0 1
		}
	}
	geometry IndexedLineSet {
		coord Coordinate {
			point [
				7.08721 19.4056 -19.5291,
				7.07839 19.4696 -19.6052,
				7.10303 19.5134 -19.6706,
				7.08905 19.5789 -19.6917,
				7.05363 19.6049 -19.7052,
				7.0277 19.615 -19.6774,
				7.02203 19.632 -19.6498,
				7.00873 19.6532 -19.6602,
				7.02805 19.6438 -19.6577,
				7.03601 19.6362 -19.6601,
				7.0369 19.6362 -19.6602,
			]
		}
		coordIndex [
			0, 1, 2, 3, 4, 5, 6, 7, 8, 9, 
			10, -1
		]
	}
}
#---------- POLYLINE
Shape {
	appearance Appearance {
		material Material {
			diffuseColor 0 1 0
			emissiveColor 0 1 0
		}
	}
	geometry IndexedLineSet {
		coord Coordinate {
			point [
				7.0369 19.6362 -19.6602,
				6.19482 20.5435 -18.1545,
				-14.0809 42.3898 18.1002,
				-7.49043 41.3082 25,
				446.217 -33.1487 500,
			]
		}
		coordIndex [
			0, 1, 2, 3, 4, -1
		]
	}
}
#---------- POLYLINE
Shape {
	appearance Appearance {
		material Material {
			diffuseColor 0 1 0
			emissiveColor 0 1 0
		}
	}
	geometry IndexedLineSet {
		coord Coordinate {
			point [
				7.0369 19.6362 -19.6602,
				7.22692 19.4315 -20,
				10.0232 16.4186 -25,
				275.671 -269.805 -500,
			]
		}
		coordIndex [
			0, 1, 2, 3, -1
		]
	}
}
#---------- POLYLINE
Shape {
	appearance Appearance {
		material Material {
			diffuseColor 0.5 0.5 0.5
			emissiveColor 0.5 0.5 0.5
		}
	}
	geometry IndexedLineSet {
		coord Coordinate {
			point [
				7.08721 19.4056 -19.5291,
				6.6613 21.022 -19.6612,
				-0.9721 49.9905 -22.0284,
				-119.552 500 -58.8012,
			]
		}
		coordIndex [
			0, 1, 2, 3, -1
		]
	}
}
#---------- POLYLINE
Shape {
	appearance Appearance {
		material Material {
			diffuseColor 0.5 0.5 0.5
			emissiveColor 0.5 0.5 0.5
		}
	}
	geometry IndexedLineSet {
		coord Coordinate {
			point [
				7.08721 19.4056 -19.5291,
				7.08721 19.4056 -19.5291,
			]
		}
		coordIndex [
			0, 1, -1
		]
	}
}
#---------- POLYLINE
Shape {
	appearance Appearance {
		material Material {
			diffuseColor 0.5 0.5 0.5
			emissiveColor 0.5 0.5 0.5
		}
	}
	geometry IndexedLineSet {
		coord Coordinate {
			point [
				10.2769 20.2789 -15.679,
			]
		}
		coordIndex [
			0, -1
		]
	}
}
#---------- POLYLINE
Shape {
	appearance Appearance {
		material Material {
			diffuseColor 0 0 1
			emissiveColor 0 0 1
		}
	}
	geometry IndexedLineSet {
		coord Coordinate {
			point [
				10.2769 20.2789 -15.679,
				10.2792 20.3002 -15.6846,
				10.2746 20.3035 -15.6865,
				10.2748 20.3038 -15.6866,
			]
		}
		coordIndex [
			0, 1, 2, 3, -1
		]
	}
}
#---------- POLYLINE
Shape {
	appearance Appearance {
		material Material {
			diffuseColor 0 1 0
			emissiveColor 0 1 0
		}
	}
	geometry IndexedLineSet {
		coord Coordinate {
			point [
				10.2748 20.3038 -15.6866,
				9.84106 12.3025 -15.096,
				8.49474 -12.532 -13.2629,
				7.98811 -21.8774 -12.573,
				6.48645 -49.5775 -10.5284,
				-17.9316 -500 22.7192,
			]
		}
		coordIndex [
			0, 1, 2, 3, 4, 5, -1
		]
	}
}
#---------- POLYLINE
Shape {
	appearance Appearance {
		material Material {
			diffuseColor 0 1 0
			emissiveColor 0 1 0
		}
	}
	geometry IndexedLineSet {
		coord Coordinate {
			point [
				10.2748 20.3038 -15.6866,
				10.3822 22.2854 -15.8329,
				11.808 48.5857 -17.7742,
				36.2798 500 -51.0951,
			]
		}
		coordIndex [
			0, 1, 2, 3, -1
		]
	}
}
#---------- POLYLINE
Shape {
	appearance Appearance {
		material Material {
			diffuseColor 0.5 0.5 0.5
			emissiveColor 0.5 0.5 0.5
		}
	}
	geometry IndexedLineSet {
		coord Coordinate {
			point [
				10.2769 20.2789 -15.679,
				12.4283 12.9293 -6.26949,
				15.5472 2.27433 7.3717,
				17.4764 -4.31644 15.8097,
				19.5777 -11.4949 25,
				128.181 -382.51 500,
			]
		}
		coordIndex [
			0, 1, 2, 3, 4, 5, -1
		]
	}
}
#---------- POLYLINE
Shape {
	appearance Appearance {
		material Material {
			diffuseColor 0.5 0.5 0.5
			emissiveColor 0.5 0.5 0.5
		}
	}
	geometry IndexedLineSet {
		coord Coordinate {
			point [
				10.2769 20.2789 -15.679,
				10.2769 20.2789 -15.679,
			]
		}
		coordIndex [
			0, 1, -1
		]
	}
}
#---------- POLYLINE
Shape {
	appearance Appearance {
		material Material {
			diffuseColor 0.5 0.5 0.5
			emissiveColor 0.5 0.5 0.5
		}
	}
	geometry IndexedLineSet {
		coord Coordinate {
			point [
				12.3242 13.947 -2.74633,
			]
		}
		coordIndex [
			0, -1
		]
	}
}
#---------- POLYLINE
Shape {
	appearance Appearance {
		material Material {
			diffuseColor 0 0 1
			emissiveColor 0 0 1
		}
	}
	geometry IndexedLineSet {
		coord Coordinate {
			point [
				12.3242 13.947 -2.74633,
				12.386 13.9168 -2.71844,
				12.4183 13.8758 -2.70308,
				12.4244 13.8533 -2.66368,
				12.4087 13.8616 -2.62935,
				12.4096 13.8432 -2.60144,
				12.4244 13.8606 -2.58711,
				12.4245 13.8812 -2.57927,
				12.4207 13.8804 -2.56913,
				12.4208 13.8805 -2.56852,
			]
		}
		coordIndex [
			0, 1, 2, 3, 4, 5, 6, 7, 8, 9, -1
		]
	}
}
#---------- POLYLINE
Shape {
	appearance Appearance {
		material Material {
			diffuseColor 0 1 0
			emissiveColor 0 1 0
		}
	}
	geometry IndexedLineSet {
		coord Coordinate {
			point [
				12.4208 13.8805 -2.56852,
				13.9787 14.2718 -2.05461,
				44.8828 22.0349 8.13945,
				500 136.36 158.265,
			]
		}
		coordIndex [
			0, 1, 2, 3, -1
		]
	}
}
#---------- POLYLINE
Shape {
	appearance Appearance {
		material Material {
			diffuseColor 0 1 0
			emissiveColor 0 1 0
		}
	}
	geometry IndexedLineSet {
		coord Coordinate {
			point [
				12.4208 13.8805 -2.56852,
				7.92463 12.7511 -4.05162,
				-25.9412 4.24401 -15.2226,
				-34.0889 4.35432 -25,
				-429.916 9.71341 -500,
			]
		}
		coordIndex [
			0, 1, 2, 3, 4, -1
		]
	}
}
#---------- POLYLINE
Shape {
	appearance Appearance {
		material Material {
			diffuseColor 0.5 0.5 0.5
			emissiveColor 0.5 0.5 0.5
		}
	}
	geometry IndexedLineSet {
		coord Coordinate {
			point [
				12.3242 13.947 -2.74633,
				10.9333 22.2121 8.84213,
				8.99392 33.7362 25,
				-48.0185 372.515 500,
			]
		}
		coordIndex [
			0, 1, 2, 3, -1
		]
	}
}
#---------- POLYLINE
Shape {
	appearance Appearance {
		material Material {
			diffuseColor 0.5 0.5 0.5
			emissiveColor 0.5 0.5 0.5
		}
	}
	geometry IndexedLineSet {
		coord Coordinate {
			point [
				12.3242 13.947 -2.74633,
				12.3242 13.947 -2.74634,
			]
		}
		coordIndex [
			0, 1, -1
		]
	}
}
#---------- POLYLINE
Shape {
	appearance Appearance {
		material Material {
			diffuseColor 0.5 0.5 0.5
			emissiveColor 0.5 0.5 0.5
		}
	}
	geometry IndexedLineSet {
		coord Coordinate {
			point [
				14.0185 17.3647 -3.40515,
			]
		}
		coordIndex [
			0, -1
		]
	}
}
#---------- POLYLINE
Shape {
	appearance Appearance {
		material Material {
			diffuseColor 0 0 1
			emissiveColor 0 0 1
		}
	}
	geometry IndexedLineSet {
		coord Coordinate {
			point [
				14.0185 17.3647 -3.40515,
				13.9967 17.3304 -3.37273,
				13.965 17.3064 -3.35339,
				13.9556 17.275 -3.37067,
				13.9354 17.2641 -3.38825,
				13.9142 17.2682 -3.3981,
				13.9007 17.2725 -3.3917,
				13.9015 17.2735 -3.39093,
				13.9016 17.2734 -3.39108,
			]
		}
		coordIndex [
			0, 1, 2, 3, 4, 5, 6, 7, 8, -1
		]
	}
}
#---------- POLYLINE
Shape {
	appearance Appearance {
		material Material {
			diffuseColor 0 1 0
			emissiveColor 0 1 0
		}
	}
	geometry IndexedLineSet {
		coord Coordinate {
			point [
				13.9016 17.2734 -3.39108,
				12.5664 21.5911 -0.589408,
				3.82688 49.8533 17.7492,
				-135.372 500 309.838,
			]
		}
		coordIndex [
			0, 1, 2, 3, -1
		]
	}
}
#---------- POLYLINE
Shape {
	appearance Appearance {
		material Material {
			diffuseColor 0 1 0
			emissiveColor 0 1 0
		}
	}
	geometry IndexedLineSet {
		coord Coordinate {
			point [
				13.9016 17.2734 -3.39108,
				14.5407 15.2066 -4.73217,
				17.8475 4.51293 -11.671,
				20.7707 -4.94025 -17.805,
				24.1995 -16.0287 -25,
				173.858 -500 -339.037,
			]
		}
		coordIndex [
			0, 1, 2, 3, 4, 5, -1
		]
	}
}
#---------- POLYLINE
Shape {
	appearance Appearance {
		material Material {
			diffuseColor 0.5 0.5 0.5
			emissiveColor 0.5 0.5 0.5
		}
	}
	geometry IndexedLineSet {
		coord Coordinate {
			point [
				14.0185 17.3647 -3.40515,
				13.8072 14.0588 -8.73702,
				13.1624 3.97515 -25,
				-5.6677 -290.541 -500,
			]
		}
		coordIndex [
			0, 1, 2, 3, -1
		]
	}
}
#---------- POLYLINE
Shape {
	appearance Appearance {
		material Material {
			diffuseColor 0.5 0.5 0.5
			emissiveColor 0.5 0.5 0.5
		}
	}
	geometry IndexedLineSet {
		coord Coordinate {
			point [
				14.0185 17.3647 -3.40515,
				14.0185 17.3647 -3.40515,
			]
		}
		coordIndex [
			0, 1, -1
		]
	}
}
#---------- POLYLINE
Shape {
	appearance Appearance {
		material Material {
			diffuseColor 0.5 0.5 0.5
			emissiveColor 0.5 0.5 0.5
		}
	}
	geometry IndexedLineSet {
		coord Coordinate {
			point [
				6.55891 17.9772 1.57921,
			]
		}
		coordIndex [
			0, -1
		]
	}
}
#---------- POLYLINE
Shape {
	appearance Appearance {
		material Material {
			diffuseColor 0 0 1
			emissiveColor 0 0 1
		}
	}
	geometry IndexedLineSet {
		coord Coordinate {
			point [
				6.55891 17.9772 1.57921,
				6.55794 18.0346 1.54567,
				6.58105 18.0559 1.50025,
				6.59987 18.0827 1.46799,
				6.6147 18.0993 1.43721,
				6.63527 18.1213 1.44083,
				6.64441 18.1403 1.42766,
				6.64233 18.1458 1.40784,
				6.64081 18.1482 1.40423,
				6.64054 18.1486 1.40423,
			]
		}
		coordIndex [
			0, 1, 2, 3, 4, 5, 6, 7, 8, 9, -1
		]
	}
}
#---------- POLYLINE
Shape {
	appearance Appearance {
		material Material {
			diffuseColor 0 1 0
			emissiveColor 0 1 0
		}
	}
	geometry IndexedLineSet {
		coord Coordinate {
			point [
				6.64054 18.1486 1.40423,
				12.6712 13.0733 -1.37884,
				13.5432 12.3394 -1.78128,
				15.1978 12.4847 -6.0151,
				31.4012 15.0975 -18.979,
				27.6817 38.5925 -2.41688,
				30.4973 39.6221 -4.23699,
				500 211.307 -307.736,
			]
		}
		coordIndex [
			0, 1, 2, 3, 4, 5, 6, 7, -1
		]
	}
}
#---------- POLYLINE
Shape {
	appearance Appearance {
		material Material {
			diffuseColor 0 1 0
			emissiveColor 0 1 0
		}
	}
	geometry IndexedLineSet {
		coord Coordinate {
			point [
				6.64054 18.1486 1.40423,
				5.37923 19.2101 1.98631,
				-4.46192 27.4923 6.5279,
				-22.6403 37.0758 25,
				-490.088 283.51 500,
			]
		}
		coordIndex [
			0, 1, 2, 3, 4, -1
		]
	}
}
#---------- POLYLINE
Shape {
	appearance Appearance {
		material Material {
			diffuseColor 0.5 0.5 0.5
			emissiveColor 0.5 0.5 0.5
		}
	}
	geometry IndexedLineSet {
		coord Coordinate {
			point [
				6.55891 17.9772 1.57921,
				5.00022 17.3468 3.05457,
				-18.1848 7.97023 25,
				-500 -186.888 481.055,
			]
		}
		coordIndex [
			0, 1, 2, 3, -1
		]
	}
}
#---------- POLYLINE
Shape {
	appearance Appearance {
		material Material {
			diffuseColor 0.5 0.5 0.5
			emissiveColor 0.5 0.5 0.5
		}
	}
	geometry IndexedLineSet {
		coord Coordinate {
			point [
				6.55891 17.9772 1.57921,
				6.55892 17.9772 1.57921,
			]
		}
		coordIndex [
			0, 1, -1
		]
	}
}
#---------- POLYLINE
Shape {
	appearance Appearance {
		material Material {
			diffuseColor 0.5 0.5 0.5
			emissiveColor 0.5 0.5 0.5
		}
	}
	geometry IndexedLineSet {
		coord Coordinate {
			point [
				8.97731 20.3227 -1.04747,
			]
		}
		coordIndex [
			0, -1
		]
	}
}
#---------- POLYLINE
Shape {
	appearance Appearance {
		material Material {
			diffuseColor 0 0 1
			emissiveColor 0 0 1
		}
	}
	geometry IndexedLineSet {
		coord Coordinate {
			point [
				8.97731 20.3227 -1.04747,
				9.0694 20.1769 -1.2727,
				9.1665 20.067 -1.46018,
				9.13305 19.8915 -1.5441,
				9.02622 19.779 -1.58529,
				8.96383 19.7005 -1.49472,
				8.8899 19.6291 -1.44314,
				8.86574 19.5389 -1.424,
				8.83534 19.5776 -1.35962,
				8.83746 19.6132 -1.3,
				8.83199 19.6169 -1.24439,
				8.82976 19.6314 -1.19996,
				8.81871 19.611 -1.16671,
				8.79243 19.5999 -1.14991,
				8.76904 19.6013 -1.14018,
				8.78428 19.6135 -1.1357,
				8.7843 19.6168 -1.13552,
				8.78438 19.6167 -1.13542,
			]
		}
		coordIndex [
			0, 1, 2, 3, 4, 5, 6, 7, 8, 9, 
			10, 11, 12, 13, 14, 15, 16, 17, -1
		]
	}
}
#---------- POLYLINE
Shape {
	appearance Appearance {
		material Material {
			diffuseColor 0 1 0
			emissiveColor 0 1 0
		}
	}
	geometry IndexedLineSet {
		coord Coordinate {
			point [
				8.78438 19.6167 -1.13542,
				6.08127 20.4054 -2.38428,
				-37.4652 33.1113 -22.5031,
				-500 168.068 -236.198,
			]
		}
		coordIndex [
			0, 1, 2, 3, -1
		]
	}
}
#---------- POLYLINE
Shape {
	appearance Appearance {
		material Material {
			diffuseColor 0 1 0
			emissiveColor 0 1 0
		}
	}
	geometry IndexedLineSet {
		coord Coordinate {
			point [
				8.78438 19.6167 -1.13542,
				14.9738 17.8108 1.72416,
				49.3929 7.76807 17.6261,
				500 -123.709 225.81,
			]
		}
		coordIndex [
			0, 1, 2, 3, -1
		]
	}
}
#---------- POLYLINE
Shape {
	appearance Appearance {
		material Material {
			diffuseColor 0.5 0.5 0.5
			emissiveColor 0.5 0.5 0.5
		}
	}
	geometry IndexedLineSet {
		coord Coordinate {
			point [
				8.97731 20.3227 -1.04747,
				6.34054 20.7071 -1.43473,
				-41.6257 27.7001 -8.47945,
				-500 94.5268 -75.8,
			]
		}
		coordIndex [
			0, 1, 2, 3, -1
		]
	}
}
#---------- POLYLINE
Shape {
	appearance Appearance {
		material Material {
			diffuseColor 0.5 0.5 0.5
			emissiveColor 0.5 0.5 0.5
		}
	}
	geometry IndexedLineSet {
		coord Coordinate {
			point [
				8.97731 20.3227 -1.04747,
				8.97731 20.3227 -1.04746,
			]
		}
		coordIndex [
			0, 1, -1
		]
	}
}
#---------- POLYLINE
Shape {
	appearance Appearance {
		material Material {
			diffuseColor 0.5 0.5 0.5
			emissiveColor 0.5 0.5 0.5
		}
	}
	geometry IndexedLineSet {
		coord Coordinate {
			point [
				11.1094 21.0562 -19.2268,
			]
		}
		coordIndex [
			0, -1
		]
	}
}
#---------- POLYLINE
Shape {
	appearance Appearance {
		material Material {
			diffuseColor 0 0 1
			emissiveColor 0 0 1
		}
	}
	geometry IndexedLineSet {
		coord Coordinate {
			point [
				11.1094 21.0562 -19.2268,
				11.1909 21.0121 -19.1686,
				11.2697 20.9871 -19.1065,
				11.3388 20.9558 -19.0469,
				11.406 20.9181 -18.9969,
				11.4598 20.8989 -18.9339,
				11.5957 20.8475 -18.7743,
				11.7251 20.8355 -18.6413,
				11.7681 20.8991 -18.5157,
				11.8244 20.9799 -18.4414,
				11.8168 20.9709 -18.3573,
				11.7989 21.0034 -18.2958,
				11.7504 20.9916 -18.2712,
				11.7072 20.9992 -18.26,
				11.6715 21.0104 -18.2611,
				11.6519 21.0351 -18.2673,
				11.6541 21.0606 -18.2726,
				11.6541 21.0606 -18.2726,
			]
		}
		coordIndex [
			0, 1, 2, 3, 4, 5, 6, 7, 8, 9, 
			10, 11, 12, 13, 14, 15, 16, 17, -1
		]
	}
}
#---------- POLYLINE
Shape {
	appearance Appearance {
		material Material {
			diffuseColor 0 1 0
			emissiveColor 0 1 0
		}
	}
	geometry IndexedLineSet {
		coord Coordinate {
			point [
				11.6541 21.0606 -18.2726,
				7.60518 21.6892 -16.1283,
				-40.6068 29.1734 9.4054,
				-500 100.487 252.706,
			]
		}
		coordIndex [
			0, 1, 2, 3, -1
		]
	}
}
#---------- POLYLINE
Shape {
	appearance Appearance {
		material Material {
			diffuseColor 0 1 0
			emissiveColor 0 1 0
		}
	}
	geometry IndexedLineSet {
		coord Coordinate {
			point [
				11.6541 21.0606 -18.2726,
				13.6128 20.7566 -19.31,
				24.3565 19.0888 -25,
				500 -54.7479 -276.907,
			]
		}
		coordIndex [
			0, 1, 2, 3, -1
		]
	}
}
#---------- POLYLINE
Shape {
	appearance Appearance {
		material Material {
			diffuseColor 0.5 0.5 0.5
			emissiveColor 0.5 0.5 0.5
		}
	}
	geometry IndexedLineSet {
		coord Coordinate {
			point [
				11.1094 21.0562 -19.2268,
				8.0406 21.9001 -16.4046,
				-36.5183 34.1528 24.5734,
				-500 161.6 450.809,
			]
		}
		coordIndex [
			0, 1, 2, 3, -1
		]
	}
}
#---------- POLYLINE
Shape {
	appearance Appearance {
		material Material {
			diffuseColor 0.5 0.5 0.5
			emissiveColor 0.5 0.5 0.5
		}
	}
	geometry IndexedLineSet {
		coord Coordinate {
			point [
				11.1094 21.0562 -19.2268,
				11.1094 21.0562 -19.2268,
			]
		}
		coordIndex [
			0, 1, -1
		]
	}
}
#---------- POLYLINE
Shape {
	appearance Appearance {
		material Material {
			diffuseColor 0.5 0.5 0.5
			emissiveColor 0.5 0.5 0.5
		}
	}
	geometry IndexedLineSet {
		coord Coordinate {
			point [
				8.69958 13.4656 13.9286,
			]
		}
		coordIndex [
			0, -1
		]
	}
}
#---------- POLYLINE
Shape {
	appearance Appearance {
		material Material {
			diffuseColor 0 0 1
			emissiveColor 0 0 1
		}
	}
	geometry IndexedLineSet {
		coord Coordinate {
			point [
				8.69958 13.4656 13.9286,
				8.61678 13.412 13.916,
				8.53318 13.3684 13.9045,
				8.44617 13.348 13.902,
				8.37332 13.3166 13.9162,
				8.29878 13.3028 13.9256,
				8.23033 13.2915 13.9262,
				8.16565 13.2906 13.9202,
				8.10685 13.275 13.9109,
				8.05884 13.2472 13.8943,
				8.01743 13.2207 13.8699,
				7.96983 13.2031 13.8607,
				7.92429 13.1857 13.8636,
				7.88984 13.1593 13.8638,
				7.85865 13.1324 13.8545,
				7.82494 13.1153 13.8415,
				7.79739 13.094 13.8259,
				7.77492 13.0811 13.8016,
				7.7636 13.0833 13.7712,
				7.76473 13.0961 13.7474,
				7.7675 13.1108 13.7266,
				7.77387 13.1262 13.7096,
				7.7784 13.1457 13.6981,
				7.80003 13.2041 13.6748,
				7.82522 13.25 13.6553,
				7.85088 13.2634 13.6907,
				7.86063 13.2449 13.7237,
				7.87579 13.2432 13.7509,
				7.88784 13.259 13.7686,
				7.89308 13.2747 13.756,
				7.89185 13.2758 13.7476,
				7.89196 13.2754 13.7475,
			]
		}
		coordIndex [
			0, 1, 2, 3, 4, 5, 6, 7, 8, 9, 
			10, 11, 12, 13, 14, 15, 16, 17, 18, 19, 
			20, 21, 22, 23, 24, 25, 26, 27, 28, 29, 
			30, 31, -1
		]
	}
}
#---------- POLYLINE
Shape {
	appearance Appearance {
		material Material {
			diffuseColor 0 1 0
			emissiveColor 0 1 0
		}
	}
	geometry IndexedLineSet {
		coord Coordinate {
			point [
				7.89196 13.2754 13.7475,
				10.8784 12.3778 18.891,
				14.4255 11.3116 25,
				290.226 -71.5874 500,
			]
		}
		coordIndex [
			0, 1, 2, 3, -1
		]
	}
}
#---------- POLYLINE
Shape {
	appearance Appearance {
		material Material {
			diffuseColor 0 1 0
			emissiveColor 0 1 0
		}
	}
	geometry IndexedLineSet {
		coord Coordinate {
			point [
				7.89196 13.2754 13.7475,
				6.55331 13.6778 11.4421,
				4.36582 14.3353 7.67464,
				6.08878 13.0914 13.2149,
				5.60769 11.2817 18.4498,
				7.45171 12.9981 17.8655,
				9.72085 15.1102 17.1466,
				14.6052 19.2474 13.1617,
				19.5393 23.4269 9.13612,
				43.2142 21.184 5.24296,
				44.722 22.3594 5.37567,
				500 377.272 45.4466,
			]
		}
		coordIndex [
			0, 1, 2, 3, 4, 5, 6, 7, 8, 9, 
			10, 11, -1
		]
	}
}
#---------- POLYLINE
Shape {
	appearance Appearance {
		material Material {
			diffuseColor 0.5 0.5 0.5
			emissiveColor 0.5 0.5 0.5
		}
	}
	geometry IndexedLineSet {
		coord Coordinate {
			point [
				8.69958 13.4656 13.9286,
				8.19734 12.6363 14.1215,
				2.9774 4.01685 16.126,
				-2.18021 -4.49963 18.1066,
				-20.1313 -34.1414 25,
				-302.257 -500 133.339,
			]
		}
		coordIndex [
			0, 1, 2, 3, 4, 5, -1
		]
	}
}
#---------- POLYLINE
Shape {
	appearance Appearance {
		material Material {
			diffuseColor 0.5 0.5 0.5
			emissiveColor 0.5 0.5 0.5
		}
	}
	geometry IndexedLineSet {
		coord Coordinate {
			point [
				8.69958 13.4656 13.9286,
				8.6996 13.4656 13.9286,
			]
		}
		coordIndex [
			0, 1, -1
		]
	}
}
#---------- POLYLINE
Shape {
	appearance Appearance {
		material Material {
			diffuseColor 0.5 0.5 0.5
			emissiveColor 0.5 0.5 0.5
		}
	}
	geometry IndexedLineSet {
		coord Coordinate {
			point [
				6.78754 20.0927 -7.34633,
			]
		}
		coordIndex [
			0, -1
		]
	}
}
#---------- POLYLINE
Shape {
	appearance Appearance {
		material Material {
			diffuseColor 0 0 1
			emissiveColor 0 0 1
		}
	}
	geometry IndexedLineSet {
		coord Coordinate {
			point [
				6.78754 20.0927 -7.34633,
				6.86531 20.1344 -7.33891,
				6.93737 20.1745 -7.32922,
				6.99475 20.2185 -7.32231,
				7.04661 20.2604 -7.31999,
				7.16266 20.3791 -7.27299,
				7.22341 20.4853 -7.20804,
				7.31693 20.4367 -7.20141,
				7.33176 20.3491 -7.20086,
				7.38326 20.2916 -7.20053,
				7.42488 20.2406 -7.21227,
				7.4294 20.2284 -7.15879,
				7.41004 20.2122 -7.12097,
				7.38976 20.2089 -7.09255,
				7.37687 20.1884 -7.10297,
				7.36299 20.19 -7.11933,
				7.35586 20.1961 -7.12196,
				7.35598 20.196 -7.12215,
			]
		}
		coordIndex [
			0, 1, 2, 3, 4, 5, 6, 7, 8, 9, 
			10, 11, 12, 13, 14, 15, 16, 17, -1
		]
	}
}
#---------- POLYLINE
Shape {
	appearance Appearance {
		material Material {
			diffuseColor 0 1 0
			emissiveColor 0 1 0
		}
	}
	geometry IndexedLineSet {
		coord Coordinate {
			point [
				7.35598 20.196 -7.12215,
				5.04042 16.6655 -8.82954,
				-3.6454 3.42214 -15.2341,
				-4.59126 1.97999 -15.9315,
				-16.8899 -16.7718 -25,
				-333.822 -500 -258.692,
			]
		}
		coordIndex [
			0, 1, 2, 3, 4, 5, -1
		]
	}
}
#---------- POLYLINE
Shape {
	appearance Appearance {
		material Material {
			diffuseColor 0 1 0
			emissiveColor 0 1 0
		}
	}
	geometry IndexedLineSet {
		coord Coordinate {
			point [
				7.35598 20.196 -7.12215,
				8.60584 22.1017 -6.20056,
				23.1698 44.3075 4.53832,
				322.042 500 224.914,
			]
		}
		coordIndex [
			0, 1, 2, 3, -1
		]
	}
}
#---------- POLYLINE
Shape {
	appearance Appearance {
		material Material {
			diffuseColor 0.5 0.5 0.5
			emissiveColor 0.5 0.5 0.5
		}
	}
	geometry IndexedLineSet {
		coord Coordinate {
			point [
				6.78754 20.0927 -7.34633,
				6.84812 18.6593 -20,
				6.87206 18.0929 -25,
				9.14605 -35.7131 -500,
			]
		}
		coordIndex [
			0, 1, 2, 3, -1
		]
	}
}
#---------- POLYLINE
Shape {
	appearance Appearance {
		material Material {
			diffuseColor 0.5 0.5 0.5
			emissiveColor 0.5 0.5 0.5
		}
	}
	geometry IndexedLineSet {
		coord Coordinate {
			point [
				6.78754 20.0927 -7.34633,
				6.78753 20.0927 -7.34633,
			]
		}
		coordIndex [
			0, 1, -1
		]
	}
}
#---------- POLYLINE
Shape {
	appearance Appearance {
		material Material {
			diffuseColor 0.5 0.5 0.5
			emissiveColor 0.5 0.5 0.5
		}
	}
	geometry IndexedLineSet {
		coord Coordinate {
			point [
				8.97562 16.9558 -12.1077,
			]
		}
		coordIndex [
			0, -1
		]
	}
}
#---------- POLYLINE
Shape {
	appearance Appearance {
		material Material {
			diffuseColor 0 0 1
			emissiveColor 0 0 1
		}
	}
	geometry IndexedLineSet {
		coord Coordinate {
			point [
				8.97562 16.9558 -12.1077,
				8.84408 16.8597 -12.2332,
				8.75145 16.8022 -12.2776,
				8.72276 16.7543 -12.2147,
				8.71469 16.7307 -12.1453,
				8.77043 16.7137 -12.1445,
				8.79572 16.7327 -12.1102,
				8.81873 16.7455 -12.0801,
				8.81474 16.7755 -12.0844,
				8.83209 16.7827 -12.0986,
				8.83503 16.7878 -12.1126,
				8.83479 16.7885 -12.113,
			]
		}
		coordIndex [
			0, 1, 2, 3, 4, 5, 6, 7, 8, 9, 
			10, 11, -1
		]
	}
}
#---------- POLYLINE
Shape {
	appearance Appearance {
		material Material {
			diffuseColor 0 1 0
			emissiveColor 0 1 0
		}
	}
	geometry IndexedLineSet {
		coord Coordinate {
			point [
				8.83479 16.7885 -12.113,
				10.3187 12.3102 -9.69514,
				16.4731 -6.26274 0.332283,
				49.1993 -8.91217 -9.22646,
				500 -45.4077 -140.897,
			]
		}
		coordIndex [
			0, 1, 2, 3, 4, -1
		]
	}
}
#---------- POLYLINE
Shape {
	appearance Appearance {
		material Material {
			diffuseColor 0 1 0
			emissiveColor 0 1 0
		}
	}
	geometry IndexedLineSet {
		coord Coordinate {
			point [
				8.83479 16.7885 -12.113,
				7.27596 21.4928 -14.6528,
				0.925332 40.658 -25,
				-151.283 500 -272.996,
			]
		}
		coordIndex [
			0, 1, 2, 3, -1
		]
	}
}
#---------- POLYLINE
Shape {
	appearance Appearance {
		material Material {
			diffuseColor 0.5 0.5 0.5
			emissiveColor 0.5 0.5 0.5
		}
	}
	geometry IndexedLineSet {
		coord Coordinate {
			point [
				8.97562 16.9558 -12.1077,
				5.20112 15.8962 -18.5229,
				1.3902 14.8263 -25,
				-278.085 -63.6318 -500,
			]
		}
		coordIndex [
			0, 1, 2, 3, -1
		]
	}
}
#---------- POLYLINE
Shape {
	appearance Appearance {
		material Material {
			diffuseColor 0.5 0.5 0.5
			emissiveColor 0.5 0.5 0.5
		}
	}
	geometry IndexedLineSet {
		coord Coordinate {
			point [
				8.97562 16.9558 -12.1077,
				8.97563 16.9558 -12.1077,
			]
		}
		coordIndex [
			0, 1, -1
		]
	}
}
#---------- POLYLINE
Shape {
	appearance Appearance {
		material Material {
			diffuseColor 0.5 0.5 0.5
			emissiveColor 0.5 0.5 0.5
		}
	}
	geometry IndexedLineSet {
		coord Coordinate {
			point [
				12.4665 17.2147 -5.42536,
			]
		}
		coordIndex [
			0, -1
		]
	}
}
#---------- POLYLINE
Shape {
	appearance Appearance {
		material Material {
			diffuseColor 0 0 1
			emissiveColor 0 0 1
		}
	}
	geometry IndexedLineSet {
		coord Coordinate {
			point [
				12.4665 17.2147 -5.42536,
				12.4548 17.1993 -5.40747,
				12.4625 17.1858 -5.39239,
				12.469 17.1853 -5.38644,
				12.469 17.1853 -5.38654,
			]
		}
		coordIndex [
			0, 1, 2, 3, 4, -1
		]
	}
}
#---------- POLYLINE
Shape {
	appearance Appearance {
		material Material {
			diffuseColor 0 1 0
			emissiveColor 0 1 0
		}
	}
	geometry IndexedLineSet {
		coord Coordinate {
			point [
				12.469 17.1853 -5.38654,
				5.09504 18.2703 -3.09401,
				-5.70463 19.8593 0.263552,
				-13.3762 20.988 2.6486,
				-38.7549 24.7221 10.5387,
				-41.1094 28.4608 12.1642,
				-338.066 500 217.179,
			]
		}
		coordIndex [
			0, 1, 2, 3, 4, 5, 6, -1
		]
	}
}
#---------- POLYLINE
Shape {
	appearance Appearance {
		material Material {
			diffuseColor 0 1 0
			emissiveColor 0 1 0
		}
	}
	geometry IndexedLineSet {
		coord Coordinate {
			point [
				12.469 17.1853 -5.38654,
				14.9766 16.8163 -6.16612,
				48.5697 11.8736 -16.6101,
				500 -54.5472 -156.957,
			]
		}
		coordIndex [
			0, 1, 2, 3, -1
		]
	}
}
#---------- POLYLINE
Shape {
	appearance Appearance {
		material Material {
			diffuseColor 0.5 0.5 0.5
			emissiveColor 0.5 0.5 0.5
		}
	}
	geometry IndexedLineSet {
		coord Coordinate {
			point [
				12.4665 17.2147 -5.42536,
				14.5619 15.2533 0.822986,
				22.6698 7.66392 25,
				181.964 -141.443 500,
			]
		}
		coordIndex [
			0, 1, 2, 3, -1
		]
	}
}
#---------- POLYLINE
Shape {
	appearance Appearance {
		material Material {
			diffuseColor 0.5 0.5 0.5
			emissiveColor 0.5 0.5 0.5
		}
	}
	geometry IndexedLineSet {
		coord Coordinate {
			point [
				12.4665 17.2147 -5.42536,
				12.4665 17.2148 -5.42537,
			]
		}
		coordIndex [
			0, 1, -1
		]
	}
}
#---------- POLYLINE
Shape {
	appearance Appearance {
		material Material {
			diffuseColor 0.5 0.5 0.5
			emissiveColor 0.5 0.5 0.5
		}
	}
	geometry IndexedLineSet {
		coord Coordinate {
			point [
				10.4576 15.803 -13.5259,
			]
		}
		coordIndex [
			0, -1
		]
	}
}
#---------- POLYLINE
Shape {
	appearance Appearance {
		material Material {
			diffuseColor 0 0 1
			emissiveColor 0 0 1
		}
	}
	geometry IndexedLineSet {
		coord Coordinate {
			point [
				10.4576 15.803 -13.5259,
				10.4738 15.8076 -13.4999,
				10.47 15.7897 -13.4813,
				10.4609 15.7757 -13.4678,
				10.4543 15.7803 -13.4671,
				10.4544 15.7798 -13.4671,
			]
		}
		coordIndex [
			0, 1, 2, 3, 4, 5, -1
		]
	}
}
#---------- POLYLINE
Shape {
	appearance Appearance {
		material Material {
			diffuseColor 0 1 0
			emissiveColor 0 1 0
		}
	}
	geometry IndexedLineSet {
		coord Coordinate {
			point [
				10.4544 15.7798 -13.4671,
				9.696 16.6824 -8.82987,
				15 17.3121 -7.3897,
				45.412 20.9225 0.86796,
				500 74.8899 124.301,
			]
		}
		coordIndex [
			0, 1, 2, 3, 4, -1
		]
	}
}
#---------- POLYLINE
Shape {
	appearance Appearance {
		material Material {
			diffuseColor 0 1 0
			emissiveColor 0 1 0
		}
	}
	geometry IndexedLineSet {
		coord Coordinate {
			point [
				10.4544 15.7798 -13.4671,
				11.5229 14.5082 -20,
				12.3407 13.5349 -25,
				90.0287 -78.9236 -500,
			]
		}
		coordIndex [
			0, 1, 2, 3, -1
		]
	}
}
#---------- POLYLINE
Shape {
	appearance Appearance {
		material Material {
			diffuseColor 0.5 0.5 0.5
			emissiveColor 0.5 0.5 0.5
		}
	}
	geometry IndexedLineSet {
		coord Coordinate {
			point [
				10.4576 15.803 -13.5259,
				13.1434 21.1883 -15.3243,
				24.3548 43.6674 -22.8312,
				251.949 500 -175.224,
			]
		}
		coordIndex [
			0, 1, 2, 3, -1
		]
	}
}
#---------- POLYLINE
Shape {
	appearance Appearance {
		material Material {
			diffuseColor 0.5 0.5 0.5
			emissiveColor 0.5 0.5 0.5
		}
	}
	geometry IndexedLineSet {
		coord Coordinate {
			point [
				10.4576 15.803 -13.5259,
				10.4575 15.803 -13.5259,
			]
		}
		coordIndex [
			0, 1, -1
		]
	}
}
#---------- POLYLINE
Shape {
	appearance Appearance {
		material Material {
			diffuseColor 0.5 0.5 0.5
			emissiveColor 0.5 0.5 0.5
		}
	}
	geometry IndexedLineSet {
		coord Coordinate {
			point [
				7.2157 15.8935 10.9127,
			]
		}
		coordIndex [
			0, -1
		]
	}
}
#---------- POLYLINE
Shape {
	appearance Appearance {
		material Material {
			diffuseColor 0 0 1
			emissiveColor 0 0 1
		}
	}
	geometry IndexedLineSet {
		coord Coordinate {
			point [
				7.2157 15.8935 10.9127,
				7.13788 15.9748 10.9527,
				7.07116 16.0339 11.0006,
				7.06833 16.1 10.9587,
				7.07757 16.1549 10.9305,
				7.1157 16.1949 10.9313,
				7.1463 16.206 10.8993,
				7.17773 16.1944 10.877,
				7.18464 16.2286 10.8818,
				7.19636 16.2527 10.8724,
				7.20594 16.2743 10.8704,
				7.20701 16.2911 10.8599,
				7.20474 16.2942 10.8616,
				7.20452 16.2945 10.8617,
			]
		}
		coordIndex [
			0, 1, 2, 3, 4, 5, 6, 7, 8, 9, 
			10, 11, 12, 13, -1
		]
	}
}
#---------- POLYLINE
Shape {
	appearance Appearance {
		material Material {
			diffuseColor 0 1 0
			emissiveColor 0 1 0
		}
	}
	geometry IndexedLineSet {
		coord Coordinate {
			point [
				7.20452 16.2945 10.8617,
				14.8206 18.6275 5.20397,
				42.0946 26.9823 -15.057,
				500 167.252 -355.219,
			]
		}
		coordIndex [
			0, 1, 2, 3, -1
		]
	}
}
#---------- POLYLINE
Shape {
	appearance Appearance {
		material Material {
			diffuseColor 0 1 0
			emissiveColor 0 1 0
		}
	}
	geometry IndexedLineSet {
		coord Coordinate {
			point [
				7.20452 16.2945 10.8617,
				5.263 15.6997 12.3039,
				-11.4124 10.5916 24.6915,
				-11.5882 10.5346 25,
				-282.392 -77.2586 500,
			]
		}
		coordIndex [
			0, 1, 2, 3, 4, -1
		]
	}
}
#---------- POLYLINE
Shape {
	appearance Appearance {
		material Material {
			diffuseColor 0.5 0.5 0.5
			emissiveColor 0.5 0.5 0.5
		}
	}
	geometry IndexedLineSet {
		coord Coordinate {
			point [
				7.2157 15.8935 10.9127,
				5.97524 14.3333 10.7796,
				-1.67537 4.71096 9.95847,
				-4.96734 0.570572 9.60516,
				-34.3265 -36.3551 6.45425,
				-402.965 -500 -33.1092,
			]
		}
		coordIndex [
			0, 1, 2, 3, 4, 5, -1
		]
	}
}
#---------- POLYLINE
Shape {
	appearance Appearance {
		material Material {
			diffuseColor 0.5 0.5 0.5
			emissiveColor 0.5 0.5 0.5
		}
	}
	geometry IndexedLineSet {
		coord Coordinate {
			point [
				7.2157 15.8935 10.9127,
				7.21571 15.8935 10.9127,
			]
		}
		coordIndex [
			0, 1, -1
		]
	}
}
#---------- POLYLINE
Shape {
	appearance Appearance {
		material Material {
			diffuseColor 0.5 0.5 0.5
			emissiveColor 0.5 0.5 0.5
		}
	}
	geometry IndexedLineSet {
		coord Coordinate {
			point [
				9.89371 17.2354 4.58017,
			]
		}
		coordIndex [
			0, -1
		]
	}
}
#---------- POLYLINE
Shape {
	appearance Appearance {
		material Material {
			diffuseColor 0 0 1
			emissiveColor 0 0 1
		}
	}
	geometry IndexedLineSet {
		coord Coordinate {
			point [
				9.89371 17.2354 4.58017,
				9.91069 17.274 4.56713,
				9.94251 17.2952 4.57367,
				9.9619 17.3131 4.58994,
				9.98503 17.3227 4.58754,
				9.99071 17.3244 4.5916,
				9.99058 17.3244 4.5915,
			]
		}
		coordIndex [
			0, 1, 2, 3, 4, 5, 6, -1
		]
	}
}
#---------- POLYLINE
Shape {
	appearance Appearance {
		material Material {
			diffuseColor 0 1 0
			emissiveColor 0 1 0
		}
	}
	geometry IndexedLineSet {
		coord Coordinate {
			point [
				9.99058 17.3244 4.5915,
				6.5812 20.9485 6.67714,
				-17.3568 46.3943 21.3208,
				-6.18548 20.5326 19.1792,
				-5.03161 17.8613 18.958,
				0.536442 4.97114 17.8906,
				3.98707 -3.01716 17.2291,
				8.15015 -12.6548 16.431,
				12.114 -21.8311 15.6712,
				22.065 -44.868 13.7635,
				218.664 -500 -23.9253,
			]
		}
		coordIndex [
			0, 1, 2, 3, 4, 5, 6, 7, 8, 9, 
			10, -1
		]
	}
}
#---------- POLYLINE
Shape {
	appearance Appearance {
		material Material {
			diffuseColor 0 1 0
			emissiveColor 0 1 0
		}
	}
	geometry IndexedLineSet {
		coord Coordinate {
			point [
				9.99058 17.3244 4.5915,
				13.4332 13.665 2.48556,
				21.9619 4.59903 -2.73175,
				24.7102 1.67763 -4.41297,
				45.5944 -20.5221 -17.1886,
				496.66 -500 -293.121,
			]
		}
		coordIndex [
			0, 1, 2, 3, 4, 5, -1
		]
	}
}
#---------- POLYLINE
Shape {
	appearance Appearance {
		material Material {
			diffuseColor 0.5 0.5 0.5
			emissiveColor 0.5 0.5 0.5
		}
	}
	geometry IndexedLineSet {
		coord Coordinate {
			point [
				9.89371 17.2354 4.58017,
				14.674 15.5241 3.54492,
				49.9154 2.90786 -4.08717,
				500 -158.22 -101.56,
			]
		}
		coordIndex [
			0, 1, 2, 3, -1
		]
	}
}
#---------- POLYLINE
Shape {
	appearance Appearance {
		material Material {
			diffuseColor 0.5 0.5 0.5
			emissiveColor 0.5 0.5 0.5
		}
	}
	geometry IndexedLineSet {
		coord Coordinate {
			point [
				9.89371 17.2354 4.58017,
				9.8937 17.2354 4.58017,
			]
		}
		coordIndex [
			0, 1, -1
		]
	}
}
#---------- POLYLINE
Shape {
	appearance Appearance {
		material Material {
			diffuseColor 0.5 0.5 0.5
			emissiveColor 0.5 0.5 0.5
		}
	}
	geometry IndexedLineSet {
		coord Coordinate {
			point [
				6.55803 18.9838 14.3887,
			]
		}
		coordIndex [
			0, -1
		]
	}
}
#---------- POLYLINE
Shape {
	appearance Appearance {
		material Material {
			diffuseColor 0 0 1
			emissiveColor 0 0 1
		}
	}
	geometry IndexedLineSet {
		coord Coordinate {
			point [
				6.55803 18.9838 14.3887,
				6.55312 19.0186 14.3973,
				6.53412 19.04 14.399,
				6.5254 19.0509 14.4179,
				6.51605 19.0594 14.4221,
				6.51711 19.061 14.4239,
				6.5171 19.061 14.4237,
			]
		}
		coordIndex [
			0, 1, 2, 3, 4, 5, 6, -1
		]
	}
}
#---------- POLYLINE
Shape {
	appearance Appearance {
		material Material {
			diffuseColor 0 1 0
			emissiveColor 0 1 0
		}
	}
	geometry IndexedLineSet {
		coord Coordinate {
			point [
				6.5171 19.061 14.4237,
				7.82839 21.8038 19.3798,
				9.31544 24.9142 25,
				134.994 287.796 500,
			]
		}
		coordIndex [
			0, 1, 2, 3, -1
		]
	}
}
#---------- POLYLINE
Shape {
	appearance Appearance {
		material Material {
			diffuseColor 0 1 0
			emissiveColor 0 1 0
		}
	}
	geometry IndexedLineSet {
		coord Coordinate {
			point [
				6.5171 19.061 14.4237,
				5.1312 16.1621 9.1858,
				-0.207244 4.9957 -10.9907,
				-2.59098 0.00965925 -20,
				-3.91392 -2.75752 -25,
				-129.593 -265.639 -500,
			]
		}
		coordIndex [
			0, 1, 2, 3, 4, 5, -1
		]
	}
}
#---------- POLYLINE
Shape {
	appearance Appearance {
		material Material {
			diffuseColor 0.5 0.5 0.5
			emissiveColor 0.5 0.5 0.5
		}
	}
	geometry IndexedLineSet {
		coord Coordinate {
			point [
				6.55803 18.9838 14.3887,
				5.18954 15.9364 16.0937,
				-1.95908 0.0172813 25,
				-226.497 -500 304.747,
			]
		}
		coordIndex [
			0, 1, 2, 3, -1
		]
	}
}
#---------- POLYLINE
Shape {
	appearance Appearance {
		material Material {
			diffuseColor 0.5 0.5 0.5
			emissiveColor 0.5 0.5 0.5
		}
	}
	geometry IndexedLineSet {
		coord Coordinate {
			point [
				6.55803 18.9838 14.3887,
				6.55803 18.9838 14.3887,
			]
		}
		coordIndex [
			0, 1, -1
		]
	}
}
#---------- POLYLINE
Shape {
	appearance Appearance {
		material Material {
			diffuseColor 0.5 0.5 0.5
			emissiveColor 0.5 0.5 0.5
		}
	}
	geometry IndexedLineSet {
		coord Coordinate {
			point [
				10.2748 22.1272 17.0361,
			]
		}
		coordIndex [
			0, -1
		]
	}
}
#---------- POLYLINE
Shape {
	appearance Appearance {
		material Material {
			diffuseColor 0 0 1
			emissiveColor 0 0 1
		}
	}
	geometry IndexedLineSet {
		coord Coordinate {
			point [
				10.2748 22.1272 17.0361,
				10.2554 22.1364 16.9968,
				10.2348 22.1482 16.9641,
				10.221 22.1553 16.9289,
				10.2122 22.1612 16.8944,
				10.2054 22.1656 16.8611,
				10.2043 22.1622 16.8327,
				10.2235 22.1427 16.8201,
				10.2442 22.1271 16.8075,
				10.2654 22.1115 16.7993,
				10.2877 22.0987 16.7955,
				10.3104 22.09 16.7976,
				10.332 22.0834 16.7978,
				10.35 22.0734 16.7915,
				10.3644 22.0607 16.7852,
				10.365 22.0601 16.7849,
			]
		}
		coordIndex [
			0, 1, 2, 3, 4, 5, 6, 7, 8, 9, 
			10, 11, 12, 13, 14, 15, -1
		]
	}
}
#---------- POLYLINE
Shape {
	appearance Appearance {
		material Material {
			diffuseColor 0 1 0
			emissiveColor 0 1 0
		}
	}
	geometry IndexedLineSet {
		coord Coordinate {
			point [
				10.365 22.0601 16.7849,
				10.5446 22.2703 17.3511,
				12.9706 25.1094 25,
				163.63 201.425 500,
			]
		}
		coordIndex [
			0, 1, 2, 3, -1
		]
	}
}
#---------- POLYLINE
Shape {
	appearance Appearance {
		material Material {
			diffuseColor 0 1 0
			emissiveColor 0 1 0
		}
	}
	geometry IndexedLineSet {
		coord Coordinate {
			point [
				10.365 22.0601 16.7849,
				5.1755 15.9869 0.423481,
				0.610572 10.6446 -13.9688,
				0.731591 9.7708 -11.3196,
				9.2324 8.22615 25,
				120.409 -11.9753 500,
			]
		}
		coordIndex [
			0, 1, 2, 3, 4, 5, -1
		]
	}
}
#---------- POLYLINE
Shape {
	appearance Appearance {
		material Material {
			diffuseColor 0.5 0.5 0.5
			emissiveColor 0.5 0.5 0.5
		}
	}
	geometry IndexedLineSet {
		coord Coordinate {
			point [
				10.2748 22.1272 17.0361,
				14.133 20.1139 16.6006,
				49.9802 1.40863 12.5538,
				500 -233.415 -38.2485,
			]
		}
		coordIndex [
			0, 1, 2, 3, -1
		]
	}
}
#---------- POLYLINE
Shape {
	appearance Appearance {
		material Material {
			diffuseColor 0.5 0.5 0.5
			emissiveColor 0.5 0.5 0.5
		}
	}
	geometry IndexedLineSet {
		coord Coordinate {
			point [
				10.2748 22.1272 17.0361,
				10.2748 22.1272 17.0361,
			]
		}
		coordIndex [
			0, 1, -1
		]
	}
}
#---------- POLYLINE
Shape {
	appearance Appearance {
		material Material {
			diffuseColor 0.5 0.5 0.5
			emissiveColor 0.5 0.5 0.5
		}
	}
	geometry IndexedLineSet {
		coord Coordinate {
			point [
				9.4841 22.2321 17.4877,
			]
		}
		coordIndex [
			0, -1
		]
	}
}
#---------- POLYLINE
Shape {
	appearance Appearance {
		material Material {
			diffuseColor 0.5 0.5 0.5
			emissiveColor 0.5 0.5 0.5
		}
	}
	geometry IndexedLineSet {
		coord Coordinate {
			point [
				9.4841 22.2321 17.4877,
				9.49583 22.2745 17.5083,
				13.7681 37.7364 25,
				141.496 500 248.98,
			]
		}
		coordIndex [
			0, 1, 2, 3, -1
		]
	}
}
#---------- POLYLINE
Shape {
	appearance Appearance {
		material Material {
			diffuseColor 0.5 0.5 0.5
			emissiveColor 0.5 0.5 0.5
		}
	}
	geometry IndexedLineSet {
		coord Coordinate {
			point [
				9.4841 22.2321 17.4877,
				9.48409 22.232 17.4877,
			]
		}
		coordIndex [
			0, 1, -1
		]
	}
}
#---------- POLYLINE
Shape {
	appearance Appearance {
		material Material {
			diffuseColor 1 0 0
			emissiveColor 1 0 0
		}
	}
	geometry IndexedLineSet {
		coord Coordinate {
			point [
				9.4841 22.2321 17.4877,
				9.4841 22.2321 17.4877,
			]
		}
		coordIndex [
			0, 1, -1
		]
	}
}
#---------- POLYLINE
Shape {
	appearance Appearance {
		material Material {
			diffuseColor 1 0 0
			emissiveColor 1 0 0
		}
	}
	geometry IndexedLineSet {
		coord Coordinate {
			point [
				9.4841 22.2321 17.4877,
				9.4841 22.2321 17.4877,
			]
		}
		coordIndex [
			0, 1, -1
		]
	}
}
#---------- POLYLINE
Shape {
	appearance Appearance {
		material Material {
			diffuseColor 0.5 0.5 0.5
			emissiveColor 0.5 0.5 0.5
		}
	}
	geometry IndexedLineSet {
		coord Coordinate {
			point [
				8.62933 17.5539 -12.5712,
			]
		}
		coordIndex [
			0, -1
		]
	}
}
#---------- POLYLINE
Shape {
	appearance Appearance {
		material Material {
			diffuseColor 0 0 1
			emissiveColor 0 0 1
		}
	}
	geometry IndexedLineSet {
		coord Coordinate {
			point [
				8.62933 17.5539 -12.5712,
				8.47394 17.4024 -12.5712,
				8.32927 17.3302 -12.6522,
				8.24904 17.3896 -12.7738,
				8.19586 17.3622 -12.8966,
				8.12922 17.3337 -12.9812,
				8.10204 17.3212 -13.0703,
				8.083 17.2776 -13.1104,
				8.03444 17.2626 -13.1065,
				8.00386 17.2461 -13.0827,
				7.98615 17.2387 -13.0702,
				7.97427 17.2297 -13.0654,
				7.97365 17.2292 -13.065,
				7.97363 17.2292 -13.065,
			]
		}
		coordIndex [
			0, 1, 2, 3, 4, 5, 6, 7, 8, 9, 
			10, 11, 12, 13, -1
		]
	}
}
#---------- POLYLINE
Shape {
	appearance Appearance {
		material Material {
			diffuseColor 0 1 0
			emissiveColor 0 1 0
		}
	}
	geometry IndexedLineSet {
		coord Coordinate {
			point [
				7.97363 17.2292 -13.065,
				14.8627 18.4636 -14.7411,
				20.1539 19.4117 -16.0284,
				42.5231 20.337 -25,
				500 39.2597 -208.479,
			]
		}
		coordIndex [
			0, 1, 2, 3, 4, -1
		]
	}
}
#---------- POLYLINE
Shape {
	appearance Appearance {
		material Material {
			diffuseColor 0 1 0
			emissiveColor 0 1 0
		}
	}
	geometry IndexedLineSet {
		coord Coordinate {
			point [
				7.97363 17.2292 -13.065,
				5.0358 16.7027 -12.3502,
				-5.67998 14.7826 -9.74309,
				-13.1771 13.4392 -7.91905,
				-49.5178 6.92729 0.922554,
				-500 -73.7945 110.524,
			]
		}
		coordIndex [
			0, 1, 2, 3, 4, 5, -1
		]
	}
}
#---------- POLYLINE
Shape {
	appearance Appearance {
		material Material {
			diffuseColor 0.5 0.5 0.5
			emissiveColor 0.5 0.5 0.5
		}
	}
	geometry IndexedLineSet {
		coord Coordinate {
			point [
				8.62933 17.5539 -12.5712,
				6.85874 21.1901 -11.4994,
				-6.93452 49.5168 -3.14977,
				-226.29 500 129.635,
			]
		}
		coordIndex [
			0, 1, 2, 3, -1
		]
	}
}
#---------- POLYLINE
Shape {
	appearance Appearance {
		material Material {
			diffuseColor 0.5 0.5 0.5
			emissiveColor 0.5 0.5 0.5
		}
	}
	geometry IndexedLineSet {
		coord Coordinate {
			point [
				8.62933 17.5539 -12.5712,
				8.62934 17.5539 -12.5712,
			]
		}
		coordIndex [
			0, 1, -1
		]
	}
}
#---------- POLYLINE
Shape {
	appearance Appearance {
		material Material {
			diffuseColor 0.5 0.5 0.5
			emissiveColor 0.5 0.5 0.5
		}
	}
	geometry IndexedLineSet {
		coord Coordinate {
			point [
				10.7375 12.4055 18.535,
			]
		}
		coordIndex [
			0, -1
		]
	}
}
#---------- POLYLINE
Shape {
	appearance Appearance {
		material Material {
			diffuseColor 0 0 1
			emissiveColor 0 0 1
		}
	}
	geometry IndexedLineSet {
		coord Coordinate {
			point [
				10.7375 12.4055 18.535,
				10.7218 12.4377 18.5112,
				10.7133 12.4691 18.4892,
				10.7164 12.4957 18.463,
				10.7207 12.5242 18.4426,
				10.7308 12.5487 18.4248,
				10.7395 12.5694 18.404,
				10.7485 12.5887 18.3845,
				10.7546 12.6084 18.366,
				10.7604 12.6149 18.3578,
				10.7725 12.596 18.3658,
				10.7857 12.5803 18.373,
				10.8013 12.5692 18.3799,
				10.8079 12.5545 18.392,
				10.814 12.5401 18.4021,
				10.8194 12.5258 18.4101,
				10.8262 12.513 18.4181,
				10.833 12.5022 18.4246,
				10.8411 12.4946 18.4325,
				10.8483 12.4899 18.4414,
				10.8576 12.4859 18.4477,
				10.8646 12.4787 18.4522,
				10.8724 12.4727 18.4551,
				10.878 12.466 18.4584,
				10.8845 12.4604 18.4582,
				10.8896 12.4549 18.4611,
				10.8937 12.4491 18.4638,
				10.8985 12.4441 18.4631,
				10.9021 12.4392 18.4621,
				10.9056 12.4353 18.4617,
				10.9083 12.4312 18.4621,
				10.9117 12.4279 18.4625,
				10.9154 12.4257 18.4623,
				10.9287 12.4197 18.4611,
				10.929 12.4189 18.4604,
				10.929 12.4188 18.4603,
			]
		}
		coordIndex [
			0, 1, 2, 3, 4, 5, 6, 7, 8, 9, 
			10, 11, 12, 13, 14, 15, 16, 17, 18, 19, 
			20, 21, 22, 23, 24, 25, 26, 27, 28, 29, 
			30, 31, 32, 33, 34, 35, -1
		]
	}
}
#---------- POLYLINE
Shape {
	appearance Appearance {
		material Material {
			diffuseColor 0 1 0
			emissiveColor 0 1 0
		}
	}
	geometry IndexedLineSet {
		coord Coordinate {
			point [
				10.929 12.4188 18.4603,
				9.53969 12.3212 19.6134,
				3.04988 11.8655 25,
				-500 -23.4579 442.536,
			]
		}
		coordIndex [
			0, 1, 2, 3, -1
		]
	}
}
#---------- POLYLINE
Shape {
	appearance Appearance {
		material Material {
			diffuseColor 0 1 0
			emissiveColor 0 1 0
		}
	}
	geometry IndexedLineSet {
		coord Coordinate {
			point [
				10.929 12.4188 18.4603,
				11.1516 12.4344 18.2755,
				43.4654 14.7034 -8.54522,
				47.6744 15.0715 -9.93193,
				500 54.6238 -158.954,
			]
		}
		coordIndex [
			0, 1, 2, 3, 4, -1
		]
	}
}
#---------- POLYLINE
Shape {
	appearance Appearance {
		material Material {
			diffuseColor 0.5 0.5 0.5
			emissiveColor 0.5 0.5 0.5
		}
	}
	geometry IndexedLineSet {
		coord Coordinate {
			point [
				10.7375 12.4055 18.535,
				13.1381 21.1926 14.9287,
				19.8817 45.8772 4.79786,
				143.944 500 -181.579,
			]
		}
		coordIndex [
			0, 1, 2, 3, -1
		]
	}
}
#---------- POLYLINE
Shape {
	appearance Appearance {
		material Material {
			diffuseColor 0.5 0.5 0.5
			emissiveColor 0.5 0.5 0.5
		}
	}
	geometry IndexedLineSet {
		coord Coordinate {
			point [
				10.7375 12.4055 18.535,
				10.7376 12.4055 18.535,
			]
		}
		coordIndex [
			0, 1, -1
		]
	}
}
#---------- POLYLINE
Shape {
	appearance Appearance {
		material Material {
			diffuseColor 0.5 0.5 0.5
			emissiveColor 0.5 0.5 0.5
		}
	}
	geometry IndexedLineSet {
		coord Coordinate {
			point [
				9.08483 21.4442 -19.3223,
			]
		}
		coordIndex [
			0, -1
		]
	}
}
#---------- POLYLINE
Shape {
	appearance Appearance {
		material Material {
			diffuseColor 0 0 1
			emissiveColor 0 0 1
		}
	}
	geometry IndexedLineSet {
		coord Coordinate {
			point [
				9.08483 21.4442 -19.3223,
				9.05112 21.428 -19.2847,
				9.05924 21.415 -19.242,
				9.03957 21.4198 -19.21,
				9.01476 21.4186 -19.1884,
				9.02002 21.4366 -19.1683,
				9.03245 21.4387 -19.152,
				9.02942 21.4345 -19.148,
				9.02964 21.4344 -19.1478,
			]
		}
		coordIndex [
			0, 1, 2, 3, 4, 5, 6, 7, 8, -1
		]
	}
}
#---------- POLYLINE
Shape {
	appearance Appearance {
		material Material {
			diffuseColor 0 1 0
			emissiveColor 0 1 0
		}
	}
	geometry IndexedLineSet {
		coord Coordinate {
			point [
				9.02964 21.4344 -19.1478,
				7.58908 12.9197 -11.1988,
				1.66972 -22.068 21.4642,
				9.54055 -29.2803 25,
				500 -478.702 245.329,
			]
		}
		coordIndex [
			0, 1, 2, 3, 4, -1
		]
	}
}
#---------- POLYLINE
Shape {
	appearance Appearance {
		material Material {
			diffuseColor 0 1 0
			emissiveColor 0 1 0
		}
	}
	geometry IndexedLineSet {
		coord Coordinate {
			point [
				9.02964 21.4344 -19.1478,
				9.16418 22.2296 -19.8902,
				10.0902 27.7031 -25,
				89.9954 500 -465.916,
			]
		}
		coordIndex [
			0, 1, 2, 3, -1
		]
	}
}
#---------- POLYLINE
Shape {
	appearance Appearance {
		material Material {
			diffuseColor 0.5 0.5 0.5
			emissiveColor 0.5 0.5 0.5
		}
	}
	geometry IndexedLineSet {
		coord Coordinate {
			point [
				9.08483 21.4442 -19.3223,
				8.21354 20.9781 -20,
				1.78567 17.5394 -25,
				-500 -250.901 -415.321,
			]
		}
		coordIndex [
			0, 1, 2, 3, -1
		]
	}
}
#---------- POLYLINE
Shape {
	appearance Appearance {
		material Material {
			diffuseColor 0.5 0.5 0.5
			emissiveColor 0.5 0.5 0.5
		}
	}
	geometry IndexedLineSet {
		coord Coordinate {
			point [
				9.08483 21.4442 -19.3223,
				9.08484 21.4442 -19.3223,
			]
		}
		coordIndex [
			0, 1, -1
		]
	}
}
#---------- POLYLINE
Shape {
	appearance Appearance {
		material Material {
			diffuseColor 0.5 0.5 0.5
			emissiveColor 0.5 0.5 0.5
		}
	}
	geometry IndexedLineSet {
		coord Coordinate {
			point [
				8.6034 17.2394 10.12,
			]
		}
		coordIndex [
			0, -1
		]
	}
}
#---------- POLYLINE
Shape {
	appearance Appearance {
		material Material {
			diffuseColor 0 0 1
			emissiveColor 0 0 1
		}
	}
	geometry IndexedLineSet {
		coord Coordinate {
			point [
				8.6034 17.2394 10.12,
				8.60435 17.3445 10.0767,
				8.52649 17.3994 10.0837,
				8.47003 17.435 10.1302,
				8.4351 17.4832 10.1592,
				8.43617 17.4925 10.1773,
				8.43398 17.4936 10.1798,
				8.43393 17.4934 10.1799,
			]
		}
		coordIndex [
			0, 1, 2, 3, 4, 5, 6, 7, -1
		]
	}
}
#---------- POLYLINE
Shape {
	appearance Appearance {
		material Material {
			diffuseColor 0 1 0
			emissiveColor 0 1 0
		}
	}
	geometry IndexedLineSet {
		coord Coordinate {
			point [
				8.43393 17.4934 10.1799,
				5.45055 15.2258 9.23548,
				-8.5136 4.61159 4.81515,
				-47.8238 11.2496 -25,
				-500 87.6054 -367.957,
			]
		}
		coordIndex [
			0, 1, 2, 3, 4, -1
		]
	}
}
#---------- POLYLINE
Shape {
	appearance Appearance {
		material Material {
			diffuseColor 0 1 0
			emissiveColor 0 1 0
		}
	}
	geometry IndexedLineSet {
		coord Coordinate {
			point [
				8.43393 17.4934 10.1799,
				13.2161 21.1284 11.6937,
				33.8422 36.8063 18.2228,
				500 391.133 165.785,
			]
		}
		coordIndex [
			0, 1, 2, 3, -1
		]
	}
}
#---------- POLYLINE
Shape {
	appearance Appearance {
		material Material {
			diffuseColor 0.5 0.5 0.5
			emissiveColor 0.5 0.5 0.5
		}
	}
	geometry IndexedLineSet {
		coord Coordinate {
			point [
				8.6034 17.2394 10.12,
				14.7461 18.8732 6.52489,
				42.5446 26.267 -9.74462,
				500 147.941 -277.477,
			]
		}
		coordIndex [
			0, 1, 2, 3, -1
		]
	}
}
#---------- POLYLINE
Shape {
	appearance Appearance {
		material Material {
			diffuseColor 0.5 0.5 0.5
			emissiveColor 0.5 0.5 0.5
		}
	}
	geometry IndexedLineSet {
		coord Coordinate {
			point [
				8.6034 17.2394 10.12,
				8.6034 17.2394 10.12,
			]
		}
		coordIndex [
			0, 1, -1
		]
	}
}
#---------- POLYLINE
Shape {
	appearance Appearance {
		material Material {
			diffuseColor 0.5 0.5 0.5
			emissiveColor 0.5 0.5 0.5
		}
	}
	geometry IndexedLineSet {
		coord Coordinate {
			point [
				12.614 20.497 2.86606,
			]
		}
		coordIndex [
			0, -1
		]
	}
}
#---------- POLYLINE
Shape {
	appearance Appearance {
		material Material {
			diffuseColor 0 0 1
			emissiveColor 0 0 1
		}
	}
	geometry IndexedLineSet {
		coord Coordinate {
			point [
				12.614 20.497 2.86606,
				12.6122 20.376 2.91694,
				12.6855 20.3365 2.85526,
				12.7139 20.2859 2.78852,
				12.7533 20.2785 2.72905,
				12.8015 20.3133 2.74597,
				12.8471 20.3084 2.77192,
				12.8653 20.3084 2.80995,
				12.8877 20.3032 2.83579,
				12.9117 20.3048 2.8512,
				12.9184 20.2817 2.84988,
				12.9145 20.2735 2.83616,
				12.9145 20.2733 2.83651,
			]
		}
		coordIndex [
			0, 1, 2, 3, 4, 5, 6, 7, 8, 9, 
			10, 11, 12, -1
		]
	}
}
#---------- POLYLINE
Shape {
	appearance Appearance {
		material Material {
			diffuseColor 0 1 0
			emissiveColor 0 1 0
		}
	}
	geometry IndexedLineSet {
		coord Coordinate {
			point [
				12.9145 20.2733 2.83651,
				14.4103 19.6558 4.64692,
				31.2264 12.7135 25,
				423.682 -149.306 500,
			]
		}
		coordIndex [
			0, 1, 2, 3, -1
		]
	}
}
#---------- POLYLINE
Shape {
	appearance Appearance {
		material Material {
			diffuseColor 0 1 0
			emissiveColor 0 1 0
		}
	}
	geometry IndexedLineSet {
		coord Coordinate {
			point [
				12.9145 20.2733 2.83651,
				8.53598 22.0809 -2.46288,
				-10.0847 29.7681 -25,
				-402.54 191.787 -500,
			]
		}
		coordIndex [
			0, 1, 2, 3, -1
		]
	}
}
#---------- POLYLINE
Shape {
	appearance Appearance {
		material Material {
			diffuseColor 0.5 0.5 0.5
			emissiveColor 0.5 0.5 0.5
		}
	}
	geometry IndexedLineSet {
		coord Coordinate {
			point [
				12.614 20.497 2.86606,
				8.73466 22.1372 16.0045,
				6.07859 23.2603 25,
				-134.172 82.5622 500,
			]
		}
		coordIndex [
			0, 1, 2, 3, -1
		]
	}
}
#---------- POLYLINE
Shape {
	appearance Appearance {
		material Material {
			diffuseColor 0.5 0.5 0.5
			emissiveColor 0.5 0.5 0.5
		}
	}
	geometry IndexedLineSet {
		coord Coordinate {
			point [
				12.614 20.497 2.86606,
				12.614 20.497 2.86605,
			]
		}
		coordIndex [
			0, 1, -1
		]
	}
}
#---------- POLYLINE
Shape {
	appearance Appearance {
		material Material {
			diffuseColor 0.5 0.5 0.5
			emissiveColor 0.5 0.5 0.5
		}
	}
	geometry IndexedLineSet {
		coord Coordinate {
			point [
				8.50626 21.6048 -10.6767,
			]
		}
		coordIndex [
			0, -1
		]
	}
}
#---------- POLYLINE
Shape {
	appearance Appearance {
		material Material {
			diffuseColor 0 0 1
			emissiveColor 0 0 1
		}
	}
	geometry IndexedLineSet {
		coord Coordinate {
			point [
				8.50626 21.6048 -10.6767,
				8.49459 21.6039 -10.7314,
				8.49101 21.6016 -10.7821,
				8.48343 21.5981 -10.8294,
				8.46983 21.5937 -10.8721,
				8.44658 21.5873 -10.903,
				8.41857 21.5636 -10.9051,
				8.34182 21.4941 -10.9088,
				8.2763 21.4433 -10.913,
				8.21013 21.4244 -10.9148,
				8.17158 21.3861 -10.9037,
				8.15612 21.3501 -10.8972,
				8.14238 21.3265 -10.8795,
				8.14584 21.3091 -10.8585,
				8.13137 21.311 -10.8417,
				8.12548 21.3071 -10.8306,
				8.12528 21.3068 -10.8303,
			]
		}
		coordIndex [
			0, 1, 2, 3, 4, 5, 6, 7, 8, 9, 
			10, 11, 12, 13, 14, 15, 16, -1
		]
	}
}
#---------- POLYLINE
Shape {
	appearance Appearance {
		material Material {
			diffuseColor 0 1 0
			emissiveColor 0 1 0
		}
	}
	geometry IndexedLineSet {
		coord Coordinate {
			point [
				8.12528 21.3068 -10.8303,
				10.7739 22.2397 -10.298,
				38.4334 31.9824 -4.73956,
				500 194.563 88.0166,
			]
		}
		coordIndex [
			0, 1, 2, 3, -1
		]
	}
}
#---------- POLYLINE
Shape {
	appearance Appearance {
		material Material {
			diffuseColor 0 1 0
			emissiveColor 0 1 0
		}
	}
	geometry IndexedLineSet {
		coord Coordinate {
			point [
				8.12528 21.3068 -10.8303,
				6.3011 20.6642 -11.1968,
				-5.03991 16.6695 -13.4759,
				-13.47 13.7001 -15.17,
				-49.993 0.835358 -22.5097,
				-500 -157.674 -112.943,
			]
		}
		coordIndex [
			0, 1, 2, 3, 4, 5, -1
		]
	}
}
#---------- POLYLINE
Shape {
	appearance Appearance {
		material Material {
			diffuseColor 0.5 0.5 0.5
			emissiveColor 0.5 0.5 0.5
		}
	}
	geometry IndexedLineSet {
		coord Coordinate {
			point [
				8.50626 21.6048 -10.6767,
				6.60015 20.9662 -10.9781,
				-5.00492 17.0781 -12.813,
				-13.8532 14.1137 -14.212,
				-49.9593 2.01705 -19.9206,
				-500 -148.76 -91.0757,
			]
		}
		coordIndex [
			0, 1, 2, 3, 4, 5, -1
		]
	}
}
#---------- POLYLINE
Shape {
	appearance Appearance {
		material Material {
			diffuseColor 0.5 0.5 0.5
			emissiveColor 0.5 0.5 0.5
		}
	}
	geometry IndexedLineSet {
		coord Coordinate {
			point [
				8.50626 21.6048 -10.6767,
				8.50627 21.6048 -10.6767,
			]
		}
		coordIndex [
			0, 1, -1
		]
	}
}
#---------- POLYLINE
Shape {
	appearance Appearance {
		material Material {
			diffuseColor 0.5 0.5 0.5
			emissiveColor 0.5 0.5 0.5
		}
	}
	geometry IndexedLineSet {
		coord Coordinate {
			point [
				7.49742 13.3207 -18.4037,
			]
		}
		coordIndex [
			0, -1
		]
	}
}
#---------- POLYLINE
Shape {
	appearance Appearance {
		material Material {
			diffuseColor 0 0 1
			emissiveColor 0 0 1
		}
	}
	geometry IndexedLineSet {
		coord Coordinate {
			point [
				7.49742 13.3207 -18.4037,
				7.51597 13.3127 -18.3653,
				7.51998 13.3133 -18.3248,
				7.52235 13.329 -18.2891,
				7.52797 13.3462 -18.2596,
				7.53596 13.3743 -18.2448,
				7.55298 13.4357 -18.226,
				7.55007 13.4849 -18.2479,
				7.54164 13.5248 -18.2328,
				7.53821 13.5552 -18.2131,
				7.52952 13.5762 -18.1925,
				7.51325 13.5735 -18.2081,
				7.50779 13.5639 -18.2075,
				7.50727 13.5635 -18.2073,
			]
		}
		coordIndex [
			0, 1, 2, 3, 4, 5, 6, 7, 8, 9, 
			10, 11, 12, 13, -1
		]
	}
}
#---------- POLYLINE
Shape {
	appearance Appearance {
		material Material {
			diffuseColor 0 1 0
			emissiveColor 0 1 0
		}
	}
	geometry IndexedLineSet {
		coord Coordinate {
			point [
				7.50727 13.5635 -18.2073,
				13.8321 20.5117 -15.8716,
				19.5163 26.756 -13.7724,
				11.9233 21.9153 -12.0773,
				5.00417 17.5041 -10.5326,
				-16.6417 3.70425 -5.70032,
				-24.7755 -1.48133 -3.88447,
				-47.4023 -15.9066 1.16684,
				-500 -304.451 102.207,
			]
		}
		coordIndex [
			0, 1, 2, 3, 4, 5, 6, 7, 8, -1
		]
	}
}
#---------- POLYLINE
Shape {
	appearance Appearance {
		material Material {
			diffuseColor 0 1 0
			emissiveColor 0 1 0
		}
	}
	geometry IndexedLineSet {
		coord Coordinate {
			point [
				7.50727 13.5635 -18.2073,
				7.16157 13.1838 -18.335,
				-10.8861 -6.64238 -25,
				-459.987 -500 -190.853,
			]
		}
		coordIndex [
			0, 1, 2, 3, -1
		]
	}
}
#---------- POLYLINE
Shape {
	appearance Appearance {
		material Material {
			diffuseColor 0.5 0.5 0.5
			emissiveColor 0.5 0.5 0.5
		}
	}
	geometry IndexedLineSet {
		coord Coordinate {
			point [
				7.49742 13.3207 -18.4037,
				6.96136 13.3293 -18.5512,
				-16.4842 13.7042 -25,
				-500 21.4354 -157.994,
			]
		}
		coordIndex [
			0, 1, 2, 3, -1
		]
	}
}
#---------- POLYLINE
Shape {
	appearance Appearance {
		material Material {
			diffuseColor 0.5 0.5 0.5
			emissiveColor 0.5 0.5 0.5
		}
	}
	geometry IndexedLineSet {
		coord Coordinate {
			point [
				7.49742 13.3207 -18.4037,
				7.49742 13.3207 -18.4037,
			]
		}
		coordIndex [
			0, 1, -1
		]
	}
}
#---------- POLYLINE
Shape {
	appearance Appearance {
		material Material {
			diffuseColor 0.5 0.5 0.5
			emissiveColor 0.5 0.5 0.5
		}
	}
	geometry IndexedLineSet {
		coord Coordinate {
			point [
				12.2478 17.5211 12.6434,
			]
		}
		coordIndex [
			0, -1
		]
	}
}
#---------- POLYLINE
Shape {
	appearance Appearance {
		material Material {
			diffuseColor 0 0 1
			emissiveColor 0 0 1
		}
	}
	geometry IndexedLineSet {
		coord Coordinate {
			point [
				12.2478 17.5211 12.6434,
				12.5197 17.6537 12.9552,
				12.7173 17.7115 13.2398,
				12.7293 17.782 13.5157,
				12.7037 17.8545 13.7282,
				12.6562 17.8159 13.8557,
				12.635 17.7698 13.9646,
				12.6359 17.7315 14.0454,
				12.6579 17.7036 14.1081,
				12.6208 17.6644 14.1211,
				12.5768 17.6625 14.1048,
				12.5604 17.6973 14.116,
				12.5451 17.7265 14.1093,
				12.5193 17.7291 14.0963,
				12.5015 17.7375 14.11,
				12.4836 17.7391 14.1191,
				12.4857 17.737 14.126,
				12.4852 17.7368 14.1258,
			]
		}
		coordIndex [
			0, 1, 2, 3, 4, 5, 6, 7, 8, 9, 
			10, 11, 12, 13, 14, 15, 16, 17, -1
		]
	}
}
#---------- POLYLINE
Shape {
	appearance Appearance {
		material Material {
			diffuseColor 0 1 0
			emissiveColor 0 1 0
		}
	}
	geometry IndexedLineSet {
		coord Coordinate {
			point [
				12.4852 17.7368 14.1258,
				14.9264 16.4454 14.9509,
				44.6613 0.715872 25,
				500 -240.155 178.885,
			]
		}
		coordIndex [
			0, 1, 2, 3, -1
		]
	}
}
#---------- POLYLINE
Shape {
	appearance Appearance {
		material Material {
			diffuseColor 0 1 0
			emissiveColor 0 1 0
		}
	}
	geometry IndexedLineSet {
		coord Coordinate {
			point [
				12.4852 17.7368 14.1258,
				6.5214 20.8916 12.1103,
				-29.8345 40.1236 -0.176434,
				-500 288.837 -159.072,
			]
		}
		coordIndex [
			0, 1, 2, 3, -1
		]
	}
}
#---------- POLYLINE
Shape {
	appearance Appearance {
		material Material {
			diffuseColor 0.5 0.5 0.5
			emissiveColor 0.5 0.5 0.5
		}
	}
	geometry IndexedLineSet {
		coord Coordinate {
			point [
				12.2478 17.5211 12.6434,
				14.2983 19.8544 15.4367,
				21.3185 27.8431 25,
				370.007 424.633 500,
			]
		}
		coordIndex [
			0, 1, 2, 3, -1
		]
	}
}
#---------- POLYLINE
Shape {
	appearance Appearance {
		material Material {
			diffuseColor 0.5 0.5 0.5
			emissiveColor 0.5 0.5 0.5
		}
	}
	geometry IndexedLineSet {
		coord Coordinate {
			point [
				12.2478 17.5211 12.6434,
				12.2478 17.5211 12.6434,
			]
		}
		coordIndex [
			0, 1, -1
		]
	}
}
#---------- POLYLINE
Shape {
	appearance Appearance {
		material Material {
			diffuseColor 0.5 0.5 0.5
			emissiveColor 0.5 0.5 0.5
		}
	}
	geometry IndexedLineSet {
		coord Coordinate {
			point [
				11.3177 17.0905 -6.94083,
			]
		}
		coordIndex [
			0, -1
		]
	}
}
#---------- POLYLINE
Shape {
	appearance Appearance {
		material Material {
			diffuseColor 0 0 1
			emissiveColor 0 0 1
		}
	}
	geometry IndexedLineSet {
		coord Coordinate {
			point [
				11.3177 17.0905 -6.94083,
				11.399 17.0202 -6.96358,
				11.4145 16.953 -7.02627,
				11.4345 16.9018 -7.06579,
				11.4281 16.8856 -7.11587,
				11.4054 16.8642 -7.14722,
				11.3857 16.8374 -7.16307,
				11.3659 16.8294 -7.18104,
				11.3575 16.81 -7.18268,
				11.3503 16.8106 -7.1858,
				11.3497 16.8104 -7.18588,
			]
		}
		coordIndex [
			0, 1, 2, 3, 4, 5, 6, 7, 8, 9, 
			10, -1
		]
	}
}
#---------- POLYLINE
Shape {
	appearance Appearance {
		material Material {
			diffuseColor 0 1 0
			emissiveColor 0 1 0
		}
	}
	geometry IndexedLineSet {
		coord Coordinate {
			point [
				11.3497 16.8104 -7.18588,
				7.44723 13.0008 -5.78861,
				-0.817252 4.93276 -2.8295,
				-4.91167 0.935674 -1.36349,
				-38.522 -31.8756 10.6707,
				-500 -482.383 175.904,
			]
		}
		coordIndex [
			0, 1, 2, 3, 4, 5, -1
		]
	}
}
#---------- POLYLINE
Shape {
	appearance Appearance {
		material Material {
			diffuseColor 0 1 0
			emissiveColor 0 1 0
		}
	}
	geometry IndexedLineSet {
		coord Coordinate {
			point [
				11.3497 16.8104 -7.18588,
				14.3594 19.7486 -8.26352,
				30.5305 35.5352 -14.0536,
				27.3057 28.831 -25,
				-112.629 -262.086 -500,
			]
		}
		coordIndex [
			0, 1, 2, 3, 4, -1
		]
	}
}
#---------- POLYLINE
Shape {
	appearance Appearance {
		material Material {
			diffuseColor 0.5 0.5 0.5
			emissiveColor 0.5 0.5 0.5
		}
	}
	geometry IndexedLineSet {
		coord Coordinate {
			point [
				11.3177 17.0905 -6.94083,
				9.67116 12.3108 -6.68867,
				-11.3446 -48.696 -3.47011,
				-166.81 -500 20.3395,
			]
		}
		coordIndex [
			0, 1, 2, 3, -1
		]
	}
}
#---------- POLYLINE
Shape {
	appearance Appearance {
		material Material {
			diffuseColor 0.5 0.5 0.5
			emissiveColor 0.5 0.5 0.5
		}
	}
	geometry IndexedLineSet {
		coord Coordinate {
			point [
				11.3177 17.0905 -6.94083,
				11.3177 17.0905 -6.94083,
			]
		}
		coordIndex [
			0, 1, -1
		]
	}
}
#---------- POLYLINE
Shape {
	appearance Appearance {
		material Material {
			diffuseColor 0.5 0.5 0.5
			emissiveColor 0.5 0.5 0.5
		}
	}
	geometry IndexedLineSet {
		coord Coordinate {
			point [
				12.0944 17.4657 -11.7485,
			]
		}
		coordIndex [
			0, -1
		]
	}
}
#---------- POLYLINE
Shape {
	appearance Appearance {
		material Material {
			diffuseColor 0 0 1
			emissiveColor 0 0 1
		}
	}
	geometry IndexedLineSet {
		coord Coordinate {
			point [
				12.0944 17.4657 -11.7485,
				12.2384 17.6131 -11.5736,
				12.3764 17.7726 -11.4784,
				12.4379 17.9262 -11.3699,
				12.4626 17.9738 -11.2175,
				12.5662 18.0465 -11.1768,
				12.6124 18.1456 -11.1852,
				12.6805 18.2012 -11.2111,
				12.6964 18.2547 -11.2592,
				12.7084 18.2953 -11.3037,
				12.7282 18.3218 -11.3389,
				12.7366 18.3464 -11.3707,
				12.7493 18.3794 -11.3782,
				12.7438 18.3928 -11.3763,
				12.7435 18.3928 -11.3768,
			]
		}
		coordIndex [
			0, 1, 2, 3, 4, 5, 6, 7, 8, 9, 
			10, 11, 12, 13, 14, -1
		]
	}
}
#---------- POLYLINE
Shape {
	appearance Appearance {
		material Material {
			diffuseColor 0 1 0
			emissiveColor 0 1 0
		}
	}
	geometry IndexedLineSet {
		coord Coordinate {
			point [
				12.7435 18.3928 -11.3768,
				14.3884 14.9038 -10.6927,
				19.0965 4.91769 -8.73445,
				23.2189 -3.82607 -7.01985,
				24.1406 -5.78119 -6.63647,
				33.5163 -37.1033 -4.84688,
				172.076 -500 21.6007,
			]
		}
		coordIndex [
			0, 1, 2, 3, 4, 5, 6, -1
		]
	}
}
#---------- POLYLINE
Shape {
	appearance Appearance {
		material Material {
			diffuseColor 0 1 0
			emissiveColor 0 1 0
		}
	}
	geometry IndexedLineSet {
		coord Coordinate {
			point [
				12.7435 18.3928 -11.3768,
				10.9438 22.2101 -12.1254,
				10.1011 23.9974 -12.4759,
				5.44928 49.7022 -18.1037,
				-76.042 500 -116.693,
			]
		}
		coordIndex [
			0, 1, 2, 3, 4, -1
		]
	}
}
#---------- POLYLINE
Shape {
	appearance Appearance {
		material Material {
			diffuseColor 0.5 0.5 0.5
			emissiveColor 0.5 0.5 0.5
		}
	}
	geometry IndexedLineSet {
		coord Coordinate {
			point [
				12.0944 17.4657 -11.7485,
				7.7974 12.8113 11.0172,
				5.15817 9.95252 25,
				-84.4973 -87.1607 500,
			]
		}
		coordIndex [
			0, 1, 2, 3, -1
		]
	}
}
#---------- POLYLINE
Shape {
	appearance Appearance {
		material Material {
			diffuseColor 0.5 0.5 0.5
			emissiveColor 0.5 0.5 0.5
		}
	}
	geometry IndexedLineSet {
		coord Coordinate {
			point [
				12.0944 17.4657 -11.7485,
				12.0944 17.4657 -11.7485,
			]
		}
		coordIndex [
			0, 1, -1
		]
	}
}
#---------- POLYLINE
Shape {
	appearance Appearance {
		material Material {
			diffuseColor 0.5 0.5 0.5
			emissiveColor 0.5 0.5 0.5
		}
	}
	geometry IndexedLineSet {
		coord Coordinate {
			point [
				11.5972 19.8532 -6.85325,
			]
		}
		coordIndex [
			0, -1
		]
	}
}
#---------- POLYLINE
Shape {
	appearance Appearance {
		material Material {
			diffuseColor 0 0 1
			emissiveColor 0 0 1
		}
	}
	geometry IndexedLineSet {
		coord Coordinate {
			point [
				11.5972 19.8532 -6.85325,
				11.7119 19.7755 -6.87309,
				11.7785 19.7129 -6.94868,
				11.8062 19.6277 -6.99548,
				11.8202 19.5709 -7.05568,
				11.7885 19.5912 -7.11774,
				11.7983 19.6496 -7.1093,
				11.8091 19.6892 -7.08022,
				11.8294 19.6881 -7.04484,
				11.8558 19.6912 -7.02731,
				11.8624 19.6845 -7.00994,
				11.8686 19.6823 -7.00648,
				11.869 19.6823 -7.00702,
			]
		}
		coordIndex [
			0, 1, 2, 3, 4, 5, 6, 7, 8, 9, 
			10, 11, 12, -1
		]
	}
}
#---------- POLYLINE
Shape {
	appearance Appearance {
		material Material {
			diffuseColor 0 1 0
			emissiveColor 0 1 0
		}
	}
	geometry IndexedLineSet {
		coord Coordinate {
			point [
				11.869 19.6823 -7.00702,
				5.36859 19.1841 -14.1461,
				-4.51421 18.4267 -25,
				-437.017 -14.7204 -500,
			]
		}
		coordIndex [
			0, 1, 2, 3, -1
		]
	}
}
#---------- POLYLINE
Shape {
	appearance Appearance {
		material Material {
			diffuseColor 0 1 0
			emissiveColor 0 1 0
		}
	}
	geometry IndexedLineSet {
		coord Coordinate {
			point [
				11.869 19.6823 -7.00702,
				14.2902 19.8679 -4.34789,
				22.8068 20.5206 5.00554,
				27.5188 3.57963 6.12041,
				-5.57636 14.9695 8.90527,
				-14.921 18.1854 9.69159,
				-41.8003 27.4361 11.9534,
				-500 185.127 50.5096,
			]
		}
		coordIndex [
			0, 1, 2, 3, 4, 5, 6, 7, -1
		]
	}
}
#---------- POLYLINE
Shape {
	appearance Appearance {
		material Material {
			diffuseColor 0.5 0.5 0.5
			emissiveColor 0.5 0.5 0.5
		}
	}
	geometry IndexedLineSet {
		coord Coordinate {
			point [
				11.5972 19.8532 -6.85325,
				14.8241 15.9853 -5.72127,
				45.4843 -20.7649 5.0342,
				445.304 -500 145.289,
			]
		}
		coordIndex [
			0, 1, 2, 3, -1
		]
	}
}
#---------- POLYLINE
Shape {
	appearance Appearance {
		material Material {
			diffuseColor 0.5 0.5 0.5
			emissiveColor 0.5 0.5 0.5
		}
	}
	geometry IndexedLineSet {
		coord Coordinate {
			point [
				11.5972 19.8532 -6.85325,
				11.5972 19.8532 -6.85325,
			]
		}
		coordIndex [
			0, 1, -1
		]
	}
}
#---------- POLYLINE
Shape {
	appearance Appearance {
		material Material {
			diffuseColor 0.5 0.5 0.5
			emissiveColor 0.5 0.5 0.5
		}
	}
	geometry IndexedLineSet {
		coord Coordinate {
			point [
				6.804 16.9826 -19.7073,
			]
		}
		coordIndex [
			0, -1
		]
	}
}
#---------- POLYLINE
Shape {
	appearance Appearance {
		material Material {
			diffuseColor 0 0 1
			emissiveColor 0 0 1
		}
	}
	geometry IndexedLineSet {
		coord Coordinate {
			point [
				6.804 16.9826 -19.7073,
				6.72051 16.9761 -19.6675,
				6.67918 17.0281 -19.6188,
				6.63391 17.0797 -19.574,
				6.59478 17.1209 -19.5291,
				6.57541 17.162 -19.4805,
				6.57006 17.1963 -19.4277,
				6.55632 17.2294 -19.3883,
				6.55081 17.2411 -19.3404,
				6.5343 17.2394 -19.2064,
				6.54224 17.3033 -19.1145,
				6.60468 17.3203 -19.044,
				6.61739 17.3746 -18.9904,
				6.59098 17.4112 -18.9441,
				6.5751 17.3767 -18.906,
				6.54778 17.3468 -18.9258,
				6.5322 17.3659 -18.9536,
				6.51021 17.3857 -18.9661,
				6.4998 17.3943 -18.9896,
				6.50542 17.399 -18.9928,
				6.50509 17.3994 -18.9929,
			]
		}
		coordIndex [
			0, 1, 2, 3, 4, 5, 6, 7, 8, 9, 
			10, 11, 12, 13, 14, 15, 16, 17, 18, 19, 
			20, -1
		]
	}
}
#---------- POLYLINE
Shape {
	appearance Appearance {
		material Material {
			diffuseColor 0 1 0
			emissiveColor 0 1 0
		}
	}
	geometry IndexedLineSet {
		coord Coordinate {
			point [
				6.50509 17.3994 -18.9929,
				6.69947 15.9177 -20,
				7.66452 8.56094 -25,
				74.3768 -500 -370.643,
			]
		}
		coordIndex [
			0, 1, 2, 3, -1
		]
	}
}
#---------- POLYLINE
Shape {
	appearance Appearance {
		material Material {
			diffuseColor 0 1 0
			emissiveColor 0 1 0
		}
	}
	geometry IndexedLineSet {
		coord Coordinate {
			point [
				6.50509 17.3994 -18.9929,
				6.10661 20.4371 -16.9283,
				2.23516 49.95 3.13009,
				-56.8017 500 309.007,
			]
		}
		coordIndex [
			0, 1, 2, 3, -1
		]
	}
}
#---------- POLYLINE
Shape {
	appearance Appearance {
		material Material {
			diffuseColor 0.5 0.5 0.5
			emissiveColor 0.5 0.5 0.5
		}
	}
	geometry IndexedLineSet {
		coord Coordinate {
			point [
				6.804 16.9826 -19.7073,
				6.69253 17.1095 -20,
				4.78854 19.2762 -25,
				-176.091 225.118 -500,
			]
		}
		coordIndex [
			0, 1, 2, 3, -1
		]
	}
}
#---------- POLYLINE
Shape {
	appearance Appearance {
		material Material {
			diffuseColor 0.5 0.5 0.5
			emissiveColor 0.5 0.5 0.5
		}
	}
	geometry IndexedLineSet {
		coord Coordinate {
			point [
				6.804 16.9826 -19.7073,
				6.80401 16.9826 -19.7073,
			]
		}
		coordIndex [
			0, 1, -1
		]
	}
}
#---------- POLYLINE
Shape {
	appearance Appearance {
		material Material {
			diffuseColor 0.5 0.5 0.5
			emissiveColor 0.5 0.5 0.5
		}
	}
	geometry IndexedLineSet {
		coord Coordinate {
			point [
				14.7359 16.9326 -10.1188,
			]
		}
		coordIndex [
			0, -1
		]
	}
}
#---------- POLYLINE
Shape {
	appearance Appearance {
		material Material {
			diffuseColor 0 0 1
			emissiveColor 0 0 1
		}
	}
	geometry IndexedLineSet {
		coord Coordinate {
			point [
				14.7359 16.9326 -10.1188,
				14.7877 16.9217 -10.0869,
				14.82 16.8831 -10.0862,
				14.8089 16.8663 -10.1181,
				14.8157 16.8578 -10.1461,
				14.8244 16.8455 -10.1662,
				14.8263 16.8417 -10.1687,
				14.8264 16.8419 -10.1685,
			]
		}
		coordIndex [
			0, 1, 2, 3, 4, 5, 6, 7, -1
		]
	}
}
#---------- POLYLINE
Shape {
	appearance Appearance {
		material Material {
			diffuseColor 0 1 0
			emissiveColor 0 1 0
		}
	}
	geometry IndexedLineSet {
		coord Coordinate {
			point [
				14.8264 16.8419 -10.1685,
				8.27519 16.3881 -20,
				4.94343 16.1573 -25,
				-311.574 -5.7692 -500,
			]
		}
		coordIndex [
			0, 1, 2, 3, -1
		]
	}
}
#---------- POLYLINE
Shape {
	appearance Appearance {
		material Material {
			diffuseColor 0 1 0
			emissiveColor 0 1 0
		}
	}
	geometry IndexedLineSet {
		coord Coordinate {
			point [
				14.8264 16.8419 -10.1685,
				14.9799 16.8526 -9.93815,
				38.2611 18.4653 25,
				354.779 40.3918 500,
			]
		}
		coordIndex [
			0, 1, 2, 3, -1
		]
	}
}
#---------- POLYLINE
Shape {
	appearance Appearance {
		material Material {
			diffuseColor 0.5 0.5 0.5
			emissiveColor 0.5 0.5 0.5
		}
	}
	geometry IndexedLineSet {
		coord Coordinate {
			point [
				14.7359 16.9326 -10.1188,
				14.9101 16.3561 -9.94146,
				18.4186 4.74333 -6.36815,
				21.3096 -4.82546 -3.42378,
				31.5667 -38.7756 7.02285,
				170.914 -500 148.944,
			]
		}
		coordIndex [
			0, 1, 2, 3, 4, 5, -1
		]
	}
}
#---------- POLYLINE
Shape {
	appearance Appearance {
		material Material {
			diffuseColor 0.5 0.5 0.5
			emissiveColor 0.5 0.5 0.5
		}
	}
	geometry IndexedLineSet {
		coord Coordinate {
			point [
				14.7359 16.9326 -10.1188,
				14.7359 16.9326 -10.1189,
			]
		}
		coordIndex [
			0, 1, -1
		]
	}
}
#---------- POLYLINE
Shape {
	appearance Appearance {
		material Material {
			diffuseColor 0.5 0.5 0.5
			emissiveColor 0.5 0.5 0.5
		}
	}
	geometry IndexedLineSet {
		coord Coordinate {
			point [
				13.8382 18.3313 4.95915,
			]
		}
		coordIndex [
			0, -1
		]
	}
}
#---------- POLYLINE
Shape {
	appearance Appearance {
		material Material {
			diffuseColor 0 0 1
			emissiveColor 0 0 1
		}
	}
	geometry IndexedLineSet {
		coord Coordinate {
			point [
				13.8382 18.3313 4.95915,
				13.796 18.4576 4.95241,
				13.7422 18.5441 5.00167,
				13.6826 18.6238 4.99323,
				13.6551 18.6618 5.06085,
				13.6339 18.7124 5.10342,
				13.6346 18.7604 5.13992,
				13.6643 18.7624 5.18283,
				13.6898 18.7675 5.21944,
				13.6881 18.7561 5.25484,
				13.7116 18.743 5.24081,
				13.7118 18.7428 5.24066,
			]
		}
		coordIndex [
			0, 1, 2, 3, 4, 5, 6, 7, 8, 9, 
			10, 11, -1
		]
	}
}
#---------- POLYLINE
Shape {
	appearance Appearance {
		material Material {
			diffuseColor 0 1 0
			emissiveColor 0 1 0
		}
	}
	geometry IndexedLineSet {
		coord Coordinate {
			point [
				13.7118 18.7428 5.24066,
				7.63776 21.2135 20,
				5.58006 22.0505 25,
				-189.901 101.564 500,
			]
		}
		coordIndex [
			0, 1, 2, 3, -1
		]
	}
}
#---------- POLYLINE
Shape {
	appearance Appearance {
		material Material {
			diffuseColor 0 1 0
			emissiveColor 0 1 0
		}
	}
	geometry IndexedLineSet {
		coord Coordinate {
			point [
				13.7118 18.7428 5.24066,
				14.9077 18.2564 2.33475,
				26.157 13.6806 -25,
				221.638 -65.8334 -500,
			]
		}
		coordIndex [
			0, 1, 2, 3, -1
		]
	}
}
#---------- POLYLINE
Shape {
	appearance Appearance {
		material Material {
			diffuseColor 0.5 0.5 0.5
			emissiveColor 0.5 0.5 0.5
		}
	}
	geometry IndexedLineSet {
		coord Coordinate {
			point [
				13.8382 18.3313 4.95915,
				14.9993 17.2157 3.53205,
				38.2123 -5.08961 -25,
				424.661 -376.427 -500,
			]
		}
		coordIndex [
			0, 1, 2, 3, -1
		]
	}
}
#---------- POLYLINE
Shape {
	appearance Appearance {
		material Material {
			diffuseColor 0.5 0.5 0.5
			emissiveColor 0.5 0.5 0.5
		}
	}
	geometry IndexedLineSet {
		coord Coordinate {
			point [
				13.8382 18.3313 4.95915,
				13.8382 18.3313 4.95915,
			]
		}
		coordIndex [
			0, 1, -1
		]
	}
}
#---------- POLYLINE
Shape {
	appearance Appearance {
		material Material {
			diffuseColor 0.5 0.5 0.5
			emissiveColor 0.5 0.5 0.5
		}
	}
	geometry IndexedLineSet {
		coord Coordinate {
			point [
				5.54381 19.2079 15.1688,
			]
		}
		coordIndex [
			0, -1
		]
	}
}
#---------- POLYLINE
Shape {
	appearance Appearance {
		material Material {
			diffuseColor 0 0 1
			emissiveColor 0 0 1
		}
	}
	geometry IndexedLineSet {
		coord Coordinate {
			point [
				5.54381 19.2079 15.1688,
				5.50916 19.1883 15.1577,
				5.47281 19.1754 15.1496,
				5.43882 19.1676 15.1371,
				5.40769 19.1605 15.1219,
				5.37798 19.1594 15.1083,
				5.36273 19.1571 15.0991,
				5.35861 19.1565 15.0969,
				5.35737 19.1563 15.0962,
				5.35705 19.1563 15.0961,
				5.35698 19.1563 15.096,
				5.3569 19.1563 15.096,
				5.35679 19.1562 15.0959,
				5.3561 19.1561 15.0955,
				5.35539 19.156 15.0951,
				5.3539 19.1558 15.0943,
				5.35129 19.1556 15.0928,
				5.34671 19.1552 15.09,
				5.33854 19.1541 15.0854,
				5.32391 19.1505 15.0786,
				5.30459 19.1429 15.0666,
				5.28699 19.141 15.0528,
				5.27045 19.1447 15.0402,
				5.25686 19.1528 15.0284,
				5.24394 19.1574 15.0165,
				5.23211 19.1541 15.0043,
				5.22027 19.1492 14.9945,
				5.20847 19.1423 14.9873,
				5.1974 19.1357 14.9806,
				5.18863 19.1286 14.9726,
				5.17997 19.1242 14.9647,
				5.15302 19.1025 14.9349,
				5.12889 19.0786 14.9167,
				5.11052 19.0536 14.9119,
				5.0982 19.0342 14.9,
				5.08082 19.0442 14.9018,
				5.07905 19.0451 14.9048,
				5.07899 19.0453 14.9046,
			]
		}
		coordIndex [
			0, 1, 2, 3, 4, 5, 6, 7, 8, 9, 
			10, 11, 12, 13, 14, 15, 16, 17, 18, 19, 
			20, 21, 22, 23, 24, 25, 26, 27, 28, 29, 
			30, 31, 32, 33, 34, 35, 36, 37, -1
		]
	}
}
#---------- POLYLINE
Shape {
	appearance Appearance {
		material Material {
			diffuseColor 0 1 0
			emissiveColor 0 1 0
		}
	}
	geometry IndexedLineSet {
		coord Coordinate {
			point [
				5.07899 19.0453 14.9046,
				-12.8692 40.1081 25,
				-404.755 500 245.425,
			]
		}
		coordIndex [
			0, 1, 2, -1
		]
	}
}
#---------- POLYLINE
Shape {
	appearance Appearance {
		material Material {
			diffuseColor 0 1 0
			emissiveColor 0 1 0
		}
	}
	geometry IndexedLineSet {
		coord Coordinate {
			point [
				5.07899 19.0453 14.9046,
				5.24607 18.8492 14.8107,
				5.5893 18.4464 14.6176,
				7.5579 12.937 12.5084,
				8.14236 11.3012 11.8821,
				-8.18302 21.7885 -25,
				-218.435 156.852 -500,
			]
		}
		coordIndex [
			0, 1, 2, 3, 4, 5, 6, -1
		]
	}
}
#---------- POLYLINE
Shape {
	appearance Appearance {
		material Material {
			diffuseColor 0.5 0.5 0.5
			emissiveColor 0.5 0.5 0.5
		}
	}
	geometry IndexedLineSet {
		coord Coordinate {
			point [
				5.54381 19.2079 15.1688,
				14.5578 15.2442 8.54831,
				49.9988 -0.340181 -17.4821,
				500 -198.218 -347.995,
			]
		}
		coordIndex [
			0, 1, 2, 3, -1
		]
	}
}
#---------- POLYLINE
Shape {
	appearance Appearance {
		material Material {
			diffuseColor 0.5 0.5 0.5
			emissiveColor 0.5 0.5 0.5
		}
	}
	geometry IndexedLineSet {
		coord Coordinate {
			point [
				5.54381 19.2079 15.1688,
				5.54382 19.208 15.1689,
			]
		}
		coordIndex [
			0, 1, -1
		]
	}
}
#---------- POLYLINE
Shape {
	appearance Appearance {
		material Material {
			diffuseColor 0.5 0.5 0.5
			emissiveColor 0.5 0.5 0.5
		}
	}
	geometry IndexedLineSet {
		coord Coordinate {
			point [
				10.7721 22.2222 -7.26332,
			]
		}
		coordIndex [
			0, -1
		]
	}
}
#---------- POLYLINE
Shape {
	appearance Appearance {
		material Material {
			diffuseColor 0.5 0.5 0.5
			emissiveColor 0.5 0.5 0.5
		}
	}
	geometry IndexedLineSet {
		coord Coordinate {
			point [
				10.7721 22.2222 -7.26332,
				10.7635 22.2414 -7.20018,
				6.3541 32.0037 25,
				-58.6904 176.012 500,
			]
		}
		coordIndex [
			0, 1, 2, 3, -1
		]
	}
}
#---------- POLYLINE
Shape {
	appearance Appearance {
		material Material {
			diffuseColor 0.5 0.5 0.5
			emissiveColor 0.5 0.5 0.5
		}
	}
	geometry IndexedLineSet {
		coord Coordinate {
			point [
				10.7721 22.2222 -7.26332,
				10.7721 22.2222 -7.26334,
			]
		}
		coordIndex [
			0, 1, -1
		]
	}
}
#---------- POLYLINE
Shape {
	appearance Appearance {
		material Material {
			diffuseColor 1 0 0
			emissiveColor 1 0 0
		}
	}
	geometry IndexedLineSet {
		coord Coordinate {
			point [
				10.7721 22.2222 -7.26332,
				10.7721 22.2222 -7.26332,
			]
		}
		coordIndex [
			0, 1, -1
		]
	}
}
#---------- POLYLINE
Shape {
	appearance Appearance {
		material Material {
			diffuseColor 1 0 0
			emissiveColor 1 0 0
		}
	}
	geometry IndexedLineSet {
		coord Coordinate {
			point [
				10.7721 22.2222 -7.26332,
				10.7721 22.2222 -7.26332,
			]
		}
		coordIndex [
			0, 1, -1
		]
	}
}
#---------- POLYLINE
Shape {
	appearance Appearance {
		material Material {
			diffuseColor 0.5 0.5 0.5
			emissiveColor 0.5 0.5 0.5
		}
	}
	geometry IndexedLineSet {
		coord Coordinate {
			point [
				6.52948 20.5377 16.939,
			]
		}
		coordIndex [
			0, -1
		]
	}
}
#---------- POLYLINE
Shape {
	appearance Appearance {
		material Material {
			diffuseColor 0 0 1
			emissiveColor 0 0 1
		}
	}
	geometry IndexedLineSet {
		coord Coordinate {
			point [
				6.52948 20.5377 16.939,
				6.50324 20.5618 16.9253,
				6.48114 20.5944 16.9278,
				6.45958 20.6186 16.9449,
				6.44782 20.6353 16.9715,
				6.4349 20.6545 16.9936,
				6.42947 20.6731 17.0171,
				6.42494 20.6909 17.0386,
				6.41789 20.7056 17.0599,
				6.40737 20.7176 17.0797,
				6.39708 20.7298 17.0974,
				6.38444 20.7401 17.112,
				6.37659 20.7427 17.1161,
				6.37482 20.743 17.1167,
				6.37467 20.743 17.1167,
				6.37438 20.7431 17.1168,
				6.37348 20.7434 17.1172,
				6.37303 20.7435 17.1174,
				6.37288 20.7435 17.1175,
				6.37165 20.744 17.1179,
				6.36956 20.7453 17.1187,
				6.36541 20.7474 17.1205,
				6.35812 20.7503 17.1257,
				6.35095 20.7547 17.135,
				6.34513 20.7588 17.1446,
				6.34102 20.7595 17.1526,
				6.3351 20.7598 17.159,
				6.32841 20.7597 17.1639,
				6.322 20.7588 17.1685,
				6.31625 20.7573 17.173,
				6.31004 20.7571 17.1763,
				6.30374 20.7571 17.178,
				6.29782 20.7589 17.1788,
				6.29469 20.7622 17.1821,
				6.27689 20.7776 17.1963,
				6.26163 20.7925 17.2027,
				6.26123 20.793 17.2032,
			]
		}
		coordIndex [
			0, 1, 2, 3, 4, 5, 6, 7, 8, 9, 
			10, 11, 12, 13, 14, 15, 16, 17, 18, 19, 
			20, 21, 22, 23, 24, 25, 26, 27, 28, 29, 
			30, 31, 32, 33, 34, 35, 36, -1
		]
	}
}
#---------- POLYLINE
Shape {
	appearance Appearance {
		material Material {
			diffuseColor 0 1 0
			emissiveColor 0 1 0
		}
	}
	geometry IndexedLineSet {
		coord Coordinate {
			point [
				6.26123 20.793 17.2032,
				28.3724 41.1704 16.4186,
				500 475.817 -0.315921,
			]
		}
		coordIndex [
			0, 1, 2, -1
		]
	}
}
#---------- POLYLINE
Shape {
	appearance Appearance {
		material Material {
			diffuseColor 0 1 0
			emissiveColor 0 1 0
		}
	}
	geometry IndexedLineSet {
		coord Coordinate {
			point [
				6.26123 20.793 17.2032,
				1.17635 16.1069 17.3836,
				5.18723 35.0034 25,
				103.885 500 212.42,
			]
		}
		coordIndex [
			0, 1, 2, 3, -1
		]
	}
}
#---------- POLYLINE
Shape {
	appearance Appearance {
		material Material {
			diffuseColor 0.5 0.5 0.5
			emissiveColor 0.5 0.5 0.5
		}
	}
	geometry IndexedLineSet {
		coord Coordinate {
			point [
				6.52948 20.5377 16.939,
				13.7085 13.9463 17.9909,
				47.1185 -16.7286 22.8863,
				500 -432.536 89.2446,
			]
		}
		coordIndex [
			0, 1, 2, 3, -1
		]
	}
}
#---------- POLYLINE
Shape {
	appearance Appearance {
		material Material {
			diffuseColor 0.5 0.5 0.5
			emissiveColor 0.5 0.5 0.5
		}
	}
	geometry IndexedLineSet {
		coord Coordinate {
			point [
				6.52948 20.5377 16.939,
				6.52948 20.5377 16.939,
			]
		}
		coordIndex [
			0, 1, -1
		]
	}
}
#---------- POLYLINE
Shape {
	appearance Appearance {
		material Material {
			diffuseColor 0.5 0.5 0.5
			emissiveColor 0.5 0.5 0.5
		}
	}
	geometry IndexedLineSet {
		coord Coordinate {
			point [
				6.29683 15.0872 -12.2737,
			]
		}
		coordIndex [
			0, -1
		]
	}
}
#---------- POLYLINE
Shape {
	appearance Appearance {
		material Material {
			diffuseColor 0 0 1
			emissiveColor 0 0 1
		}
	}
	geometry IndexedLineSet {
		coord Coordinate {
			point [
				6.29683 15.0872 -12.2737,
				6.29546 15.0875 -12.2752,
				6.29544 15.0875 -12.2752,
			]
		}
		coordIndex [
			0, 1, 2, -1
		]
	}
}
#---------- POLYLINE
Shape {
	appearance Appearance {
		material Material {
			diffuseColor 0 1 0
			emissiveColor 0 1 0
		}
	}
	geometry IndexedLineSet {
		coord Coordinate {
			point [
				6.29544 15.0875 -12.2752,
				5.00159 17.4259 -17.5771,
				4.5182 18.2995 -19.5578,
				5.04452 17.9657 -19.798,
				5.48738 17.6849 -20,
				16.447 10.7343 -25,
				500 -295.936 -245.608,
			]
		}
		coordIndex [
			0, 1, 2, 3, 4, 5, 6, -1
		]
	}
}
#---------- POLYLINE
Shape {
	appearance Appearance {
		material Material {
			diffuseColor 0 1 0
			emissiveColor 0 1 0
		}
	}
	geometry IndexedLineSet {
		coord Coordinate {
			point [
				6.29544 15.0875 -12.2752,
				7.45142 12.9983 -7.5383,
				15.392 -1.35283 25,
				131.31 -210.853 500,
			]
		}
		coordIndex [
			0, 1, 2, 3, -1
		]
	}
}
#---------- POLYLINE
Shape {
	appearance Appearance {
		material Material {
			diffuseColor 0.5 0.5 0.5
			emissiveColor 0.5 0.5 0.5
		}
	}
	geometry IndexedLineSet {
		coord Coordinate {
			point [
				6.29683 15.0872 -12.2737,
				6.59178 15.5444 -20,
				6.78266 15.8403 -25,
				24.9158 43.9478 -500,
			]
		}
		coordIndex [
			0, 1, 2, 3, -1
		]
	}
}
#---------- POLYLINE
Shape {
	appearance Appearance {
		material Material {
			diffuseColor 0.5 0.5 0.5
			emissiveColor 0.5 0.5 0.5
		}
	}
	geometry IndexedLineSet {
		coord Coordinate {
			point [
				6.29683 15.0872 -12.2737,
				6.29683 15.0872 -12.2737,
			]
		}
		coordIndex [
			0, 1, -1
		]
	}
}
#---------- POLYLINE
Shape {
	appearance Appearance {
		material Material {
			diffuseColor 0.5 0.5 0.5
			emissiveColor 0.5 0.5 0.5
		}
	}
	geometry IndexedLineSet {
		coord Coordinate {
			point [
				13.3378 20.9972 5.33957,
			]
		}
		coordIndex [
			0, -1
		]
	}
}
#---------- POLYLINE
Shape {
	appearance Appearance {
		material Material {
			diffuseColor 0 0 1
			emissiveColor 0 0 1
		}
	}
	geometry IndexedLineSet {
		coord Coordinate {
			point [
				13.3378 20.9972 5.33957,
				13.3216 21.0043 5.33264,
				13.3029 21.0119 5.31876,
				13.2875 21.0189 5.29292,
				13.2738 21.0392 5.27033,
				13.2698 21.0564 5.24625,
				13.2646 21.0691 5.23219,
				13.2608 21.0796 5.22443,
				13.2579 21.0859 5.22011,
				13.2557 21.0899 5.21728,
				13.2543 21.0927 5.21521,
				13.2534 21.0945 5.21376,
				13.2525 21.0956 5.2128,
				13.2515 21.0968 5.2117,
				13.2514 21.097 5.2116,
				13.2513 21.097 5.21153,
				13.2513 21.0971 5.21148,
				13.2512 21.0972 5.21137,
				13.251 21.0975 5.21113,
				13.2509 21.0975 5.21109,
				13.2509 21.0976 5.21103,
				13.2508 21.0977 5.21092,
				13.2502 21.0984 5.21018,
				13.2497 21.0989 5.20967,
				13.2493 21.0994 5.20917,
				13.2487 21.1001 5.20857,
				13.2485 21.1003 5.20829,
				13.2479 21.1011 5.20758,
				13.2473 21.1017 5.20693,
				13.2471 21.1018 5.20674,
				13.2468 21.1023 5.20632,
				13.2467 21.1024 5.20615,
				13.2466 21.1025 5.20605,
				13.2464 21.1027 5.2058,
				13.2464 21.1028 5.2057,
				13.2462 21.1031 5.2054,
				13.2457 21.1038 5.20459,
				13.2456 21.1039 5.20448,
				13.2454 21.1041 5.20419,
				13.2452 21.1045 5.20383,
				13.2451 21.1046 5.20364,
				13.2448 21.1052 5.20304,
				13.2445 21.1055 5.20261,
				13.2445 21.1056 5.20249,
				13.2443 21.1059 5.20218,
				13.2441 21.1061 5.20183,
				13.244 21.1063 5.20157,
				13.2438 21.1066 5.20116,
				13.2436 21.1068 5.20083,
				13.2435 21.107 5.2006,
				13.2433 21.1073 5.2002,
				13.2427 21.108 5.19912,
				13.2421 21.109 5.1979,
				13.2414 21.1101 5.19644,
				13.2408 21.1113 5.19453,
				13.2399 21.1126 5.19216,
				13.2388 21.1142 5.1895,
				13.2376 21.1162 5.18649,
				13.2362 21.1187 5.18296,
				13.2344 21.1215 5.17853,
				13.2323 21.1246 5.17319,
				13.23 21.1281 5.16695,
				13.2258 21.1327 5.16076,
				13.2205 21.1374 5.1545,
				13.2138 21.1418 5.14913,
				13.2067 21.1446 5.14475,
				13.2014 21.1458 5.1413,
				13.1981 21.1466 5.13945,
				13.196 21.1472 5.13843,
				13.1946 21.1475 5.13786,
				13.1943 21.1476 5.13771,
				13.1942 21.1476 5.13767,
				13.194 21.1477 5.13758,
				13.1938 21.1477 5.13752,
				13.1934 21.1478 5.13733,
				13.1932 21.1478 5.13728,
				13.1932 21.1479 5.13727,
				13.1931 21.1479 5.13724,
				13.193 21.1479 5.1372,
				13.1929 21.1479 5.13714,
				13.1928 21.148 5.13709,
				13.1927 21.148 5.13704,
				13.1919 21.1481 5.13671,
				13.1907 21.1483 5.13621,
				13.1901 21.1484 5.13591,
				13.1898 21.1484 5.13582,
				13.1885 21.1486 5.13532,
				13.1864 21.1489 5.13465,
				13.1832 21.1493 5.13411,
				13.1785 21.1504 5.13295,
				13.1716 21.1519 5.13153,
				13.1616 21.154 5.12957,
				13.1486 21.1559 5.12883,
				13.1363 21.1575 5.12982,
				13.1248 21.1586 5.13001,
				13.1141 21.1596 5.13001,
				13.1041 21.1617 5.12977,
				13.0955 21.1638 5.12816,
				13.0874 21.1644 5.12629,
				13.0802 21.1623 5.12409,
				13.0731 21.16 5.12325,
				13.0664 21.1596 5.12514,
				13.06 21.16 5.12751,
				13.0326 21.1645 5.13586,
				13.0195 21.1784 5.14873,
				13.0175 21.1784 5.15024,
				13.0176 21.1785 5.15021,
			]
		}
		coordIndex [
			0, 1, 2, 3, 4, 5, 6, 7, 8, 9, 
			10, 11, 12, 13, 14, 15, 16, 17, 18, 19, 
			20, 21, 22, 23, 24, 25, 26, 27, 28, 29, 
			30, 31, 32, 33, 34, 35, 36, 37, 38, 39, 
			40, 41, 42, 43, 44, 45, 46, 47, 48, 49, 
			50, 51, 52, 53, 54, 55, 56, 57, 58, 59, 
			60, 61, 62, 63, 64, 65, 66, 67, 68, 69, 
			70, 71, 72, 73, 74, 75, 76, 77, 78, 79, 
			80, 81, 82, 83, 84, 85, 86, 87, 88, 89, 
			90, 91, 92, 93, 94, 95, 96, 97, 98, 99, 
			100, 101, 102, 103, 104, 105, 106, -1
		]
	}
}
#---------- POLYLINE
Shape {
	appearance Appearance {
		material Material {
			diffuseColor 0 1 0
			emissiveColor 0 1 0
		}
	}
	geometry IndexedLineSet {
		coord Coordinate {
			point [
				13.0176 21.1785 5.15021,
				10.0789 12.3006 14.8661,
				7.01386 3.04073 25,
				-136.654 -430.992 500,
			]
		}
		coordIndex [
			0, 1, 2, 3, -1
		]
	}
}
#---------- POLYLINE
Shape {
	appearance Appearance {
		material Material {
			diffuseColor 0 1 0
			emissiveColor 0 1 0
		}
	}
	geometry IndexedLineSet {
		coord Coordinate {
			point [
				13.0176 21.1785 5.15021,
				13.0462 21.2649 5.05566,
				21.0236 45.3653 -21.3195,
				165.805 482.761 -500,
			]
		}
		coordIndex [
			0, 1, 2, 3, -1
		]
	}
}
#---------- POLYLINE
Shape {
	appearance Appearance {
		material Material {
			diffuseColor 0.5 0.5 0.5
			emissiveColor 0.5 0.5 0.5
		}
	}
	geometry IndexedLineSet {
		coord Coordinate {
			point [
				13.3378 20.9972 5.33957,
				13.3442 21.0171 5.34217,
				21.1197 45.3206 8.50857,
				166.587 500 67.7467,
			]
		}
		coordIndex [
			0, 1, 2, 3, -1
		]
	}
}
#---------- POLYLINE
Shape {
	appearance Appearance {
		material Material {
			diffuseColor 0.5 0.5 0.5
			emissiveColor 0.5 0.5 0.5
		}
	}
	geometry IndexedLineSet {
		coord Coordinate {
			point [
				13.3378 20.9972 5.33957,
				13.3378 20.9972 5.33958,
			]
		}
		coordIndex [
			0, 1, -1
		]
	}
}
#---------- POLYLINE
Shape {
	appearance Appearance {
		material Material {
			diffuseColor 0.5 0.5 0.5
			emissiveColor 0.5 0.5 0.5
		}
	}
	geometry IndexedLineSet {
		coord Coordinate {
			point [
				12.0079 19.6883 0.189426,
			]
		}
		coordIndex [
			0, -1
		]
	}
}
#---------- POLYLINE
Shape {
	appearance Appearance {
		material Material {
			diffuseColor 0 0 1
			emissiveColor 0 0 1
		}
	}
	geometry IndexedLineSet {
		coord Coordinate {
			point [
				12.0079 19.6883 0.189426,
				12.0368 19.6504 0.275051,
				12.0634 19.609 0.344048,
				12.0743 19.5441 0.368178,
				12.0485 19.5112 0.395618,
				12.0091 19.5093 0.412063,
				12.0094 19.5432 0.403015,
				11.9988 19.5658 0.408125,
				11.9967 19.5682 0.407485,
				11.9965 19.5682 0.407695,
			]
		}
		coordIndex [
			0, 1, 2, 3, 4, 5, 6, 7, 8, 9, -1
		]
	}
}
#---------- POLYLINE
Shape {
	appearance Appearance {
		material Material {
			diffuseColor 0 1 0
			emissiveColor 0 1 0
		}
	}
	geometry IndexedLineSet {
		coord Coordinate {
			point [
				11.9965 19.5682 0.407695,
				7.90802 21.8413 2.29624,
				7.42898 22.1077 2.51751,
				-10.1659 31.7986 6.09746,
				1.49464 29.7765 3.92195,
				-13.1612 48.2367 4.70292,
				-371.822 500 23.8151,
			]
		}
		coordIndex [
			0, 1, 2, 3, 4, 5, 6, -1
		]
	}
}
#---------- POLYLINE
Shape {
	appearance Appearance {
		material Material {
			diffuseColor 0 1 0
			emissiveColor 0 1 0
		}
	}
	geometry IndexedLineSet {
		coord Coordinate {
			point [
				11.9965 19.5682 0.407695,
				14.9614 17.9198 -0.961873,
				49.9761 -1.54739 -17.1358,
				500 -251.749 -225.01,
			]
		}
		coordIndex [
			0, 1, 2, 3, -1
		]
	}
}
#---------- POLYLINE
Shape {
	appearance Appearance {
		material Material {
			diffuseColor 0.5 0.5 0.5
			emissiveColor 0.5 0.5 0.5
		}
	}
	geometry IndexedLineSet {
		coord Coordinate {
			point [
				12.0079 19.6883 0.189426,
				14.0971 20.166 -2.50413,
				31.5452 24.1558 -25,
				399.963 108.399 -500,
			]
		}
		coordIndex [
			0, 1, 2, 3, -1
		]
	}
}
#---------- POLYLINE
Shape {
	appearance Appearance {
		material Material {
			diffuseColor 0.5 0.5 0.5
			emissiveColor 0.5 0.5 0.5
		}
	}
	geometry IndexedLineSet {
		coord Coordinate {
			point [
				12.0079 19.6883 0.189426,
				12.0079 19.6883 0.189425,
			]
		}
		coordIndex [
			0, 1, -1
		]
	}
}
#---------- POLYLINE
Shape {
	appearance Appearance {
		material Material {
			diffuseColor 0.5 0.5 0.5
			emissiveColor 0.5 0.5 0.5
		}
	}
	geometry IndexedLineSet {
		coord Coordinate {
			point [
				11.818 17.8833 -15.0103,
			]
		}
		coordIndex [
			0, -1
		]
	}
}
#---------- POLYLINE
Shape {
	appearance Appearance {
		material Material {
			diffuseColor 0 0 1
			emissiveColor 0 0 1
		}
	}
	geometry IndexedLineSet {
		coord Coordinate {
			point [
				11.818 17.8833 -15.0103,
				11.9494 17.6274 -15.177,
				12.0324 17.4822 -15.3648,
				12.0782 17.3453 -15.5152,
				12.1157 17.4542 -15.6496,
				12.019 17.4135 -15.7319,
				11.927 17.3866 -15.6722,
				11.8678 17.407 -15.603,
				11.8352 17.4532 -15.555,
				11.8165 17.4665 -15.4958,
				11.8016 17.4592 -15.4412,
				11.7834 17.4188 -15.4227,
				11.7918 17.3989 -15.4055,
				11.7995 17.3849 -15.3885,
				11.7896 17.3908 -15.3851,
				11.7893 17.3912 -15.3851,
			]
		}
		coordIndex [
			0, 1, 2, 3, 4, 5, 6, 7, 8, 9, 
			10, 11, 12, 13, 14, 15, -1
		]
	}
}
#---------- POLYLINE
Shape {
	appearance Appearance {
		material Material {
			diffuseColor 0 1 0
			emissiveColor 0 1 0
		}
	}
	geometry IndexedLineSet {
		coord Coordinate {
			point [
				11.7893 17.3912 -15.3851,
				5.11098 18.3476 -8.5394,
				-0.970369 19.2185 -2.30561,
				-5.19371 18.6783 1.12012,
				-14.9985 17.4242 9.07315,
				-34.6336 14.9127 25,
				-500 -44.611 402.478,
			]
		}
		coordIndex [
			0, 1, 2, 3, 4, 5, 6, -1
		]
	}
}
#---------- POLYLINE
Shape {
	appearance Appearance {
		material Material {
			diffuseColor 0 1 0
			emissiveColor 0 1 0
		}
	}
	geometry IndexedLineSet {
		coord Coordinate {
			point [
				11.7893 17.3912 -15.3851,
				14.9865 16.9334 -18.6625,
				21.169 16.048 -25,
				484.553 -50.31 -500,
			]
		}
		coordIndex [
			0, 1, 2, 3, -1
		]
	}
}
#---------- POLYLINE
Shape {
	appearance Appearance {
		material Material {
			diffuseColor 0.5 0.5 0.5
			emissiveColor 0.5 0.5 0.5
		}
	}
	geometry IndexedLineSet {
		coord Coordinate {
			point [
				11.818 17.8833 -15.0103,
				14.9595 17.9354 -18.3543,
				21.2024 18.0391 -25,
				467.42 25.4449 -500,
			]
		}
		coordIndex [
			0, 1, 2, 3, -1
		]
	}
}
#---------- POLYLINE
Shape {
	appearance Appearance {
		material Material {
			diffuseColor 0.5 0.5 0.5
			emissiveColor 0.5 0.5 0.5
		}
	}
	geometry IndexedLineSet {
		coord Coordinate {
			point [
				11.818 17.8833 -15.0103,
				11.818 17.8833 -15.0103,
			]
		}
		coordIndex [
			0, 1, -1
		]
	}
}
#---------- POLYLINE
Shape {
	appearance Appearance {
		material Material {
			diffuseColor 0.5 0.5 0.5
			emissiveColor 0.5 0.5 0.5
		}
	}
	geometry IndexedLineSet {
		coord Coordinate {
			point [
				7.09393 16.5606 -17.0356,
			]
		}
		coordIndex [
			0, -1
		]
	}
}
#---------- POLYLINE
Shape {
	appearance Appearance {
		material Material {
			diffuseColor 0 0 1
			emissiveColor 0 0 1
		}
	}
	geometry IndexedLineSet {
		coord Coordinate {
			point [
				7.09393 16.5606 -17.0356,
				7.07664 16.608 -17.0394,
				7.06205 16.6227 -17.0598,
				7.05287 16.6209 -17.0821,
				7.06185 16.6101 -17.0949,
				7.0624 16.6103 -17.0943,
			]
		}
		coordIndex [
			0, 1, 2, 3, 4, 5, -1
		]
	}
}
#---------- POLYLINE
Shape {
	appearance Appearance {
		material Material {
			diffuseColor 0 1 0
			emissiveColor 0 1 0
		}
	}
	geometry IndexedLineSet {
		coord Coordinate {
			point [
				7.0624 16.6103 -17.0943,
				8.38186 22.0309 -15.1091,
				14.6554 47.804 -5.66996,
				124.727 500 159.942,
			]
		}
		coordIndex [
			0, 1, 2, 3, -1
		]
	}
}
#---------- POLYLINE
Shape {
	appearance Appearance {
		material Material {
			diffuseColor 0 1 0
			emissiveColor 0 1 0
		}
	}
	geometry IndexedLineSet {
		coord Coordinate {
			point [
				7.0624 16.6103 -17.0943,
				6.38856 13.842 -18.1082,
				1.808 -4.97576 -25,
				-118.689 -500 -206.298,
			]
		}
		coordIndex [
			0, 1, 2, 3, -1
		]
	}
}
#---------- POLYLINE
Shape {
	appearance Appearance {
		material Material {
			diffuseColor 0.5 0.5 0.5
			emissiveColor 0.5 0.5 0.5
		}
	}
	geometry IndexedLineSet {
		coord Coordinate {
			point [
				7.09393 16.5606 -17.0356,
				5.06968 18.1318 -14.9661,
				-26.3308 42.5052 17.1356,
				-498.647 409.122 500,
			]
		}
		coordIndex [
			0, 1, 2, 3, -1
		]
	}
}
#---------- POLYLINE
Shape {
	appearance Appearance {
		material Material {
			diffuseColor 0.5 0.5 0.5
			emissiveColor 0.5 0.5 0.5
		}
	}
	geometry IndexedLineSet {
		coord Coordinate {
			point [
				7.09393 16.5606 -17.0356,
				7.09393 16.5606 -17.0356,
			]
		}
		coordIndex [
			0, 1, -1
		]
	}
}
#---------- POLYLINE
Shape {
	appearance Appearance {
		material Material {
			diffuseColor 0.5 0.5 0.5
			emissiveColor 0.5 0.5 0.5
		}
	}
	geometry IndexedLineSet {
		coord Coordinate {
			point [
				9.52544 15.4551 -7.38901,
			]
		}
		coordIndex [
			0, -1
		]
	}
}
#---------- POLYLINE
Shape {
	appearance Appearance {
		material Material {
			diffuseColor 0 0 1
			emissiveColor 0 0 1
		}
	}
	geometry IndexedLineSet {
		coord Coordinate {
			point [
				9.52544 15.4551 -7.38901,
				9.51397 15.431 -7.41437,
				9.51168 15.425 -7.38416,
				9.51941 15.4188 -7.36383,
				9.53528 15.4235 -7.36112,
				9.53589 15.4228 -7.36101,
			]
		}
		coordIndex [
			0, 1, 2, 3, 4, 5, -1
		]
	}
}
#---------- POLYLINE
Shape {
	appearance Appearance {
		material Material {
			diffuseColor 0 1 0
			emissiveColor 0 1 0
		}
	}
	geometry IndexedLineSet {
		coord Coordinate {
			point [
				9.53589 15.4228 -7.36101,
				7.9878 12.7228 -7.35704,
				2.9906 4.00703 -7.34423,
				-1.94728 -4.60523 -7.33156,
				-6.95295 -13.3357 -7.31873,
				-11.8819 -21.9323 -7.30609,
				-24.3464 -43.6721 -7.27412,
				-285.984 -500 -6.60315,
			]
		}
		coordIndex [
			0, 1, 2, 3, 4, 5, 6, 7, -1
		]
	}
}
#---------- POLYLINE
Shape {
	appearance Appearance {
		material Material {
			diffuseColor 0 1 0
			emissiveColor 0 1 0
		}
	}
	geometry IndexedLineSet {
		coord Coordinate {
			point [
				9.53589 15.4228 -7.36101,
				12.9336 21.3489 -7.36973,
				25.3898 43.0739 -7.40167,
				287.37 500 -8.07353,
			]
		}
		coordIndex [
			0, 1, 2, 3, -1
		]
	}
}
#---------- POLYLINE
Shape {
	appearance Appearance {
		material Material {
			diffuseColor 0.5 0.5 0.5
			emissiveColor 0.5 0.5 0.5
		}
	}
	geometry IndexedLineSet {
		coord Coordinate {
			point [
				9.52544 15.4551 -7.38901,
				10.9063 12.3828 -6.98594,
				15.4961 2.17146 -5.64624,
				18.6341 -4.80981 -4.73032,
				33.2548 -37.3379 -0.462739,
				241.211 -500 60.237,
			]
		}
		coordIndex [
			0, 1, 2, 3, 4, 5, -1
		]
	}
}
#---------- POLYLINE
Shape {
	appearance Appearance {
		material Material {
			diffuseColor 0.5 0.5 0.5
			emissiveColor 0.5 0.5 0.5
		}
	}
	geometry IndexedLineSet {
		coord Coordinate {
			point [
				9.52544 15.4551 -7.38901,
				9.52544 15.4551 -7.38901,
			]
		}
		coordIndex [
			0, 1, -1
		]
	}
}
#---------- POLYLINE
Shape {
	appearance Appearance {
		material Material {
			diffuseColor 0.5 0.5 0.5
			emissiveColor 0.5 0.5 0.5
		}
	}
	geometry IndexedLineSet {
		coord Coordinate {
			point [
				10.4136 21.1444 14.173,
			]
		}
		coordIndex [
			0, -1
		]
	}
}
#---------- POLYLINE
Shape {
	appearance Appearance {
		material Material {
			diffuseColor 0 0 1
			emissiveColor 0 0 1
		}
	}
	geometry IndexedLineSet {
		coord Coordinate {
			point [
				10.4136 21.1444 14.173,
				10.4563 21.1047 14.1327,
				10.4934 21.0854 14.0956,
				10.5281 21.0787 14.0666,
				10.5547 21.0589 14.054,
				10.5608 21.0355 14.0376,
				10.5806 21.0244 14.033,
				10.5951 21.0264 14.0372,
				10.596 21.0262 14.0385,
				10.596 21.0263 14.0385,
			]
		}
		coordIndex [
			0, 1, 2, 3, 4, 5, 6, 7, 8, 9, -1
		]
	}
}
#---------- POLYLINE
Shape {
	appearance Appearance {
		material Material {
			diffuseColor 0 1 0
			emissiveColor 0 1 0
		}
	}
	geometry IndexedLineSet {
		coord Coordinate {
			point [
				10.596 21.0263 14.0385,
				14.7967 15.8886 14.8276,
				17.8363 12.1709 15.3985,
				30.1041 39.9217 2.99825,
				233.493 500 -202.585,
			]
		}
		coordIndex [
			0, 1, 2, 3, 4, -1
		]
	}
}
#---------- POLYLINE
Shape {
	appearance Appearance {
		material Material {
			diffuseColor 0 1 0
			emissiveColor 0 1 0
		}
	}
	geometry IndexedLineSet {
		coord Coordinate {
			point [
				10.596 21.0263 14.0385,
				9.56973 22.2815 13.8458,
				-11.9156 48.5594 9.81009,
				-381.021 500 -59.5205,
			]
		}
		coordIndex [
			0, 1, 2, 3, -1
		]
	}
}
#---------- POLYLINE
Shape {
	appearance Appearance {
		material Material {
			diffuseColor 0.5 0.5 0.5
			emissiveColor 0.5 0.5 0.5
		}
	}
	geometry IndexedLineSet {
		coord Coordinate {
			point [
				10.4136 21.1444 14.173,
				5.76105 14.6483 6.65664,
				-1.26596 4.83708 -4.69563,
				-4.98713 -0.358501 -10.7073,
				-13.8343 -12.7111 -25,
				-307.857 -423.232 -500,
			]
		}
		coordIndex [
			0, 1, 2, 3, 4, 5, -1
		]
	}
}
#---------- POLYLINE
Shape {
	appearance Appearance {
		material Material {
			diffuseColor 0.5 0.5 0.5
			emissiveColor 0.5 0.5 0.5
		}
	}
	geometry IndexedLineSet {
		coord Coordinate {
			point [
				10.4136 21.1444 14.173,
				10.4136 21.1444 14.173,
			]
		}
		coordIndex [
			0, 1, -1
		]
	}
}
#---------- POLYLINE
Shape {
	appearance Appearance {
		material Material {
			diffuseColor 0.5 0.5 0.5
			emissiveColor 0.5 0.5 0.5
		}
	}
	geometry IndexedLineSet {
		coord Coordinate {
			point [
				8.48218 18.0869 13.7087,
			]
		}
		coordIndex [
			0, -1
		]
	}
}
#---------- POLYLINE
Shape {
	appearance Appearance {
		material Material {
			diffuseColor 0 0 1
			emissiveColor 0 0 1
		}
	}
	geometry IndexedLineSet {
		coord Coordinate {
			point [
				8.48218 18.0869 13.7087,
				8.47901 18.0869 13.7132,
			]
		}
		coordIndex [
			0, 1, -1
		]
	}
}
#---------- POLYLINE
Shape {
	appearance Appearance {
		material Material {
			diffuseColor 0 1 0
			emissiveColor 0 1 0
		}
	}
	geometry IndexedLineSet {
		coord Coordinate {
			point [
				8.47901 18.0869 13.7132,
				5.41384 15.3082 15.3241,
				-12.9972 -1.38182 25,
				-500 -442.863 280.944,
			]
		}
		coordIndex [
			0, 1, 2, 3, -1
		]
	}
}
#---------- POLYLINE
Shape {
	appearance Appearance {
		material Material {
			diffuseColor 0 1 0
			emissiveColor 0 1 0
		}
	}
	geometry IndexedLineSet {
		coord Coordinate {
			point [
				8.47901 18.0869 13.7132,
				12.4308 21.6693 11.6363,
				31.4264 38.8893 1.65324,
				500 463.664 -244.605,
			]
		}
		coordIndex [
			0, 1, 2, 3, -1
		]
	}
}
#---------- POLYLINE
Shape {
	appearance Appearance {
		material Material {
			diffuseColor 0.5 0.5 0.5
			emissiveColor 0.5 0.5 0.5
		}
	}
	geometry IndexedLineSet {
		coord Coordinate {
			point [
				8.48218 18.0869 13.7087,
				7.66845 12.8769 19.469,
				6.88713 7.87435 25,
				-60.2133 -421.745 500,
			]
		}
		coordIndex [
			0, 1, 2, 3, -1
		]
	}
}
#---------- POLYLINE
Shape {
	appearance Appearance {
		material Material {
			diffuseColor 0.5 0.5 0.5
			emissiveColor 0.5 0.5 0.5
		}
	}
	geometry IndexedLineSet {
		coord Coordinate {
			point [
				8.48218 18.0869 13.7087,
				8.48219 18.0869 13.7087,
			]
		}
		coordIndex [
			0, 1, -1
		]
	}
}
#---------- POLYLINE
Shape {
	appearance Appearance {
		material Material {
			diffuseColor 0.5 0.5 0.5
			emissiveColor 0.5 0.5 0.5
		}
	}
	geometry IndexedLineSet {
		coord Coordinate {
			point [
				-5.91694 18.4033 -6.12755,
			]
		}
		coordIndex [
			0, -1
		]
	}
}
#---------- POLYLINE
Shape {
	appearance Appearance {
		material Material {
			diffuseColor 0 0 1
			emissiveColor 0 0 1
		}
	}
	geometry IndexedLineSet {
		coord Coordinate {
			point [
				-5.91694 18.4033 -6.12755,
				-5.90856 18.3685 -6.10133,
				-5.91659 18.3459 -6.0757,
				-5.91628 18.324 -6.06366,
				-5.9083 18.3181 -6.04609,
				-5.90556 18.3153 -6.04735,
				-5.90547 18.3153 -6.04732,
			]
		}
		coordIndex [
			0, 1, 2, 3, 4, 5, 6, -1
		]
	}
}
#---------- POLYLINE
Shape {
	appearance Appearance {
		material Material {
			diffuseColor 0 1 0
			emissiveColor 0 1 0
		}
	}
	geometry IndexedLineSet {
		coord Coordinate {
			point [
				-5.90547 18.3153 -6.04732,
				-5.28798 18.9724 -4.4343,
				5.97994 30.9629 25,
				187.817 224.462 500,
			]
		}
		coordIndex [
			0, 1, 2, 3, -1
		]
	}
}
#---------- POLYLINE
Shape {
	appearance Appearance {
		material Material {
			diffuseColor 0 1 0
			emissiveColor 0 1 0
		}
	}
	geometry IndexedLineSet {
		coord Coordinate {
			point [
				-5.90547 18.3153 -6.04732,
				-11.2468 12.6314 -20,
				-13.1609 10.5946 -25,
				-194.998 -182.904 -500,
			]
		}
		coordIndex [
			0, 1, 2, 3, -1
		]
	}
}
#---------- POLYLINE
Shape {
	appearance Appearance {
		material Material {
			diffuseColor 0.5 0.5 0.5
			emissiveColor 0.5 0.5 0.5
		}
	}
	geometry IndexedLineSet {
		coord Coordinate {
			point [
				-5.91694 18.4033 -6.12755,
				-12.713 21.5 -18.7483,
				-16.0794 23.0339 -25,
				-271.859 139.579 -500,
			]
		}
		coordIndex [
			0, 1, 2, 3, -1
		]
	}
}
#---------- POLYLINE
Shape {
	appearance Appearance {
		material Material {
			diffuseColor 0.5 0.5 0.5
			emissiveColor 0.5 0.5 0.5
		}
	}
	geometry IndexedLineSet {
		coord Coordinate {
			point [
				-5.91694 18.4033 -6.12755,
				-5.91694 18.4033 -6.12755,
			]
		}
		coordIndex [
			0, 1, -1
		]
	}
}
#---------- POLYLINE
Shape {
	appearance Appearance {
		material Material {
			diffuseColor 0.5 0.5 0.5
			emissiveColor 0.5 0.5 0.5
		}
	}
	geometry IndexedLineSet {
		coord Coordinate {
			point [
				-6.76227 17.9832 13.7881,
			]
		}
		coordIndex [
			0, -1
		]
	}
}
#---------- POLYLINE
Shape {
	appearance Appearance {
		material Material {
			diffuseColor 0 0 1
			emissiveColor 0 0 1
		}
	}
	geometry IndexedLineSet {
		coord Coordinate {
			point [
				-6.76227 17.9832 13.7881,
				-6.54571 17.9412 13.8666,
				-6.4037 18.0012 13.9835,
				-6.37209 18.1098 14.0945,
				-6.42736 18.2083 14.1637,
				-6.44727 18.3133 14.1821,
				-6.4847 18.2441 14.2256,
				-6.49054 18.185 14.2756,
				-6.47368 18.1439 14.3211,
				-6.45851 18.1262 14.3662,
				-6.47373 18.0874 14.3779,
				-6.45601 18.0624 14.3889,
				-6.46039 18.0554 14.411,
				-6.46856 18.0545 14.416,
				-6.46857 18.0551 14.4159,
			]
		}
		coordIndex [
			0, 1, 2, 3, 4, 5, 6, 7, 8, 9, 
			10, 11, 12, 13, 14, -1
		]
	}
}
#---------- POLYLINE
Shape {
	appearance Appearance {
		material Material {
			diffuseColor 0 1 0
			emissiveColor 0 1 0
		}
	}
	geometry IndexedLineSet {
		coord Coordinate {
			point [
				-6.46857 18.0551 14.4159,
				-5.77292 19.9705 15.94,
				-1.63747 31.3573 25,
				168.564 500 397.881,
			]
		}
		coordIndex [
			0, 1, 2, 3, -1
		]
	}
}
#---------- POLYLINE
Shape {
	appearance Appearance {
		material Material {
			diffuseColor 0 1 0
			emissiveColor 0 1 0
		}
	}
	geometry IndexedLineSet {
		coord Coordinate {
			point [
				-6.46857 18.0551 14.4159,
				-8.47181 12.5393 10.0272,
				-24.46 -31.4835 -25,
				-194.616 -500 -397.781,
			]
		}
		coordIndex [
			0, 1, 2, 3, -1
		]
	}
}
#---------- POLYLINE
Shape {
	appearance Appearance {
		material Material {
			diffuseColor 0.5 0.5 0.5
			emissiveColor 0.5 0.5 0.5
		}
	}
	geometry IndexedLineSet {
		coord Coordinate {
			point [
				-6.76227 17.9832 13.7881,
				-6.17047 20.5148 14.0283,
				0.721034 49.9948 16.8249,
				105.918 500 59.5156,
			]
		}
		coordIndex [
			0, 1, 2, 3, -1
		]
	}
}
#---------- POLYLINE
Shape {
	appearance Appearance {
		material Material {
			diffuseColor 0.5 0.5 0.5
			emissiveColor 0.5 0.5 0.5
		}
	}
	geometry IndexedLineSet {
		coord Coordinate {
			point [
				-6.76227 17.9832 13.7881,
				-6.76228 17.9832 13.7881,
			]
		}
		coordIndex [
			0, 1, -1
		]
	}
}
#---------- POLYLINE
Shape {
	appearance Appearance {
		material Material {
			diffuseColor 0.5 0.5 0.5
			emissiveColor 0.5 0.5 0.5
		}
	}
	geometry IndexedLineSet {
		coord Coordinate {
			point [
				-12.6582 16.5137 14.2303,
			]
		}
		coordIndex [
			0, -1
		]
	}
}
#---------- POLYLINE
Shape {
	appearance Appearance {
		material Material {
			diffuseColor 0 0 1
			emissiveColor 0 0 1
		}
	}
	geometry IndexedLineSet {
		coord Coordinate {
			point [
				-12.6582 16.5137 14.2303,
				-12.7705 16.6216 14.351,
				-12.8411 16.6595 14.5013,
				-12.8324 16.6972 14.629,
				-12.8817 16.6759 14.7231,
				-12.9307 16.7034 14.7895,
				-12.9851 16.6858 14.836,
				-13.0359 16.6622 14.8379,
				-13.0795 16.6498 14.8516,
				-13.1076 16.6265 14.8489,
				-13.1287 16.6034 14.8505,
				-13.1486 16.619 14.8557,
				-13.1588 16.6369 14.8525,
				-13.161 16.644 14.848,
			]
		}
		coordIndex [
			0, 1, 2, 3, 4, 5, 6, 7, 8, 9, 
			10, 11, 12, 13, -1
		]
	}
}
#---------- POLYLINE
Shape {
	appearance Appearance {
		material Material {
			diffuseColor 0 1 0
			emissiveColor 0 1 0
		}
	}
	geometry IndexedLineSet {
		coord Coordinate {
			point [
				-13.161 16.644 14.848,
				-14.1063 17.9343 18.8065,
				-14.8185 18.6348 19.9557,
				-17.9448 21.7096 25,
				-312.331 311.249 500,
			]
		}
		coordIndex [
			0, 1, 2, 3, 4, -1
		]
	}
}
#---------- POLYLINE
Shape {
	appearance Appearance {
		material Material {
			diffuseColor 0 1 0
			emissiveColor 0 1 0
		}
	}
	geometry IndexedLineSet {
		coord Coordinate {
			point [
				-13.161 16.644 14.848,
				-9.97839 12.3 1.52169,
				-3.64453 3.65484 -25,
				109.794 -151.18 -500,
			]
		}
		coordIndex [
			0, 1, 2, 3, -1
		]
	}
}
#---------- POLYLINE
Shape {
	appearance Appearance {
		material Material {
			diffuseColor 0.5 0.5 0.5
			emissiveColor 0.5 0.5 0.5
		}
	}
	geometry IndexedLineSet {
		coord Coordinate {
			point [
				-12.6582 16.5137 14.2303,
				-12.2276 12.8236 15.4913,
				-8.98065 -15.0024 25,
				47.6124 -500 190.733,
			]
		}
		coordIndex [
			0, 1, 2, 3, -1
		]
	}
}
#---------- POLYLINE
Shape {
	appearance Appearance {
		material Material {
			diffuseColor 0.5 0.5 0.5
			emissiveColor 0.5 0.5 0.5
		}
	}
	geometry IndexedLineSet {
		coord Coordinate {
			point [
				-12.6582 16.5137 14.2303,
				-12.6582 16.5137 14.2303,
			]
		}
		coordIndex [
			0, 1, -1
		]
	}
}
#---------- POLYLINE
Shape {
	appearance Appearance {
		material Material {
			diffuseColor 0.5 0.5 0.5
			emissiveColor 0.5 0.5 0.5
		}
	}
	geometry IndexedLineSet {
		coord Coordinate {
			point [
				-8.68282 21.1909 0.751286,
			]
		}
		coordIndex [
			0, -1
		]
	}
}
#---------- POLYLINE
Shape {
	appearance Appearance {
		material Material {
			diffuseColor 0 0 1
			emissiveColor 0 0 1
		}
	}
	geometry IndexedLineSet {
		coord Coordinate {
			point [
				-8.68282 21.1909 0.751286,
				-8.644 21.1143 0.708205,
				-8.6606 21.072 0.638073,
				-8.66756 21.0175 0.596416,
				-8.64009 20.9743 0.568983,
				-8.65633 20.984 0.52153,
				-8.69225 20.9916 0.497023,
				-8.72038 21.0124 0.490582,
				-8.73921 21.027 0.483204,
				-8.73317 21.0292 0.475332,
				-8.72697 21.0372 0.479177,
				-8.72667 21.0372 0.479471,
			]
		}
		coordIndex [
			0, 1, 2, 3, 4, 5, 6, 7, 8, 9, 
			10, 11, -1
		]
	}
}
#---------- POLYLINE
Shape {
	appearance Appearance {
		material Material {
			diffuseColor 0 1 0
			emissiveColor 0 1 0
		}
	}
	geometry IndexedLineSet {
		coord Coordinate {
			point [
				-8.72667 21.0372 0.479471,
				-7.52509 21.6445 -0.24532,
				13.2531 32.1455 -12.7786,
				26.6696 39.4187 -25,
				500 296.015 -456.167,
			]
		}
		coordIndex [
			0, 1, 2, 3, 4, -1
		]
	}
}
#---------- POLYLINE
Shape {
	appearance Appearance {
		material Material {
			diffuseColor 0 1 0
			emissiveColor 0 1 0
		}
	}
	geometry IndexedLineSet {
		coord Coordinate {
			point [
				-8.72667 21.0372 0.479471,
				-14.9658 17.8841 4.24286,
				-49.3777 0.492788 25,
				-500 -227.245 296.813,
			]
		}
		coordIndex [
			0, 1, 2, 3, -1
		]
	}
}
#---------- POLYLINE
Shape {
	appearance Appearance {
		material Material {
			diffuseColor 0 1 0
			emissiveColor 0 1 0
		}
	}
	geometry IndexedLineSet {
		coord Coordinate {
			point [
				-8.73317 21.0292 0.475332,
				-8.73227 21.2297 0.611141,
			]
		}
		coordIndex [
			0, 1, -1
		]
	}
}
#---------- POLYLINE
Shape {
	appearance Appearance {
		material Material {
			diffuseColor 0.5 0.5 0.5
			emissiveColor 0.5 0.5 0.5
		}
	}
	geometry IndexedLineSet {
		coord Coordinate {
			point [
				-8.68282 21.1909 0.751286,
				-5.00357 17.4888 1.68708,
				40.9255 -28.7246 13.3688,
				500 -490.642 130.131,
			]
		}
		coordIndex [
			0, 1, 2, 3, -1
		]
	}
}
#---------- POLYLINE
Shape {
	appearance Appearance {
		material Material {
			diffuseColor 0.5 0.5 0.5
			emissiveColor 0.5 0.5 0.5
		}
	}
	geometry IndexedLineSet {
		coord Coordinate {
			point [
				-8.68282 21.1909 0.751286,
				-8.68283 21.1909 0.751289,
			]
		}
		coordIndex [
			0, 1, -1
		]
	}
}
#---------- POLYLINE
Shape {
	appearance Appearance {
		material Material {
			diffuseColor 0.5 0.5 0.5
			emissiveColor 0.5 0.5 0.5
		}
	}
	geometry IndexedLineSet {
		coord Coordinate {
			point [
				-8.62188 15.0631 -10.0337,
			]
		}
		coordIndex [
			0, -1
		]
	}
}
#---------- POLYLINE
Shape {
	appearance Appearance {
		material Material {
			diffuseColor 0 0 1
			emissiveColor 0 0 1
		}
	}
	geometry IndexedLineSet {
		coord Coordinate {
			point [
				-8.62188 15.0631 -10.0337,
				-8.45345 14.9245 -10.1781,
				-8.45465 14.7789 -10.3406,
				-8.42351 14.6744 -10.4877,
				-8.34467 14.6045 -10.6058,
				-8.27114 14.535 -10.68,
				-8.22422 14.4489 -10.7202,
				-8.16969 14.3881 -10.7032,
				-8.16144 14.3177 -10.7109,
				-8.19106 14.269 -10.7245,
				-8.15077 14.2387 -10.7282,
				-8.11911 14.2149 -10.7323,
				-8.10115 14.1863 -10.7334,
				-8.09187 14.1901 -10.7591,
				-8.08622 14.2091 -10.7612,
				-8.08521 14.2065 -10.7604,
				-8.08532 14.2065 -10.7605,
			]
		}
		coordIndex [
			0, 1, 2, 3, 4, 5, 6, 7, 8, 9, 
			10, 11, 12, 13, 14, 15, 16, -1
		]
	}
}
#---------- POLYLINE
Shape {
	appearance Appearance {
		material Material {
			diffuseColor 0 1 0
			emissiveColor 0 1 0
		}
	}
	geometry IndexedLineSet {
		coord Coordinate {
			point [
				-8.08532 14.2065 -10.7605,
				-14.9998 17.2514 -15.1325,
				-27.8691 22.9185 -23.2698,
				-39.3817 30.8072 -19.9298,
				-500 346.435 113.705,
			]
		}
		coordIndex [
			0, 1, 2, 3, 4, -1
		]
	}
}
#---------- POLYLINE
Shape {
	appearance Appearance {
		material Material {
			diffuseColor 0 1 0
			emissiveColor 0 1 0
		}
	}
	geometry IndexedLineSet {
		coord Coordinate {
			point [
				-8.08532 14.2065 -10.7605,
				-6.66023 13.579 -9.85937,
				16.3693 3.43772 4.70223,
				24.9872 -0.357263 10.1514,
				48.4707 -10.6984 25,
				500 -209.534 310.503,
			]
		}
		coordIndex [
			0, 1, 2, 3, 4, 5, -1
		]
	}
}
#---------- POLYLINE
Shape {
	appearance Appearance {
		material Material {
			diffuseColor 0.5 0.5 0.5
			emissiveColor 0.5 0.5 0.5
		}
	}
	geometry IndexedLineSet {
		coord Coordinate {
			point [
				-8.62188 15.0631 -10.0337,
				-5.02268 16.8243 -7.59168,
				34.5183 36.173 19.2364,
				500 263.948 335.061,
			]
		}
		coordIndex [
			0, 1, 2, 3, -1
		]
	}
}
#---------- POLYLINE
Shape {
	appearance Appearance {
		material Material {
			diffuseColor 0.5 0.5 0.5
			emissiveColor 0.5 0.5 0.5
		}
	}
	geometry IndexedLineSet {
		coord Coordinate {
			point [
				-8.62188 15.0631 -10.0337,
				-8.62189 15.0631 -10.0337,
			]
		}
		coordIndex [
			0, 1, -1
		]
	}
}
#---------- POLYLINE
Shape {
	appearance Appearance {
		material Material {
			diffuseColor 0.5 0.5 0.5
			emissiveColor 0.5 0.5 0.5
		}
	}
	geometry IndexedLineSet {
		coord Coordinate {
			point [
				-7.81443 20.2366 -12.6501,
			]
		}
		coordIndex [
			0, -1
		]
	}
}
#---------- POLYLINE
Shape {
	appearance Appearance {
		material Material {
			diffuseColor 0 0 1
			emissiveColor 0 0 1
		}
	}
	geometry IndexedLineSet {
		coord Coordinate {
			point [
				-7.81443 20.2366 -12.6501,
				-7.5553 20.2818 -12.6224,
				-7.34305 20.2633 -12.5504,
				-7.1983 20.1849 -12.454,
				-7.0847 20.1396 -12.373,
				-6.97083 20.1546 -12.3442,
				-6.90209 20.1455 -12.4123,
				-6.84157 20.1431 -12.4631,
				-6.83378 20.1717 -12.5209,
				-6.82705 20.2158 -12.5508,
				-6.82985 20.2334 -12.5868,
				-6.82908 20.2453 -12.6173,
				-6.8297 20.2462 -12.6188,
				-6.82973 20.2462 -12.6187,
			]
		}
		coordIndex [
			0, 1, 2, 3, 4, 5, 6, 7, 8, 9, 
			10, 11, 12, 13, -1
		]
	}
}
#---------- POLYLINE
Shape {
	appearance Appearance {
		material Material {
			diffuseColor 0 1 0
			emissiveColor 0 1 0
		}
	}
	geometry IndexedLineSet {
		coord Coordinate {
			point [
				-6.82973 20.2462 -12.6187,
				-5.93277 20.2082 -12.8554,
				5.62398 19.7188 -15.9042,
				14.5648 19.3401 -18.2629,
				16.7755 19.2465 -18.8461,
				22.8304 20.3557 -25,
				490.189 105.971 -500,
			]
		}
		coordIndex [
			0, 1, 2, 3, 4, 5, 6, -1
		]
	}
}
#---------- POLYLINE
Shape {
	appearance Appearance {
		material Material {
			diffuseColor 0 1 0
			emissiveColor 0 1 0
		}
	}
	geometry IndexedLineSet {
		coord Coordinate {
			point [
				-6.82973 20.2462 -12.6187,
				-13.8068 20.5417 -10.7781,
				-44.9676 21.8613 -2.55749,
				-500 41.1317 117.486,
			]
		}
		coordIndex [
			0, 1, 2, 3, -1
		]
	}
}
#---------- POLYLINE
Shape {
	appearance Appearance {
		material Material {
			diffuseColor 0.5 0.5 0.5
			emissiveColor 0.5 0.5 0.5
		}
	}
	geometry IndexedLineSet {
		coord Coordinate {
			point [
				-7.81443 20.2366 -12.6501,
				-10.8447 22.2281 -8.7581,
				-33.5003 37.1178 20.3402,
				-406.957 282.561 500,
			]
		}
		coordIndex [
			0, 1, 2, 3, -1
		]
	}
}
#---------- POLYLINE
Shape {
	appearance Appearance {
		material Material {
			diffuseColor 0.5 0.5 0.5
			emissiveColor 0.5 0.5 0.5
		}
	}
	geometry IndexedLineSet {
		coord Coordinate {
			point [
				-7.81443 20.2366 -12.6501,
				-7.81444 20.2366 -12.6501,
			]
		}
		coordIndex [
			0, 1, -1
		]
	}
}
#---------- POLYLINE
Shape {
	appearance Appearance {
		material Material {
			diffuseColor 0.5 0.5 0.5
			emissiveColor 0.5 0.5 0.5
		}
	}
	geometry IndexedLineSet {
		coord Coordinate {
			point [
				-9.43585 21.1073 -18.9754,
			]
		}
		coordIndex [
			0, -1
		]
	}
}
#---------- POLYLINE
Shape {
	appearance Appearance {
		material Material {
			diffuseColor 0 0 1
			emissiveColor 0 0 1
		}
	}
	geometry IndexedLineSet {
		coord Coordinate {
			point [
				-9.43585 21.1073 -18.9754,
				-9.47969 21.07 -19.0423,
				-9.51695 21.0309 -19.1062,
				-9.57205 21.0097 -19.1573,
				-9.63572 20.9915 -19.1878,
				-9.69276 20.9817 -19.213,
				-9.7345 21.0321 -19.2156,
				-9.83132 21.1706 -19.2452,
				-9.88513 21.3054 -19.2734,
				-9.93438 21.4189 -19.2643,
				-10.002 21.4984 -19.2395,
				-10.0245 21.5701 -19.193,
				-10.0158 21.5973 -19.1784,
				-10.0077 21.6038 -19.1542,
				-10.0073 21.6039 -19.1539,
			]
		}
		coordIndex [
			0, 1, 2, 3, 4, 5, 6, 7, 8, 9, 
			10, 11, 12, 13, 14, -1
		]
	}
}
#---------- POLYLINE
Shape {
	appearance Appearance {
		material Material {
			diffuseColor 0 1 0
			emissiveColor 0 1 0
		}
	}
	geometry IndexedLineSet {
		coord Coordinate {
			point [
				-10.0073 21.6039 -19.1539,
				-6.98119 21.2858 -19.0265,
				-1.74891 20.7359 -18.8063,
				8.20622 16.0227 -25,
				500 -216.813 -330.974,
			]
		}
		coordIndex [
			0, 1, 2, 3, 4, -1
		]
	}
}
#---------- POLYLINE
Shape {
	appearance Appearance {
		material Material {
			diffuseColor 0 1 0
			emissiveColor 0 1 0
		}
	}
	geometry IndexedLineSet {
		coord Coordinate {
			point [
				-10.0073 21.6039 -19.1539,
				-12.1241 21.8264 -19.243,
				-14.3261 22.0579 -19.3356,
				-12.8581 12.305 -25,
				64.253 -500 -322.541,
			]
		}
		coordIndex [
			0, 1, 2, 3, 4, -1
		]
	}
}
#---------- POLYLINE
Shape {
	appearance Appearance {
		material Material {
			diffuseColor 0.5 0.5 0.5
			emissiveColor 0.5 0.5 0.5
		}
	}
	geometry IndexedLineSet {
		coord Coordinate {
			point [
				-9.43585 21.1073 -18.9754,
				-8.13897 21.9407 -19.6745,
				1.74042 28.2901 -25,
				500 348.515 -293.589,
			]
		}
		coordIndex [
			0, 1, 2, 3, -1
		]
	}
}
#---------- POLYLINE
Shape {
	appearance Appearance {
		material Material {
			diffuseColor 0.5 0.5 0.5
			emissiveColor 0.5 0.5 0.5
		}
	}
	geometry IndexedLineSet {
		coord Coordinate {
			point [
				-9.43585 21.1073 -18.9754,
				-9.43585 21.1073 -18.9754,
			]
		}
		coordIndex [
			0, 1, -1
		]
	}
}
#---------- POLYLINE
Shape {
	appearance Appearance {
		material Material {
			diffuseColor 0.5 0.5 0.5
			emissiveColor 0.5 0.5 0.5
		}
	}
	geometry IndexedLineSet {
		coord Coordinate {
			point [
				-13.4583 20.5973 8.47223,
			]
		}
		coordIndex [
			0, -1
		]
	}
}
#---------- POLYLINE
Shape {
	appearance Appearance {
		material Material {
			diffuseColor 0 0 1
			emissiveColor 0 0 1
		}
	}
	geometry IndexedLineSet {
		coord Coordinate {
			point [
				-13.4583 20.5973 8.47223,
				-13.4941 20.5641 8.49191,
				-13.5083 20.5205 8.47541,
				-13.5202 20.478 8.46798,
				-13.5389 20.4405 8.478,
				-13.5528 20.4032 8.48655,
				-13.5623 20.3739 8.50951,
				-13.567 20.3454 8.53095,
				-13.5718 20.3186 8.55038,
				-13.5752 20.2931 8.56762,
				-13.5707 20.2702 8.58493,
				-13.5528 20.2046 8.63598,
				-13.547 20.1756 8.698,
				-13.5538 20.1839 8.73545,
				-13.5823 20.1941 8.72426,
				-13.6057 20.1959 8.73305,
				-13.6263 20.1943 8.73756,
				-13.6254 20.1953 8.74041,
			]
		}
		coordIndex [
			0, 1, 2, 3, 4, 5, 6, 7, 8, 9, 
			10, 11, 12, 13, 14, 15, 16, 17, -1
		]
	}
}
#---------- POLYLINE
Shape {
	appearance Appearance {
		material Material {
			diffuseColor 0 1 0
			emissiveColor 0 1 0
		}
	}
	geometry IndexedLineSet {
		coord Coordinate {
			point [
				-13.6254 20.1953 8.74041,
				-14.9986 17.4165 9.26669,
				-21.2077 4.85196 11.6463,
				-24.5878 -1.98799 12.9417,
				-39.0418 -31.2368 18.4811,
				-270.691 -500 107.259,
			]
		}
		coordIndex [
			0, 1, 2, 3, 4, 5, -1
		]
	}
}
#---------- POLYLINE
Shape {
	appearance Appearance {
		material Material {
			diffuseColor 0 1 0
			emissiveColor 0 1 0
		}
	}
	geometry IndexedLineSet {
		coord Coordinate {
			point [
				-13.6254 20.1953 8.74041,
				-13.129 21.1999 8.55015,
				1.09727 49.988 3.09803,
				223.481 500 -82.129,
			]
		}
		coordIndex [
			0, 1, 2, 3, -1
		]
	}
}
#---------- POLYLINE
Shape {
	appearance Appearance {
		material Material {
			diffuseColor 0.5 0.5 0.5
			emissiveColor 0.5 0.5 0.5
		}
	}
	geometry IndexedLineSet {
		coord Coordinate {
			point [
				-13.4583 20.5973 8.47223,
				-9.53226 22.2781 7.8536,
				30.6699 39.4887 1.51882,
				500 240.41 -72.435,
			]
		}
		coordIndex [
			0, 1, 2, 3, -1
		]
	}
}
#---------- POLYLINE
Shape {
	appearance Appearance {
		material Material {
			diffuseColor 0.5 0.5 0.5
			emissiveColor 0.5 0.5 0.5
		}
	}
	geometry IndexedLineSet {
		coord Coordinate {
			point [
				-13.4583 20.5973 8.47223,
				-13.4583 20.5973 8.47223,
			]
		}
		coordIndex [
			0, 1, -1
		]
	}
}
#---------- POLYLINE
Shape {
	appearance Appearance {
		material Material {
			diffuseColor 0.5 0.5 0.5
			emissiveColor 0.5 0.5 0.5
		}
	}
	geometry IndexedLineSet {
		coord Coordinate {
			point [
				-12.3823 19.3216 -13.8017,
			]
		}
		coordIndex [
			0, -1
		]
	}
}
#---------- POLYLINE
Shape {
	appearance Appearance {
		material Material {
			diffuseColor 0 0 1
			emissiveColor 0 0 1
		}
	}
	geometry IndexedLineSet {
		coord Coordinate {
			point [
				-12.3823 19.3216 -13.8017,
				-12.43 19.3128 -13.7128,
				-12.4681 19.2954 -13.7801,
				-12.4894 19.262 -13.8331,
				-12.5041 19.2452 -13.8866,
				-12.5003 19.2475 -13.9332,
				-12.493 19.2442 -13.9709,
				-12.4875 19.215 -13.9576,
				-12.4961 19.1956 -13.9419,
				-12.5044 19.178 -13.9461,
				-12.507 19.178 -13.9453,
				-12.5071 19.1781 -13.9453,
			]
		}
		coordIndex [
			0, 1, 2, 3, 4, 5, 6, 7, 8, 9, 
			10, 11, -1
		]
	}
}
#---------- POLYLINE
Shape {
	appearance Appearance {
		material Material {
			diffuseColor 0 1 0
			emissiveColor 0 1 0
		}
	}
	geometry IndexedLineSet {
		coord Coordinate {
			point [
				-12.5071 19.1781 -13.9453,
				-14.9923 17.5781 8.90605,
				-15.3848 17.3254 12.5152,
				-14.9962 17.4948 12.6465,
				-6.74232 21.0931 15.435,
				18.5499 32.1192 23.98,
				15.8514 9.24576 20.6879,
				15.6112 2.39557 13.2095,
				15.4542 -2.08234 8.32096,
				14.9463 -16.5695 -7.49477,
				14.883 -18.3751 -9.46601,
				14.726 -22.8534 -14.355,
				24.6546 -37.7844 25,
				144.489 -217.996 500,
			]
		}
		coordIndex [
			0, 1, 2, 3, 4, 5, 6, 7, 8, 9, 
			10, 11, 12, 13, -1
		]
	}
}
#---------- POLYLINE
Shape {
	appearance Appearance {
		material Material {
			diffuseColor 0 1 0
			emissiveColor 0 1 0
		}
	}
	geometry IndexedLineSet {
		coord Coordinate {
			point [
				-12.5071 19.1781 -13.9453,
				-11.8486 19.602 -20,
				-11.3049 19.9521 -25,
				40.3531 53.2103 -500,
			]
		}
		coordIndex [
			0, 1, 2, 3, -1
		]
	}
}
#---------- POLYLINE
Shape {
	appearance Appearance {
		material Material {
			diffuseColor 0.5 0.5 0.5
			emissiveColor 0.5 0.5 0.5
		}
	}
	geometry IndexedLineSet {
		coord Coordinate {
			point [
				-12.3823 19.3216 -13.8017,
				-14.4336 19.6115 -14.5319,
				-43.843 23.7674 -25,
				-500 88.228 -187.367,
			]
		}
		coordIndex [
			0, 1, 2, 3, -1
		]
	}
}
#---------- POLYLINE
Shape {
	appearance Appearance {
		material Material {
			diffuseColor 0.5 0.5 0.5
			emissiveColor 0.5 0.5 0.5
		}
	}
	geometry IndexedLineSet {
		coord Coordinate {
			point [
				-12.3823 19.3216 -13.8017,
				-12.3822 19.3216 -13.8017,
			]
		}
		coordIndex [
			0, 1, -1
		]
	}
}
#---------- POLYLINE
Shape {
	appearance Appearance {
		material Material {
			diffuseColor 0.5 0.5 0.5
			emissiveColor 0.5 0.5 0.5
		}
	}
	geometry IndexedLineSet {
		coord Coordinate {
			point [
				-10.3623 15.2372 19.5363,
			]
		}
		coordIndex [
			0, -1
		]
	}
}
#---------- POLYLINE
Shape {
	appearance Appearance {
		material Material {
			diffuseColor 0 0 1
			emissiveColor 0 0 1
		}
	}
	geometry IndexedLineSet {
		coord Coordinate {
			point [
				-10.3623 15.2372 19.5363,
				-10.3691 15.2657 19.458,
				-10.3794 15.3014 19.3894,
				-10.3874 15.3404 19.3275,
				-10.3929 15.3623 19.2664,
				-10.4004 15.396 19.2157,
				-10.409 15.4817 19.0778,
				-10.3756 15.5136 18.9585,
				-10.3519 15.5447 18.8586,
				-10.3895 15.5911 18.8025,
				-10.3872 15.6517 18.7739,
				-10.4297 15.6861 18.7813,
				-10.4409 15.7298 18.7917,
				-10.4405 15.7678 18.7899,
				-10.4473 15.772 18.7789,
				-10.4481 15.7728 18.7779,
				-10.448 15.7728 18.7778,
			]
		}
		coordIndex [
			0, 1, 2, 3, 4, 5, 6, 7, 8, 9, 
			10, 11, 12, 13, 14, 15, 16, -1
		]
	}
}
#---------- POLYLINE
Shape {
	appearance Appearance {
		material Material {
			diffuseColor 0 1 0
			emissiveColor 0 1 0
		}
	}
	geometry IndexedLineSet {
		coord Coordinate {
			point [
				-10.448 15.7728 18.7778,
				-11.004 14.482 20,
				-13.2785 9.20146 25,
				-229.357 -492.453 500,
			]
		}
		coordIndex [
			0, 1, 2, 3, -1
		]
	}
}
#---------- POLYLINE
Shape {
	appearance Appearance {
		material Material {
			diffuseColor 0 1 0
			emissiveColor 0 1 0
		}
	}
	geometry IndexedLineSet {
		coord Coordinate {
			point [
				-10.448 15.7728 18.7778,
				-7.84653 21.8125 13.059,
				4.21794 49.8218 -13.462,
				198.124 500 -439.721,
			]
		}
		coordIndex [
			0, 1, 2, 3, -1
		]
	}
}
#---------- POLYLINE
Shape {
	appearance Appearance {
		material Material {
			diffuseColor 0.5 0.5 0.5
			emissiveColor 0.5 0.5 0.5
		}
	}
	geometry IndexedLineSet {
		coord Coordinate {
			point [
				-10.3623 15.2372 19.5363,
				-10.8045 16.1579 20,
				-15.5726 26.0863 25,
				-243.167 500 263.665,
			]
		}
		coordIndex [
			0, 1, 2, 3, -1
		]
	}
}
#---------- POLYLINE
Shape {
	appearance Appearance {
		material Material {
			diffuseColor 0.5 0.5 0.5
			emissiveColor 0.5 0.5 0.5
		}
	}
	geometry IndexedLineSet {
		coord Coordinate {
			point [
				-10.3623 15.2372 19.5363,
				-10.3623 15.2372 19.5363,
			]
		}
		coordIndex [
			0, 1, -1
		]
	}
}
#---------- POLYLINE
Shape {
	appearance Appearance {
		material Material {
			diffuseColor 0.5 0.5 0.5
			emissiveColor 0.5 0.5 0.5
		}
	}
	geometry IndexedLineSet {
		coord Coordinate {
			point [
				-11.5182 17.2134 3.01254,
			]
		}
		coordIndex [
			0, -1
		]
	}
}
#---------- POLYLINE
Shape {
	appearance Appearance {
		material Material {
			diffuseColor 0 0 1
			emissiveColor 0 0 1
		}
	}
	geometry IndexedLineSet {
		coord Coordinate {
			point [
				-11.5182 17.2134 3.01254,
				-11.5322 17.2578 3.09248,
				-11.5892 17.2924 3.13108,
				-11.6384 17.3311 3.15228,
				-11.6784 17.3642 3.13354,
				-11.7128 17.3791 3.15629,
				-11.728 17.398 3.18132,
				-11.7506 17.4027 3.19873,
				-11.7732 17.3956 3.2025,
				-11.7904 17.4 3.19399,
				-11.7925 17.4013 3.19523,
				-11.7925 17.4013 3.19523,
			]
		}
		coordIndex [
			0, 1, 2, 3, 4, 5, 6, 7, 8, 9, 
			10, 11, -1
		]
	}
}
#---------- POLYLINE
Shape {
	appearance Appearance {
		material Material {
			diffuseColor 0 1 0
			emissiveColor 0 1 0
		}
	}
	geometry IndexedLineSet {
		coord Coordinate {
			point [
				-11.7925 17.4013 3.19523,
				-6.5662 20.9344 1.47318,
				25.811 42.8228 -9.19511,
				500 363.395 -165.44,
			]
		}
		coordIndex [
			0, 1, 2, 3, -1
		]
	}
}
#---------- POLYLINE
Shape {
	appearance Appearance {
		material Material {
			diffuseColor 0 1 0
			emissiveColor 0 1 0
		}
	}
	geometry IndexedLineSet {
		coord Coordinate {
			point [
				-11.7925 17.4013 3.19523,
				-14.6523 15.4679 4.13754,
				-49.3568 -7.99387 15.5727,
				-500 -312.648 164.06,
			]
		}
		coordIndex [
			0, 1, 2, 3, -1
		]
	}
}
#---------- POLYLINE
Shape {
	appearance Appearance {
		material Material {
			diffuseColor 0.5 0.5 0.5
			emissiveColor 0.5 0.5 0.5
		}
	}
	geometry IndexedLineSet {
		coord Coordinate {
			point [
				-11.5182 17.2134 3.01254,
				-11.0087 12.4028 4.30649,
				-8.36314 -12.5755 11.0251,
				-7.40977 -21.5768 13.4462,
				-4.42005 -49.8042 21.0388,
				43.2625 -500 142.131,
			]
		}
		coordIndex [
			0, 1, 2, 3, 4, 5, -1
		]
	}
}
#---------- POLYLINE
Shape {
	appearance Appearance {
		material Material {
			diffuseColor 0.5 0.5 0.5
			emissiveColor 0.5 0.5 0.5
		}
	}
	geometry IndexedLineSet {
		coord Coordinate {
			point [
				-11.5182 17.2134 3.01254,
				-11.5182 17.2134 3.01253,
			]
		}
		coordIndex [
			0, 1, -1
		]
	}
}
#---------- POLYLINE
Shape {
	appearance Appearance {
		material Material {
			diffuseColor 0.5 0.5 0.5
			emissiveColor 0.5 0.5 0.5
		}
	}
	geometry IndexedLineSet {
		coord Coordinate {
			point [
				-6.45575 20.4944 1.05918,
			]
		}
		coordIndex [
			0, -1
		]
	}
}
#---------- POLYLINE
Shape {
	appearance Appearance {
		material Material {
			diffuseColor 0 0 1
			emissiveColor 0 0 1
		}
	}
	geometry IndexedLineSet {
		coord Coordinate {
			point [
				-6.45575 20.4944 1.05918,
				-6.47595 20.5731 1.12509,
				-6.48104 20.6405 1.19829,
				-6.46905 20.7081 1.25982,
				-6.45191 20.753 1.33316,
				-6.43846 20.7743 1.37386,
				-6.43122 20.7924 1.3887,
				-6.42942 20.7973 1.39288,
				-6.42934 20.7976 1.39308,
				-6.42927 20.7978 1.3933,
				-6.42917 20.7982 1.39359,
				-6.42917 20.7982 1.39359,
				-6.429 20.7987 1.39405,
				-6.42883 20.7993 1.3945,
				-6.42878 20.7995 1.39464,
				-6.42876 20.7996 1.39471,
				-6.42852 20.8004 1.39535,
				-6.42851 20.8005 1.39537,
				-6.42851 20.8005 1.39538,
				-6.42829 20.8012 1.39585,
				-6.42825 20.8013 1.39595,
				-6.42819 20.8015 1.39607,
				-6.42813 20.8017 1.39617,
				-6.42812 20.8017 1.39619,
				-6.42758 20.8034 1.39724,
				-6.42616 20.8061 1.39914,
				-6.4235 20.8106 1.40296,
				-6.41929 20.8182 1.41047,
				-6.41129 20.8298 1.42446,
				-6.40221 20.8479 1.45085,
				-6.39758 20.8778 1.49399,
				-6.40354 20.9084 1.53763,
				-6.40265 20.9286 1.58432,
				-6.40444 20.9356 1.60549,
				-6.40175 20.9456 1.6236,
				-6.40477 20.956 1.6405,
				-6.40734 20.9645 1.6562,
				-6.40842 20.9759 1.66828,
				-6.41196 20.9858 1.67839,
				-6.42026 20.9879 1.6881,
				-6.42604 20.9895 1.69874,
				-6.43233 20.9889 1.70825,
				-6.43822 20.9877 1.71718,
				-6.46281 20.9793 1.74794,
				-6.4861 20.9685 1.77023,
				-6.49261 20.9514 1.7894,
				-6.47437 20.9494 1.79689,
				-6.46996 20.945 1.79168,
				-6.47014 20.945 1.79137,
			]
		}
		coordIndex [
			0, 1, 2, 3, 4, 5, 6, 7, 8, 9, 
			10, 11, 12, 13, 14, 15, 16, 17, 18, 19, 
			20, 21, 22, 23, 24, 25, 26, 27, 28, 29, 
			30, 31, 32, 33, 34, 35, 36, 37, 38, 39, 
			40, 41, 42, 43, 44, 45, 46, 47, 48, -1
		]
	}
}
#---------- POLYLINE
Shape {
	appearance Appearance {
		material Material {
			diffuseColor 0 1 0
			emissiveColor 0 1 0
		}
	}
	geometry IndexedLineSet {
		coord Coordinate {
			point [
				-6.47014 20.945 1.79137,
				-6.30108 20.6642 2.16735,
				-5.29625 18.9955 4.40201,
				3.96574 3.61414 25,
				217.552 -351.088 500,
			]
		}
		coordIndex [
			0, 1, 2, 3, 4, -1
		]
	}
}
#---------- POLYLINE
Shape {
	appearance Appearance {
		material Material {
			diffuseColor 0 1 0
			emissiveColor 0 1 0
		}
	}
	geometry IndexedLineSet {
		coord Coordinate {
			point [
				-6.47014 20.945 1.79137,
				-18.517 40.9512 -25,
				-232.103 395.653 -500,
			]
		}
		coordIndex [
			0, 1, 2, -1
		]
	}
}
#---------- POLYLINE
Shape {
	appearance Appearance {
		material Material {
			diffuseColor 0.5 0.5 0.5
			emissiveColor 0.5 0.5 0.5
		}
	}
	geometry IndexedLineSet {
		coord Coordinate {
			point [
				-6.45575 20.4944 1.05918,
				-10.2388 12.3057 -13.0146,
				-13.4605 5.33205 -25,
				-141.142 -271.044 -500,
			]
		}
		coordIndex [
			0, 1, 2, 3, -1
		]
	}
}
#---------- POLYLINE
Shape {
	appearance Appearance {
		material Material {
			diffuseColor 0.5 0.5 0.5
			emissiveColor 0.5 0.5 0.5
		}
	}
	geometry IndexedLineSet {
		coord Coordinate {
			point [
				-6.45575 20.4944 1.05918,
				-6.45574 20.4944 1.05917,
			]
		}
		coordIndex [
			0, 1, -1
		]
	}
}
#---------- POLYLINE
Shape {
	appearance Appearance {
		material Material {
			diffuseColor 0.5 0.5 0.5
			emissiveColor 0.5 0.5 0.5
		}
	}
	geometry IndexedLineSet {
		coord Coordinate {
			point [
				-6.98358 15.0168 5.01596,
			]
		}
		coordIndex [
			0, -1
		]
	}
}
#---------- POLYLINE
Shape {
	appearance Appearance {
		material Material {
			diffuseColor 0 0 1
			emissiveColor 0 0 1
		}
	}
	geometry IndexedLineSet {
		coord Coordinate {
			point [
				-6.98358 15.0168 5.01596,
				-6.928 15.1706 5.08206,
				-6.99293 15.2968 5.09926,
				-7.1043 15.2667 5.13209,
				-7.20516 15.2764 5.13253,
				-7.27611 15.2895 5.08524,
				-7.33619 15.2591 5.08202,
				-7.35093 15.2126 5.11204,
				-7.35381 15.1651 5.12452,
				-7.36917 15.1354 5.14459,
				-7.38157 15.1089 5.14042,
				-7.39948 15.0975 5.12741,
				-7.41139 15.106 5.11281,
				-7.40929 15.1067 5.10671,
				-7.40919 15.1069 5.10675,
			]
		}
		coordIndex [
			0, 1, 2, 3, 4, 5, 6, 7, 8, 9, 
			10, 11, 12, 13, 14, -1
		]
	}
}
#---------- POLYLINE
Shape {
	appearance Appearance {
		material Material {
			diffuseColor 0 1 0
			emissiveColor 0 1 0
		}
	}
	geometry IndexedLineSet {
		coord Coordinate {
			point [
				-7.40919 15.1069 5.10675,
				-6.09113 14.1822 5.2932,
				15.0415 -0.642881 8.28252,
				21.0832 -4.88126 9.13714,
				45.0487 -21.6937 12.5272,
				500 -340.854 76.8825,
			]
		}
		coordIndex [
			0, 1, 2, 3, 4, 5, -1
		]
	}
}
#---------- POLYLINE
Shape {
	appearance Appearance {
		material Material {
			diffuseColor 0 1 0
			emissiveColor 0 1 0
		}
	}
	geometry IndexedLineSet {
		coord Coordinate {
			point [
				-7.40919 15.1069 5.10675,
				-14.2621 19.9143 4.13737,
				-29.3996 30.5337 1.99609,
				7.50379 21.6323 -18.5678,
				10.074 21.0123 -20,
				19.0469 18.848 -25,
				500 -97.1615 -293.004,
			]
		}
		coordIndex [
			0, 1, 2, 3, 4, 5, 6, -1
		]
	}
}
#---------- POLYLINE
Shape {
	appearance Appearance {
		material Material {
			diffuseColor 0.5 0.5 0.5
			emissiveColor 0.5 0.5 0.5
		}
	}
	geometry IndexedLineSet {
		coord Coordinate {
			point [
				-6.98358 15.0168 5.01596,
				-11.0952 22.1786 -3.02654,
				-22.329 41.7457 -25,
				-265.169 464.728 -500,
			]
		}
		coordIndex [
			0, 1, 2, 3, -1
		]
	}
}
#---------- POLYLINE
Shape {
	appearance Appearance {
		material Material {
			diffuseColor 0.5 0.5 0.5
			emissiveColor 0.5 0.5 0.5
		}
	}
	geometry IndexedLineSet {
		coord Coordinate {
			point [
				-6.98358 15.0168 5.01596,
				-6.98358 15.0168 5.01596,
			]
		}
		coordIndex [
			0, 1, -1
		]
	}
}
#---------- POLYLINE
Shape {
	appearance Appearance {
		material Material {
			diffuseColor 0.5 0.5 0.5
			emissiveColor 0.5 0.5 0.5
		}
	}
	geometry IndexedLineSet {
		coord Coordinate {
			point [
				-7.56448 20.5309 -4.68442,
			]
		}
		coordIndex [
			0, -1
		]
	}
}
#---------- POLYLINE
Shape {
	appearance Appearance {
		material Material {
			diffuseColor 0 0 1
			emissiveColor 0 0 1
		}
	}
	geometry IndexedLineSet {
		coord Coordinate {
			point [
				-7.56448 20.5309 -4.68442,
				-7.61154 20.4889 -4.85725,
				-7.60752 20.4819 -5.00585,
				-7.533 20.3922 -5.04636,
				-7.48296 20.3028 -5.06314,
				-7.48447 20.2202 -5.06612,
				-7.47334 20.1495 -5.06571,
				-7.48372 20.0926 -5.05247,
				-7.46217 20.0494 -5.04595,
				-7.44304 20.0427 -5.07967,
				-7.41838 20.0324 -5.09853,
				-7.40155 20.0223 -5.1151,
				-7.38283 20.0144 -5.11398,
				-7.38194 20.014 -5.11529,
				-7.38195 20.014 -5.11528,
			]
		}
		coordIndex [
			0, 1, 2, 3, 4, 5, 6, 7, 8, 9, 
			10, 11, 12, 13, 14, -1
		]
	}
}
#---------- POLYLINE
Shape {
	appearance Appearance {
		material Material {
			diffuseColor 0 1 0
			emissiveColor 0 1 0
		}
	}
	geometry IndexedLineSet {
		coord Coordinate {
			point [
				-7.38195 20.014 -5.11528,
				-7.01298 21.3097 -5.2317,
				1.15317 49.9867 -7.8083,
				129.3 500 -48.2416,
			]
		}
		coordIndex [
			0, 1, 2, 3, -1
		]
	}
}
#---------- POLYLINE
Shape {
	appearance Appearance {
		material Material {
			diffuseColor 0 1 0
			emissiveColor 0 1 0
		}
	}
	geometry IndexedLineSet {
		coord Coordinate {
			point [
				-7.38195 20.014 -5.11528,
				-9.57342 12.3182 -4.42382,
				-25.3532 -43.0954 0.555048,
				-155.463 -500 41.6075,
			]
		}
		coordIndex [
			0, 1, 2, 3, -1
		]
	}
}
#---------- POLYLINE
Shape {
	appearance Appearance {
		material Material {
			diffuseColor 0.5 0.5 0.5
			emissiveColor 0.5 0.5 0.5
		}
	}
	geometry IndexedLineSet {
		coord Coordinate {
			point [
				-7.56448 20.5309 -4.68442,
				-7.67066 12.8757 -9.68923,
				-7.99548 -10.5429 -25,
				-14.7843 -500 -345,
			]
		}
		coordIndex [
			0, 1, 2, 3, -1
		]
	}
}
#---------- POLYLINE
Shape {
	appearance Appearance {
		material Material {
			diffuseColor 0.5 0.5 0.5
			emissiveColor 0.5 0.5 0.5
		}
	}
	geometry IndexedLineSet {
		coord Coordinate {
			point [
				-7.56448 20.5309 -4.68442,
				-7.56448 20.5309 -4.68441,
			]
		}
		coordIndex [
			0, 1, -1
		]
	}
}
#---------- POLYLINE
Shape {
	appearance Appearance {
		material Material {
			diffuseColor 0.5 0.5 0.5
			emissiveColor 0.5 0.5 0.5
		}
	}
	geometry IndexedLineSet {
		coord Coordinate {
			point [
				-13.6694 17.6496 11.659,
			]
		}
		coordIndex [
			0, -1
		]
	}
}
#---------- POLYLINE
Shape {
	appearance Appearance {
		material Material {
			diffuseColor 0 0 1
			emissiveColor 0 0 1
		}
	}
	geometry IndexedLineSet {
		coord Coordinate {
			point [
				-13.6694 17.6496 11.659,
				-13.6963 17.6866 11.5962,
				-13.7136 17.7309 11.5517,
				-13.6935 17.7219 11.5003,
				-13.6796 17.6987 11.4609,
				-13.6829 17.6605 11.4475,
				-13.7095 17.6449 11.4494,
				-13.7271 17.6262 11.4463,
				-13.7252 17.6075 11.4359,
				-13.717 17.5985 11.4336,
				-13.7172 17.5993 11.4338,
			]
		}
		coordIndex [
			0, 1, 2, 3, 4, 5, 6, 7, 8, 9, 
			10, -1
		]
	}
}
#---------- POLYLINE
Shape {
	appearance Appearance {
		material Material {
			diffuseColor 0 1 0
			emissiveColor 0 1 0
		}
	}
	geometry IndexedLineSet {
		coord Coordinate {
			point [
				-13.7172 17.5993 11.4338,
				-5.22575 18.7855 15.1201,
				17.5327 21.9646 25,
				500 89.3608 234.448,
			]
		}
		coordIndex [
			0, 1, 2, 3, -1
		]
	}
}
#---------- POLYLINE
Shape {
	appearance Appearance {
		material Material {
			diffuseColor 0 1 0
			emissiveColor 0 1 0
		}
	}
	geometry IndexedLineSet {
		coord Coordinate {
			point [
				-13.7172 17.5993 11.4338,
				-14.9986 17.4203 10.8776,
				-48.3438 12.7623 -3.59824,
				-500 -50.3299 -199.671,
			]
		}
		coordIndex [
			0, 1, 2, 3, -1
		]
	}
}
#---------- POLYLINE
Shape {
	appearance Appearance {
		material Material {
			diffuseColor 0.5 0.5 0.5
			emissiveColor 0.5 0.5 0.5
		}
	}
	geometry IndexedLineSet {
		coord Coordinate {
			point [
				-13.6694 17.6496 11.659,
				-14.9568 16.6441 11.5772,
				-49.001 -9.94476 9.41353,
				-500 -362.179 -19.2491,
			]
		}
		coordIndex [
			0, 1, 2, 3, -1
		]
	}
}
#---------- POLYLINE
Shape {
	appearance Appearance {
		material Material {
			diffuseColor 0.5 0.5 0.5
			emissiveColor 0.5 0.5 0.5
		}
	}
	geometry IndexedLineSet {
		coord Coordinate {
			point [
				-13.6694 17.6496 11.659,
				-13.6694 17.6496 11.659,
			]
		}
		coordIndex [
			0, 1, -1
		]
	}
}
#---------- POLYLINE
Shape {
	appearance Appearance {
		material Material {
			diffuseColor 0.5 0.5 0.5
			emissiveColor 0.5 0.5 0.5
		}
	}
	geometry IndexedLineSet {
		coord Coordinate {
			point [
				-7.16001 20.1157 17.7487,
			]
		}
		coordIndex [
			0, -1
		]
	}
}
#---------- POLYLINE
Shape {
	appearance Appearance {
		material Material {
			diffuseColor 0 0 1
			emissiveColor 0 0 1
		}
	}
	geometry IndexedLineSet {
		coord Coordinate {
			point [
				-7.16001 20.1157 17.7487,
				-7.13941 20.1708 17.7039,
				-7.11237 20.2065 17.6605,
				-7.07104 20.2146 17.6265,
				-7.04972 20.1936 17.5976,
				-7.04092 20.1823 17.5652,
				-7.02677 20.2018 17.5473,
				-7.0105 20.2146 17.5341,
				-7.0113 20.2258 17.5277,
				-7.01148 20.2258 17.5278,
			]
		}
		coordIndex [
			0, 1, 2, 3, 4, 5, 6, 7, 8, 9, -1
		]
	}
}
#---------- POLYLINE
Shape {
	appearance Appearance {
		material Material {
			diffuseColor 0 1 0
			emissiveColor 0 1 0
		}
	}
	geometry IndexedLineSet {
		coord Coordinate {
			point [
				-7.01148 20.2258 17.5278,
				-7.52507 21.6445 19.6215,
				-7.80839 22.4271 20.7766,
				6.30701 20.6707 14.2453,
				14.4064 19.6629 10.4976,
				35.1264 17.0847 0.910256,
				31.0309 -13.3158 -11.787,
				32.6115 -15.9088 -13.2685,
				42.7275 -9.94478 -5.15048,
				23.3868 -28.1699 -25,
				-439.436 -464.299 -500,
			]
		}
		coordIndex [
			0, 1, 2, 3, 4, 5, 6, 7, 8, 9, 
			10, -1
		]
	}
}
#---------- POLYLINE
Shape {
	appearance Appearance {
		material Material {
			diffuseColor 0 1 0
			emissiveColor 0 1 0
		}
	}
	geometry IndexedLineSet {
		coord Coordinate {
			point [
				-7.01148 20.2258 17.5278,
				-5.3175 15.5467 10.622,
				-1.42434 4.79283 -5.24921,
				1.97388 -4.59389 -19.1027,
				3.42046 -8.5897 -25,
				119.937 -330.435 -500,
			]
		}
		coordIndex [
			0, 1, 2, 3, 4, 5, -1
		]
	}
}
#---------- POLYLINE
Shape {
	appearance Appearance {
		material Material {
			diffuseColor 0.5 0.5 0.5
			emissiveColor 0.5 0.5 0.5
		}
	}
	geometry IndexedLineSet {
		coord Coordinate {
			point [
				-7.16001 20.1157 17.7487,
				-6.9579 21.2681 15.3425,
				-3.5693 40.5893 -25,
				36.3287 268.081 -500,
			]
		}
		coordIndex [
			0, 1, 2, 3, -1
		]
	}
}
#---------- POLYLINE
Shape {
	appearance Appearance {
		material Material {
			diffuseColor 0.5 0.5 0.5
			emissiveColor 0.5 0.5 0.5
		}
	}
	geometry IndexedLineSet {
		coord Coordinate {
			point [
				-7.16001 20.1157 17.7487,
				-7.16001 20.1157 17.7487,
			]
		}
		coordIndex [
			0, 1, -1
		]
	}
}
#---------- POLYLINE
Shape {
	appearance Appearance {
		material Material {
			diffuseColor 0.5 0.5 0.5
			emissiveColor 0.5 0.5 0.5
		}
	}
	geometry IndexedLineSet {
		coord Coordinate {
			point [
				-11.5943 12.6128 8.09907,
			]
		}
		coordIndex [
			0, -1
		]
	}
}
#---------- POLYLINE
Shape {
	appearance Appearance {
		material Material {
			diffuseColor 0 0 1
			emissiveColor 0 0 1
		}
	}
	geometry IndexedLineSet {
		coord Coordinate {
			point [
				-11.5943 12.6128 8.09907,
				-11.6265 12.6486 8.10508,
				-11.6664 12.7053 8.09409,
				-11.7322 12.7423 8.06881,
				-11.7847 12.7838 8.04435,
				-11.8221 12.8326 8.01455,
				-11.842 12.8876 7.98933,
				-11.8428 12.9078 7.98267,
				-11.8444 12.9269 7.97663,
				-11.8513 12.9847 7.9516,
				-11.8518 13.0314 7.93568,
				-11.8539 13.062 7.90504,
				-11.8418 13.074 7.87303,
				-11.8424 13.0746 7.84301,
				-11.8379 13.0593 7.83044,
				-11.8383 13.059 7.83009,
			]
		}
		coordIndex [
			0, 1, 2, 3, 4, 5, 6, 7, 8, 9, 
			10, 11, 12, 13, 14, 15, -1
		]
	}
}
#---------- POLYLINE
Shape {
	appearance Appearance {
		material Material {
			diffuseColor 0 1 0
			emissiveColor 0 1 0
		}
	}
	geometry IndexedLineSet {
		coord Coordinate {
			point [
				-11.8383 13.059 7.83009,
				-5.01669 16.8918 7.77323,
				32.518 37.9813 7.46033,
				500 300.643 3.56332,
			]
		}
		coordIndex [
			0, 1, 2, 3, -1
		]
	}
}
#---------- POLYLINE
Shape {
	appearance Appearance {
		material Material {
			diffuseColor 0 1 0
			emissiveColor 0 1 0
		}
	}
	geometry IndexedLineSet {
		coord Coordinate {
			point [
				-11.8383 13.059 7.83009,
				-12.2432 12.8315 7.83347,
				-49.3527 -8.01911 8.14282,
				-500 -261.222 11.8995,
			]
		}
		coordIndex [
			0, 1, 2, 3, -1
		]
	}
}
#---------- POLYLINE
Shape {
	appearance Appearance {
		material Material {
			diffuseColor 0.5 0.5 0.5
			emissiveColor 0.5 0.5 0.5
		}
	}
	geometry IndexedLineSet {
		coord Coordinate {
			point [
				-11.5943 12.6128 8.09907,
				-11.6525 12.581 8.15138,
				-30.3752 2.34111 25,
				-500 -254.506 447.616,
			]
		}
		coordIndex [
			0, 1, 2, 3, -1
		]
	}
}
#---------- POLYLINE
Shape {
	appearance Appearance {
		material Material {
			diffuseColor 0.5 0.5 0.5
			emissiveColor 0.5 0.5 0.5
		}
	}
	geometry IndexedLineSet {
		coord Coordinate {
			point [
				-11.5943 12.6128 8.09907,
				-11.5943 12.6127 8.09906,
			]
		}
		coordIndex [
			0, 1, -1
		]
	}
}
#---------- POLYLINE
Shape {
	appearance Appearance {
		material Material {
			diffuseColor 0.5 0.5 0.5
			emissiveColor 0.5 0.5 0.5
		}
	}
	geometry IndexedLineSet {
		coord Coordinate {
			point [
				-8.15378 19.7014 -0.266241,
			]
		}
		coordIndex [
			0, -1
		]
	}
}
#---------- POLYLINE
Shape {
	appearance Appearance {
		material Material {
			diffuseColor 0 0 1
			emissiveColor 0 0 1
		}
	}
	geometry IndexedLineSet {
		coord Coordinate {
			point [
				-8.15378 19.7014 -0.266241,
				-8.1355 19.8651 -0.411618,
				-8.10292 19.981 -0.557011,
				-8.07041 20.1226 -0.614932,
				-8.0406 20.2038 -0.686048,
				-8.06821 20.2762 -0.7373,
				-8.01854 20.3202 -0.777174,
				-8.03142 20.3596 -0.818486,
				-8.06819 20.3879 -0.836401,
				-8.09827 20.4132 -0.849193,
				-8.0983 20.4139 -0.849462,
			]
		}
		coordIndex [
			0, 1, 2, 3, 4, 5, 6, 7, 8, 9, 
			10, -1
		]
	}
}
#---------- POLYLINE
Shape {
	appearance Appearance {
		material Material {
			diffuseColor 0 1 0
			emissiveColor 0 1 0
		}
	}
	geometry IndexedLineSet {
		coord Coordinate {
			point [
				-8.0983 20.4139 -0.849462,
				-9.84216 22.2975 -0.0405473,
				-19.6659 32.9084 4.51634,
				-33.7867 24.0068 25,
				-361.237 -182.415 500,
			]
		}
		coordIndex [
			0, 1, 2, 3, 4, -1
		]
	}
}
#---------- POLYLINE
Shape {
	appearance Appearance {
		material Material {
			diffuseColor 0 1 0
			emissiveColor 0 1 0
		}
	}
	geometry IndexedLineSet {
		coord Coordinate {
			point [
				-8.0983 20.4139 -0.849462,
				-5.00516 17.0729 -2.28426,
				18.8754 -8.72107 -13.3616,
				29.1013 -19.0067 25,
				155.72 -146.365 500,
			]
		}
		coordIndex [
			0, 1, 2, 3, 4, -1
		]
	}
}
#---------- POLYLINE
Shape {
	appearance Appearance {
		material Material {
			diffuseColor 0.5 0.5 0.5
			emissiveColor 0.5 0.5 0.5
		}
	}
	geometry IndexedLineSet {
		coord Coordinate {
			point [
				-8.15378 19.7014 -0.266241,
				-14.9993 17.3856 -15.4807,
				-19.2823 15.9366 -25,
				-233.001 -56.3648 -500,
			]
		}
		coordIndex [
			0, 1, 2, 3, -1
		]
	}
}
#---------- POLYLINE
Shape {
	appearance Appearance {
		material Material {
			diffuseColor 0.5 0.5 0.5
			emissiveColor 0.5 0.5 0.5
		}
	}
	geometry IndexedLineSet {
		coord Coordinate {
			point [
				-8.15378 19.7014 -0.266241,
				-8.15378 19.7014 -0.266229,
			]
		}
		coordIndex [
			0, 1, -1
		]
	}
}
#---------- POLYLINE
Shape {
	appearance Appearance {
		material Material {
			diffuseColor 0.5 0.5 0.5
			emissiveColor 0.5 0.5 0.5
		}
	}
	geometry IndexedLineSet {
		coord Coordinate {
			point [
				-10.9995 13.0992 -2.09117,
			]
		}
		coordIndex [
			0, -1
		]
	}
}
#---------- POLYLINE
Shape {
	appearance Appearance {
		material Material {
			diffuseColor 0 0 1
			emissiveColor 0 0 1
		}
	}
	geometry IndexedLineSet {
		coord Coordinate {
			point [
				-10.9995 13.0992 -2.09117,
				-11.0538 13.1238 -2.04638,
				-11.0977 13.1046 -2.00879,
				-11.1439 13.1098 -1.98645,
				-11.1666 13.1224 -1.95046,
				-11.1843 13.1064 -1.92481,
				-11.2031 13.1012 -1.90308,
				-11.2087 13.0909 -1.88153,
				-11.2051 13.075 -1.87391,
				-11.2081 13.0754 -1.87127,
				-11.2083 13.0754 -1.87111,
			]
		}
		coordIndex [
			0, 1, 2, 3, 4, 5, 6, 7, 8, 9, 
			10, -1
		]
	}
}
#---------- POLYLINE
Shape {
	appearance Appearance {
		material Material {
			diffuseColor 0 1 0
			emissiveColor 0 1 0
		}
	}
	geometry IndexedLineSet {
		coord Coordinate {
			point [
				-11.2083 13.0754 -1.87111,
				-11.2969 12.4711 -1.3502,
				-11.3061 12.4082 -1.29596,
				-12.3809 5.26984 -0.672937,
				-4.9141 0.922842 4.5291,
				3.22874 -3.81775 10.2021,
				4.78747 -4.72522 11.2881,
				3.25895 -3.792 17.3716,
				2.59854 -3.3888 20,
				1.34225 -2.62179 25,
				-118.005 70.2439 500,
			]
		}
		coordIndex [
			0, 1, 2, 3, 4, 5, 6, 7, 8, 9, 
			10, -1
		]
	}
}
#---------- POLYLINE
Shape {
	appearance Appearance {
		material Material {
			diffuseColor 0 1 0
			emissiveColor 0 1 0
		}
	}
	geometry IndexedLineSet {
		coord Coordinate {
			point [
				-11.2083 13.0754 -1.87111,
				-9.85652 22.2979 -9.82043,
				-7.35152 39.3885 -24.5516,
				-7.24723 40.1099 -25,
				59.2354 500 -310.835,
			]
		}
		coordIndex [
			0, 1, 2, 3, 4, -1
		]
	}
}
#---------- POLYLINE
Shape {
	appearance Appearance {
		material Material {
			diffuseColor 0.5 0.5 0.5
			emissiveColor 0.5 0.5 0.5
		}
	}
	geometry IndexedLineSet {
		coord Coordinate {
			point [
				-10.9995 13.0992 -2.09117,
				-6.25852 13.9832 0.986798,
				5.14384 16.1093 8.38957,
				14.9589 17.9395 14.7618,
				30.7286 20.88 25,
				500 108.383 329.666,
			]
		}
		coordIndex [
			0, 1, 2, 3, 4, 5, -1
		]
	}
}
#---------- POLYLINE
Shape {
	appearance Appearance {
		material Material {
			diffuseColor 0.5 0.5 0.5
			emissiveColor 0.5 0.5 0.5
		}
	}
	geometry IndexedLineSet {
		coord Coordinate {
			point [
				-10.9995 13.0992 -2.09117,
				-10.9995 13.0991 -2.09118,
			]
		}
		coordIndex [
			0, 1, -1
		]
	}
}
#---------- POLYLINE
Shape {
	appearance Appearance {
		material Material {
			diffuseColor 0.5 0.5 0.5
			emissiveColor 0.5 0.5 0.5
		}
	}
	geometry IndexedLineSet {
		coord Coordinate {
			point [
				-12.591 21.1773 -9.41535,
			]
		}
		coordIndex [
			0, -1
		]
	}
}
#---------- POLYLINE
Shape {
	appearance Appearance {
		material Material {
			diffuseColor 0 0 1
			emissiveColor 0 0 1
		}
	}
	geometry IndexedLineSet {
		coord Coordinate {
			point [
				-12.591 21.1773 -9.41535,
				-12.6632 21.1175 -9.50491,
				-12.7196 21.0368 -9.5789,
				-12.7601 20.9589 -9.65325,
				-12.8194 20.9061 -9.72564,
				-12.8999 20.8632 -9.76988,
				-12.9766 20.8381 -9.81434,
				-13.0451 20.8368 -9.86043,
				-13.0936 20.8494 -9.92396,
				-13.1416 20.8538 -9.98174,
				-13.1848 20.8655 -10.0342,
				-13.2218 20.8921 -10.0844,
				-13.2351 20.9092 -10.144,
				-13.2363 20.9559 -10.1832,
				-13.2411 21.0021 -10.2157,
				-13.2558 21.0359 -10.2539,
				-13.2651 21.0633 -10.2876,
				-13.2696 21.0734 -10.3014,
				-13.2711 21.0777 -10.3068,
				-13.2716 21.0794 -10.3091,
				-13.2718 21.0799 -10.3097,
				-13.2718 21.0799 -10.3098,
				-13.2718 21.0801 -10.3099,
				-13.2718 21.0802 -10.3101,
				-13.272 21.0808 -10.3108,
				-13.2721 21.0812 -10.3113,
				-13.2722 21.0816 -10.3118,
				-13.2722 21.0819 -10.3121,
				-13.2722 21.0819 -10.3121,
				-13.2723 21.0822 -10.3124,
				-13.2723 21.0822 -10.3124,
				-13.2723 21.0824 -10.3126,
				-13.2724 21.0828 -10.313,
				-13.2727 21.084 -10.3143,
				-13.2729 21.086 -10.3164,
				-13.2733 21.0894 -10.3195,
				-13.2742 21.095 -10.3243,
				-13.2764 21.1054 -10.3299,
				-13.2808 21.1256 -10.3361,
				-13.285 21.1551 -10.35,
				-13.299 21.1828 -10.3553,
				-13.3167 21.204 -10.3618,
				-13.3315 21.2229 -10.3747,
				-13.3453 21.2431 -10.3821,
				-13.3577 21.2616 -10.3902,
				-13.3664 21.281 -10.3949,
				-13.3771 21.2988 -10.397,
				-13.3861 21.3159 -10.3998,
				-13.43 21.361 -10.4023,
				-13.4365 21.4005 -10.3992,
				-13.4581 21.4151 -10.4108,
				-13.4681 21.4302 -10.424,
				-13.4824 21.4318 -10.435,
				-13.4833 21.4315 -10.4348,
			]
		}
		coordIndex [
			0, 1, 2, 3, 4, 5, 6, 7, 8, 9, 
			10, 11, 12, 13, 14, 15, 16, 17, 18, 19, 
			20, 21, 22, 23, 24, 25, 26, 27, 28, 29, 
			30, 31, 32, 33, 34, 35, 36, 37, 38, 39, 
			40, 41, 42, 43, 44, 45, 46, 47, 48, 49, 
			50, 51, 52, 53, -1
		]
	}
}
#---------- POLYLINE
Shape {
	appearance Appearance {
		material Material {
			diffuseColor 0 1 0
			emissiveColor 0 1 0
		}
	}
	geometry IndexedLineSet {
		coord Coordinate {
			point [
				-13.4833 21.4315 -10.4348,
				-39.6716 30.433 3.28167,
				-500 188.659 244.386,
			]
		}
		coordIndex [
			0, 1, 2, -1
		]
	}
}
#---------- POLYLINE
Shape {
	appearance Appearance {
		material Material {
			diffuseColor 0 1 0
			emissiveColor 0 1 0
		}
	}
	geometry IndexedLineSet {
		coord Coordinate {
			point [
				-13.4833 21.4315 -10.4348,
				-13.0315 21.2762 -10.6715,
				-5.16453 18.5721 -14.7919,
				14.3253 11.873 -25,
				500 -155.065 -279.38,
			]
		}
		coordIndex [
			0, 1, 2, 3, 4, -1
		]
	}
}
#---------- POLYLINE
Shape {
	appearance Appearance {
		material Material {
			diffuseColor 0.5 0.5 0.5
			emissiveColor 0.5 0.5 0.5
		}
	}
	geometry IndexedLineSet {
		coord Coordinate {
			point [
				-12.591 21.1773 -9.41535,
				-5.36327 15.429 -4.1842,
				15.0677 -0.820256 10.603,
				20.311 -4.99032 14.3979,
				34.9595 -16.6406 25,
				500 -386.497 361.58,
			]
		}
		coordIndex [
			0, 1, 2, 3, 4, 5, -1
		]
	}
}
#---------- POLYLINE
Shape {
	appearance Appearance {
		material Material {
			diffuseColor 0.5 0.5 0.5
			emissiveColor 0.5 0.5 0.5
		}
	}
	geometry IndexedLineSet {
		coord Coordinate {
			point [
				-12.591 21.1773 -9.41535,
				-12.591 21.1773 -9.41534,
			]
		}
		coordIndex [
			0, 1, -1
		]
	}
}
#---------- POLYLINE
Shape {
	appearance Appearance {
		material Material {
			diffuseColor 0.5 0.5 0.5
			emissiveColor 0.5 0.5 0.5
		}
	}
	geometry IndexedLineSet {
		coord Coordinate {
			point [
				-7.27827 15.73 15.5645,
			]
		}
		coordIndex [
			0, -1
		]
	}
}
#---------- POLYLINE
Shape {
	appearance Appearance {
		material Material {
			diffuseColor 0 0 1
			emissiveColor 0 0 1
		}
	}
	geometry IndexedLineSet {
		coord Coordinate {
			point [
				-7.27827 15.73 15.5645,
				-7.2647 15.7483 15.7189,
				-7.29929 15.8313 15.7961,
				-7.33096 15.9171 15.8278,
				-7.36974 15.919 15.8973,
				-7.37126 15.8849 15.954,
				-7.38714 15.8506 15.9946,
				-7.38945 15.8091 16.0042,
				-7.40818 15.7809 16.0148,
				-7.43283 15.7878 16.032,
				-7.45226 15.7942 16.0492,
				-7.47161 15.8032 16.0471,
				-7.47627 15.8021 16.054,
				-7.4764 15.8022 16.0541,
			]
		}
		coordIndex [
			0, 1, 2, 3, 4, 5, 6, 7, 8, 9, 
			10, 11, 12, 13, -1
		]
	}
}
#---------- POLYLINE
Shape {
	appearance Appearance {
		material Material {
			diffuseColor 0 1 0
			emissiveColor 0 1 0
		}
	}
	geometry IndexedLineSet {
		coord Coordinate {
			point [
				-7.4764 15.8022 16.0541,
				-6.98612 15.8439 16.9184,
				-9.66173 12.3115 19.2446,
				-15.9237 4.0442 24.6887,
				-15.9199 2.89014 16.7545,
				-15.9026 -2.45588 -20,
				-15.9003 -3.18315 -25,
				-15.6766 -72.2731 -500,
			]
		}
		coordIndex [
			0, 1, 2, 3, 4, 5, 6, 7, -1
		]
	}
}
#---------- POLYLINE
Shape {
	appearance Appearance {
		material Material {
			diffuseColor 0 1 0
			emissiveColor 0 1 0
		}
	}
	geometry IndexedLineSet {
		coord Coordinate {
			point [
				-7.4764 15.8022 16.0541,
				-14.5385 15.2019 3.605,
				-30.7655 13.8224 -25,
				-300.222 -9.08463 -500,
			]
		}
		coordIndex [
			0, 1, 2, 3, -1
		]
	}
}
#---------- POLYLINE
Shape {
	appearance Appearance {
		material Material {
			diffuseColor 0.5 0.5 0.5
			emissiveColor 0.5 0.5 0.5
		}
	}
	geometry IndexedLineSet {
		coord Coordinate {
			point [
				-7.27827 15.73 15.5645,
				-5.04413 16.6372 14.3934,
				36.9472 33.6884 -7.61828,
				500 221.718 -250.349,
			]
		}
		coordIndex [
			0, 1, 2, 3, -1
		]
	}
}
#---------- POLYLINE
Shape {
	appearance Appearance {
		material Material {
			diffuseColor 0.5 0.5 0.5
			emissiveColor 0.5 0.5 0.5
		}
	}
	geometry IndexedLineSet {
		coord Coordinate {
			point [
				-7.27827 15.73 15.5645,
				-7.27828 15.7299 15.5645,
			]
		}
		coordIndex [
			0, 1, -1
		]
	}
}
#---------- POLYLINE
Shape {
	appearance Appearance {
		material Material {
			diffuseColor 0.5 0.5 0.5
			emissiveColor 0.5 0.5 0.5
		}
	}
	geometry IndexedLineSet {
		coord Coordinate {
			point [
				-13.1096 15.4568 -7.49414,
			]
		}
		coordIndex [
			0, -1
		]
	}
}
#---------- POLYLINE
Shape {
	appearance Appearance {
		material Material {
			diffuseColor 0 0 1
			emissiveColor 0 0 1
		}
	}
	geometry IndexedLineSet {
		coord Coordinate {
			point [
				-13.1096 15.4568 -7.49414,
				-13.1326 15.6005 -7.54061,
				-13.1732 15.7157 -7.5157,
				-13.1448 15.8036 -7.55979,
				-13.1422 15.8901 -7.55554,
				-13.1334 15.9616 -7.5643,
				-13.0855 15.9995 -7.56723,
				-13.0411 15.9945 -7.54198,
				-13.0031 16.0065 -7.52287,
				-12.97 16.0112 -7.53302,
				-12.9481 16.0048 -7.55176,
				-12.9366 15.9948 -7.57049,
				-12.9202 16.0033 -7.57606,
				-12.9161 16.003 -7.57496,
				-12.9161 16.003 -7.57506,
			]
		}
		coordIndex [
			0, 1, 2, 3, 4, 5, 6, 7, 8, 9, 
			10, 11, 12, 13, 14, -1
		]
	}
}
#---------- POLYLINE
Shape {
	appearance Appearance {
		material Material {
			diffuseColor 0 1 0
			emissiveColor 0 1 0
		}
	}
	geometry IndexedLineSet {
		coord Coordinate {
			point [
				-12.9161 16.003 -7.57506,
				-9.84283 12.3025 -5.79566,
				-2.96759 4.0241 -1.81498,
				3.41079 -3.65602 1.87804,
				10.6219 -12.3388 6.05319,
				14.991 -17.5996 8.58285,
				32.1661 -38.2798 18.527,
				415.627 -500 240.547,
			]
		}
		coordIndex [
			0, 1, 2, 3, 4, 5, 6, 7, -1
		]
	}
}
#---------- POLYLINE
Shape {
	appearance Appearance {
		material Material {
			diffuseColor 0 1 0
			emissiveColor 0 1 0
		}
	}
	geometry IndexedLineSet {
		coord Coordinate {
			point [
				-12.9161 16.003 -7.57506,
				-13.1118 16.2386 -7.68836,
				-12.6715 21.5265 -8.75226,
				-11.513 35.4391 -11.5514,
				-6.41262 49.5871 1.78506,
				155.962 500 426.364,
			]
		}
		coordIndex [
			0, 1, 2, 3, 4, 5, -1
		]
	}
}
#---------- POLYLINE
Shape {
	appearance Appearance {
		material Material {
			diffuseColor 0.5 0.5 0.5
			emissiveColor 0.5 0.5 0.5
		}
	}
	geometry IndexedLineSet {
		coord Coordinate {
			point [
				-13.1096 15.4568 -7.49414,
				-14.7484 15.7338 -7.43779,
				-45.4147 20.9165 -6.38316,
				-500 97.7431 9.25011,
			]
		}
		coordIndex [
			0, 1, 2, 3, -1
		]
	}
}
#---------- POLYLINE
Shape {
	appearance Appearance {
		material Material {
			diffuseColor 0.5 0.5 0.5
			emissiveColor 0.5 0.5 0.5
		}
	}
	geometry IndexedLineSet {
		coord Coordinate {
			point [
				-13.1096 15.4568 -7.49414,
				-13.1096 15.4568 -7.49414,
			]
		}
		coordIndex [
			0, 1, -1
		]
	}
}
#---------- POLYLINE
Shape {
	appearance Appearance {
		material Material {
			diffuseColor 0.5 0.5 0.5
			emissiveColor 0.5 0.5 0.5
		}
	}
	geometry IndexedLineSet {
		coord Coordinate {
			point [
				-12.5432 18.4044 -15.0177,
			]
		}
		coordIndex [
			0, -1
		]
	}
}
#---------- POLYLINE
Shape {
	appearance Appearance {
		material Material {
			diffuseColor 0 0 1
			emissiveColor 0 0 1
		}
	}
	geometry IndexedLineSet {
		coord Coordinate {
			point [
				-12.5432 18.4044 -15.0177,
				-12.4243 18.4338 -14.8416,
				-12.4517 18.448 -14.6594,
				-12.4988 18.4601 -14.5103,
				-12.4292 18.4851 -14.4032,
				-12.3549 18.4966 -14.3241,
				-12.2889 18.5412 -14.2823,
				-12.2488 18.5667 -14.3265,
				-12.1994 18.5619 -14.3485,
				-12.1562 18.5738 -14.3517,
				-12.1229 18.5663 -14.3367,
				-12.1089 18.5766 -14.3556,
				-12.1007 18.5941 -14.3648,
				-12.1067 18.5942 -14.3743,
				-12.1067 18.5942 -14.3743,
			]
		}
		coordIndex [
			0, 1, 2, 3, 4, 5, 6, 7, 8, 9, 
			10, 11, 12, 13, 14, -1
		]
	}
}
#---------- POLYLINE
Shape {
	appearance Appearance {
		material Material {
			diffuseColor 0 1 0
			emissiveColor 0 1 0
		}
	}
	geometry IndexedLineSet {
		coord Coordinate {
			point [
				-12.1067 18.5942 -14.3743,
				-11.6486 12.5796 -9.54713,
				-9.7533 -12.3061 10.4256,
				-8.99985 -22.1989 18.3655,
				-8.37026 -30.4655 25,
				27.3902 -500 401.839,
			]
		}
		coordIndex [
			0, 1, 2, 3, 4, 5, -1
		]
	}
}
#---------- POLYLINE
Shape {
	appearance Appearance {
		material Material {
			diffuseColor 0 1 0
			emissiveColor 0 1 0
		}
	}
	geometry IndexedLineSet {
		coord Coordinate {
			point [
				-12.1067 18.5942 -14.3743,
				-12.3445 21.7163 -16.88,
				-13.115 31.8336 -25,
				-48.7713 500 -400.741,
			]
		}
		coordIndex [
			0, 1, 2, 3, -1
		]
	}
}
#---------- POLYLINE
Shape {
	appearance Appearance {
		material Material {
			diffuseColor 0.5 0.5 0.5
			emissiveColor 0.5 0.5 0.5
		}
	}
	geometry IndexedLineSet {
		coord Coordinate {
			point [
				-12.5432 18.4044 -15.0177,
				-12.7986 21.4434 -9.49647,
				-14.3945 40.431 25,
				-36.3694 301.882 500,
			]
		}
		coordIndex [
			0, 1, 2, 3, -1
		]
	}
}
#---------- POLYLINE
Shape {
	appearance Appearance {
		material Material {
			diffuseColor 0.5 0.5 0.5
			emissiveColor 0.5 0.5 0.5
		}
	}
	geometry IndexedLineSet {
		coord Coordinate {
			point [
				-12.5432 18.4044 -15.0177,
				-12.5432 18.4044 -15.0177,
			]
		}
		coordIndex [
			0, 1, -1
		]
	}
}
#---------- POLYLINE
Shape {
	appearance Appearance {
		material Material {
			diffuseColor 0.5 0.5 0.5
			emissiveColor 0.5 0.5 0.5
		}
	}
	geometry IndexedLineSet {
		coord Coordinate {
			point [
				-8.37463 13.5246 12.0016,
			]
		}
		coordIndex [
			0, -1
		]
	}
}
#---------- POLYLINE
Shape {
	appearance Appearance {
		material Material {
			diffuseColor 0 0 1
			emissiveColor 0 0 1
		}
	}
	geometry IndexedLineSet {
		coord Coordinate {
			point [
				-8.37463 13.5246 12.0016,
				-8.31667 13.4758 12.0538,
				-8.25761 13.4231 12.0546,
				-8.209 13.3776 12.0559,
				-8.17909 13.3387 12.0796,
				-8.15623 13.3086 12.1065,
				-8.13839 13.3109 12.1393,
				-8.13745 13.3042 12.1701,
			]
		}
		coordIndex [
			0, 1, 2, 3, 4, 5, 6, 7, -1
		]
	}
}
#---------- POLYLINE
Shape {
	appearance Appearance {
		material Material {
			diffuseColor 0 1 0
			emissiveColor 0 1 0
		}
	}
	geometry IndexedLineSet {
		coord Coordinate {
			point [
				-8.13745 13.3042 12.1701,
				-5.50759 19.4951 13.3548,
				7.22785 49.4748 19.0916,
				198.611 500 105.303,
			]
		}
		coordIndex [
			0, 1, 2, 3, -1
		]
	}
}
#---------- POLYLINE
Shape {
	appearance Appearance {
		material Material {
			diffuseColor 0 1 0
			emissiveColor 0 1 0
		}
	}
	geometry IndexedLineSet {
		coord Coordinate {
			point [
				-8.13745 13.3042 12.1701,
				-8.46093 12.5428 12.0244,
				-30.5902 -39.5505 2.05591,
				-226.19 -500 -86.0549,
			]
		}
		coordIndex [
			0, 1, 2, 3, -1
		]
	}
}
#---------- POLYLINE
Shape {
	appearance Appearance {
		material Material {
			diffuseColor 0.5 0.5 0.5
			emissiveColor 0.5 0.5 0.5
		}
	}
	geometry IndexedLineSet {
		coord Coordinate {
			point [
				-8.37463 13.5246 12.0016,
				-12.9527 21.335 11.5269,
				-25.6163 42.9395 10.2138,
				-293.525 500 -17.5651,
			]
		}
		coordIndex [
			0, 1, 2, 3, -1
		]
	}
}
#---------- POLYLINE
Shape {
	appearance Appearance {
		material Material {
			diffuseColor 0.5 0.5 0.5
			emissiveColor 0.5 0.5 0.5
		}
	}
	geometry IndexedLineSet {
		coord Coordinate {
			point [
				-8.37463 13.5246 12.0016,
				-8.37463 13.5246 12.0016,
			]
		}
		coordIndex [
			0, 1, -1
		]
	}
}
#---------- POLYLINE
Shape {
	appearance Appearance {
		material Material {
			diffuseColor 0.5 0.5 0.5
			emissiveColor 0.5 0.5 0.5
		}
	}
	geometry IndexedLineSet {
		coord Coordinate {
			point [
				-14.5561 18.0407 -13.0048,
			]
		}
		coordIndex [
			0, -1
		]
	}
}
#---------- POLYLINE
Shape {
	appearance Appearance {
		material Material {
			diffuseColor 0 0 1
			emissiveColor 0 0 1
		}
	}
	geometry IndexedLineSet {
		coord Coordinate {
			point [
				-14.5561 18.0407 -13.0048,
				-14.4326 18.1335 -12.9699,
				-14.3389 18.2411 -12.9242,
				-14.2411 18.3355 -12.8936,
				-14.1352 18.4128 -12.8931,
				-14.029 18.4586 -12.9209,
				-13.9336 18.4523 -12.9643,
				-13.8755 18.4326 -13.0245,
				-13.8681 18.4128 -13.1146,
				-13.8574 18.3872 -13.196,
				-13.8524 18.3035 -13.3928,
				-13.9382 18.1539 -13.4509,
				-14.0605 18.0682 -13.4564,
				-14.1581 18.0068 -13.407,
				-14.1542 17.989 -13.5159,
				-14.1452 17.9681 -13.6075,
				-14.0831 17.9401 -13.6493,
				-14.034 17.9037 -13.6829,
				-14.0379 17.8495 -13.6782,
				-14.0326 17.8036 -13.668,
				-14.0367 17.7738 -13.6395,
				-14.051 17.7581 -13.6113,
				-14.0669 17.7574 -13.5872,
				-14.0497 17.7507 -13.5735,
				-14.0351 17.7476 -13.569,
				-14.0355 17.7468 -13.5693,
			]
		}
		coordIndex [
			0, 1, 2, 3, 4, 5, 6, 7, 8, 9, 
			10, 11, 12, 13, 14, 15, 16, 17, 18, 19, 
			20, 21, 22, 23, 24, 25, -1
		]
	}
}
#---------- POLYLINE
Shape {
	appearance Appearance {
		material Material {
			diffuseColor 0 1 0
			emissiveColor 0 1 0
		}
	}
	geometry IndexedLineSet {
		coord Coordinate {
			point [
				-14.0355 17.7468 -13.5693,
				-14.7135 15.6318 -11.6885,
				-18.2256 4.67457 -1.9449,
				-18.7097 3.16451 -0.602087,
				-23.1579 -3.87652 -0.857261,
				-39.8159 -30.2439 -1.81284,
				-336.592 -500 -18.8373,
			]
		}
		coordIndex [
			0, 1, 2, 3, 4, 5, 6, -1
		]
	}
}
#---------- POLYLINE
Shape {
	appearance Appearance {
		material Material {
			diffuseColor 0 1 0
			emissiveColor 0 1 0
		}
	}
	geometry IndexedLineSet {
		coord Coordinate {
			point [
				-14.0355 17.7468 -13.5693,
				-12.8654 21.3975 -16.8157,
				-9.91529 30.6012 -25,
				140.543 500 -442.411,
			]
		}
		coordIndex [
			0, 1, 2, 3, -1
		]
	}
}
#---------- POLYLINE
Shape {
	appearance Appearance {
		material Material {
			diffuseColor 0.5 0.5 0.5
			emissiveColor 0.5 0.5 0.5
		}
	}
	geometry IndexedLineSet {
		coord Coordinate {
			point [
				-14.5561 18.0407 -13.0048,
				-8.52846 12.5214 -9.11803,
				-0.304074 4.99075 -3.81468,
				4.99816 0.135728 -0.39563,
				39.1341 -31.1211 21.6164,
				500 -453.115 318.798,
			]
		}
		coordIndex [
			0, 1, 2, 3, 4, 5, -1
		]
	}
}
#---------- POLYLINE
Shape {
	appearance Appearance {
		material Material {
			diffuseColor 0.5 0.5 0.5
			emissiveColor 0.5 0.5 0.5
		}
	}
	geometry IndexedLineSet {
		coord Coordinate {
			point [
				-14.5561 18.0407 -13.0048,
				-14.5561 18.0407 -13.0048,
			]
		}
		coordIndex [
			0, 1, -1
		]
	}
}
#---------- POLYLINE
Shape {
	appearance Appearance {
		material Material {
			diffuseColor 0.5 0.5 0.5
			emissiveColor 0.5 0.5 0.5
		}
	}
	geometry IndexedLineSet {
		coord Coordinate {
			point [
				-8.91594 20.9801 2.20055,
			]
		}
		coordIndex [
			0, -1
		]
	}
}
#---------- POLYLINE
Shape {
	appearance Appearance {
		material Material {
			diffuseColor 0 0 1
			emissiveColor 0 0 1
		}
	}
	geometry IndexedLineSet {
		coord Coordinate {
			point [
				-8.91594 20.9801 2.20055,
				-8.91258 21.0599 2.25834,
				-8.91518 21.1489 2.28884,
				-8.93836 21.2313 2.29246,
				-8.97082 21.2945 2.31701,
				-9.04437 21.4427 2.40608,
				-9.1161 21.5664 2.45747,
				-9.0436 21.6734 2.46839,
				-9.03007 21.7615 2.46011,
				-9.06685 21.8193 2.44842,
				-9.08935 21.8509 2.41696,
				-9.11057 21.8776 2.39507,
				-9.13462 21.9025 2.38766,
				-9.14554 21.9243 2.37861,
				-9.14567 21.943 2.3691,
				-9.15299 21.9437 2.3738,
				-9.15307 21.9437 2.37342,
			]
		}
		coordIndex [
			0, 1, 2, 3, 4, 5, 6, 7, 8, 9, 
			10, 11, 12, 13, 14, 15, 16, -1
		]
	}
}
#---------- POLYLINE
Shape {
	appearance Appearance {
		material Material {
			diffuseColor 0 1 0
			emissiveColor 0 1 0
		}
	}
	geometry IndexedLineSet {
		coord Coordinate {
			point [
				-9.15307 21.9437 2.37342,
				-14.7985 15.8947 4.7547,
				-46.5843 -18.1632 18.1623,
				-496.277 -500 207.847,
			]
		}
		coordIndex [
			0, 1, 2, 3, -1
		]
	}
}
#---------- POLYLINE
Shape {
	appearance Appearance {
		material Material {
			diffuseColor 0 1 0
			emissiveColor 0 1 0
		}
	}
	geometry IndexedLineSet {
		coord Coordinate {
			point [
				-9.15307 21.9437 2.37342,
				-8.92886 22.1839 2.27884,
				-2.78475 28.7672 -0.312805,
				2.92592 32.9649 -2.26495,
				33.5106 37.1085 11.641,
				500 100.309 223.741,
			]
		}
		coordIndex [
			0, 1, 2, 3, 4, 5, -1
		]
	}
}
#---------- POLYLINE
Shape {
	appearance Appearance {
		material Material {
			diffuseColor 0.5 0.5 0.5
			emissiveColor 0.5 0.5 0.5
		}
	}
	geometry IndexedLineSet {
		coord Coordinate {
			point [
				-8.91594 20.9801 2.20055,
				-14.7756 18.781 -6.24527,
				-27.7876 13.8977 -25,
				-357.342 -109.78 -500,
			]
		}
		coordIndex [
			0, 1, 2, 3, -1
		]
	}
}
#---------- POLYLINE
Shape {
	appearance Appearance {
		material Material {
			diffuseColor 0.5 0.5 0.5
			emissiveColor 0.5 0.5 0.5
		}
	}
	geometry IndexedLineSet {
		coord Coordinate {
			point [
				-8.91594 20.9801 2.20055,
				-8.91594 20.98 2.20055,
			]
		}
		coordIndex [
			0, 1, -1
		]
	}
}
#---------- POLYLINE
Shape {
	appearance Appearance {
		material Material {
			diffuseColor 0.5 0.5 0.5
			emissiveColor 0.5 0.5 0.5
		}
	}
	geometry IndexedLineSet {
		coord Coordinate {
			point [
				-5.86479 16.8141 18.7016,
			]
		}
		coordIndex [
			0, -1
		]
	}
}
#---------- POLYLINE
Shape {
	appearance Appearance {
		material Material {
			diffuseColor 0 0 1
			emissiveColor 0 0 1
		}
	}
	geometry IndexedLineSet {
		coord Coordinate {
			point [
				-5.86479 16.8141 18.7016,
				-5.82165 16.8853 18.7119,
				-5.77045 16.9441 18.7208,
				-5.72016 16.9973 18.7216,
				-5.67515 17.0456 18.7108,
				-5.63454 17.0924 18.6958,
				-5.59747 17.1359 18.6768,
				-5.56727 17.179 18.6558,
				-5.53442 17.2042 18.6324,
				-5.50663 17.2055 18.5959,
				-5.48735 17.222 18.5655,
				-5.45197 17.2791 18.4783,
				-5.37722 17.2944 18.436,
				-5.31786 17.2699 18.4167,
				-5.2651 17.2852 18.4053,
				-5.22037 17.285 18.4226,
				-5.18566 17.2688 18.4237,
				-5.15718 17.2597 18.4139,
				-5.13464 17.255 18.4067,
				-5.11855 17.2521 18.4048,
				-5.11603 17.2514 18.4053,
				-5.11614 17.2512 18.4053,
			]
		}
		coordIndex [
			0, 1, 2, 3, 4, 5, 6, 7, 8, 9, 
			10, 11, 12, 13, 14, 15, 16, 17, 18, 19, 
			20, 21, -1
		]
	}
}
#---------- POLYLINE
Shape {
	appearance Appearance {
		material Material {
			diffuseColor 0 1 0
			emissiveColor 0 1 0
		}
	}
	geometry IndexedLineSet {
		coord Coordinate {
			point [
				-5.11614 17.2512 18.4053,
				-10.019 12.3 17.1183,
				-17.7684 4.47435 15.0842,
				-24.4523 -2.27539 13.3297,
				-40.9579 -18.9437 8.99712,
				-44.9168 -21.9655 12.1637,
				-500 -369.331 376.166,
			]
		}
		coordIndex [
			0, 1, 2, 3, 4, 5, 6, -1
		]
	}
}
#---------- POLYLINE
Shape {
	appearance Appearance {
		material Material {
			diffuseColor 0 1 0
			emissiveColor 0 1 0
		}
	}
	geometry IndexedLineSet {
		coord Coordinate {
			point [
				-5.11614 17.2512 18.4053,
				-5.00046 17.3681 18.4357,
				3.01989 25.4674 20.541,
				24.4614 43.6078 12.2514,
				319.873 293.538 -101.959,
				347.439 500 -193.191,
			]
		}
		coordIndex [
			0, 1, 2, 3, 4, 5, -1
		]
	}
}
#---------- POLYLINE
Shape {
	appearance Appearance {
		material Material {
			diffuseColor 1 0 0
			emissiveColor 1 0 0
		}
	}
	geometry IndexedLineSet {
		coord Coordinate {
			point [
				319.873 293.538 -101.959,
				340.31 289.129 -100.251,
				353.421 278.886 -96.5811,
				363.471 267.753 -101.868,
				366.68 258.533 -97.9154,
				371.768 251.929 -90.8039,
				375.142 243.875 -85.9698,
				377.33 244.563 -79.5053,
				376.695 244.366 -73.2894,
				375.823 244.491 -67.8576,
				377.11 242.67 -64.1474,
				377.931 241.33 -61.6101,
				379.543 240.059 -60.0309,
				379.675 239.867 -59.84,
				379.978 239.148 -60.5187,
				380.57 238.858 -61.1201,
				380.569 238.969 -61.6774,
				380.216 239.017 -62.0288,
				380.124 238.974 -62.189,
				379.88 238.872 -62.2277,
				379.771 238.709 -62.3614,
				379.662 238.559 -62.3666,
				379.658 238.571 -62.2532,
				379.573 238.56 -62.2,
				379.521 238.498 -62.1523,
				379.544 238.444 -62.1171,
				379.56 238.392 -62.1283,
				379.559 238.358 -62.0892,
				379.554 238.323 -62.0926,
				379.538 238.309 -62.0715,
				379.531 238.307 -62.0652,
				379.531 238.305 -62.0654,
			]
		}
		coordIndex [
			0, 1, 2, 3, 4, 5, 6, 7, 8, 9, 
			10, 11, 12, 13, 14, 15, 16, 17, 18, 19, 
			20, 21, 22, 23, 24, 25, 26, 27, 28, 29, 
			30, 31, -1
		]
	}
}
#---------- POLYLINE
Shape {
	appearance Appearance {
		material Material {
			diffuseColor 1 0 0
			emissiveColor 1 0 0
		}
	}
	geometry IndexedLineSet {
		coord Coordinate {
			point [
				380.124 238.974 -62.189,
				380.137 238.958 -62.2271,
				380.141 238.956 -62.227,
				380.141 238.957 -62.2273,
				380.141 238.957 -62.2274,
			]
		}
		coordIndex [
			0, 1, 2, 3, 4, -1
		]
	}
}
#---------- POLYLINE
Shape {
	appearance Appearance {
		material Material {
			diffuseColor 1 0 0
			emissiveColor 1 0 0
		}
	}
	geometry IndexedLineSet {
		coord Coordinate {
			point [
				379.978 239.148 -60.5187,
				379.921 239.046 -60.527,
				379.871 238.979 -60.5461,
				379.814 238.979 -60.5378,
				379.784 239.011 -60.5309,
				379.791 239.041 -60.5411,
				379.802 239.048 -60.5514,
				379.802 239.048 -60.5515,
			]
		}
		coordIndex [
			0, 1, 2, 3, 4, 5, 6, 7, -1
		]
	}
}
#---------- POLYLINE
Shape {
	appearance Appearance {
		material Material {
			diffuseColor 1 0 0
			emissiveColor 1 0 0
		}
	}
	geometry IndexedLineSet {
		coord Coordinate {
			point [
				377.33 244.563 -79.5053,
				377.327 244.595 -79.5044,
				377.321 244.619 -79.4876,
				377.32 244.621 -79.4923,
			]
		}
		coordIndex [
			0, 1, 2, 3, -1
		]
	}
}
#---------- POLYLINE
Shape {
	appearance Appearance {
		material Material {
			diffuseColor 0 1 0
			emissiveColor 0 1 0
		}
	}
	geometry IndexedLineSet {
		coord Coordinate {
			point [
				375.142 243.875 -85.9698,
				369.137 249.129 -80.8183,
			]
		}
		coordIndex [
			0, 1, -1
		]
	}
}
#---------- POLYLINE
Shape {
	appearance Appearance {
		material Material {
			diffuseColor 1 0 0
			emissiveColor 1 0 0
		}
	}
	geometry IndexedLineSet {
		coord Coordinate {
			point [
				371.768 251.929 -90.8039,
				371.744 251.9 -90.8357,
				371.725 251.866 -90.8434,
				371.726 251.859 -90.842,
				371.732 251.86 -90.8407,
				371.732 251.859 -90.8401,
			]
		}
		coordIndex [
			0, 1, 2, 3, 4, 5, -1
		]
	}
}
#---------- POLYLINE
Shape {
	appearance Appearance {
		material Material {
			diffuseColor 1 0 0
			emissiveColor 1 0 0
		}
	}
	geometry IndexedLineSet {
		coord Coordinate {
			point [
				366.68 258.533 -97.9154,
				366.703 258.536 -97.9282,
				366.711 258.515 -97.9224,
				366.704 258.524 -97.9094,
				366.703 258.524 -97.9095,
			]
		}
		coordIndex [
			0, 1, 2, 3, 4, -1
		]
	}
}
#---------- POLYLINE
Shape {
	appearance Appearance {
		material Material {
			diffuseColor 1 0 0
			emissiveColor 1 0 0
		}
	}
	geometry IndexedLineSet {
		coord Coordinate {
			point [
				353.421 278.886 -96.5811,
				353.435 278.904 -96.5955,
				353.438 278.904 -96.5957,
			]
		}
		coordIndex [
			0, 1, 2, -1
		]
	}
}
#---------- POLYLINE
Shape {
	appearance Appearance {
		material Material {
			diffuseColor 1 0 0
			emissiveColor 1 0 0
		}
	}
	geometry IndexedLineSet {
		coord Coordinate {
			point [
				340.31 289.129 -100.251,
				340.31 289.129 -100.251,
			]
		}
		coordIndex [
			0, 1, -1
		]
	}
}
#---------- POLYLINE
Shape {
	appearance Appearance {
		material Material {
			diffuseColor 0.5 0.5 0.5
			emissiveColor 0.5 0.5 0.5
		}
	}
	geometry IndexedLineSet {
		coord Coordinate {
			point [
				-5.86479 16.8141 18.7016,
				-5.44687 16.3147 20,
				-3.83756 14.3913 25,
				149.048 -168.327 500,
			]
		}
		coordIndex [
			0, 1, 2, 3, -1
		]
	}
}
#---------- POLYLINE
Shape {
	appearance Appearance {
		material Material {
			diffuseColor 0.5 0.5 0.5
			emissiveColor 0.5 0.5 0.5
		}
	}
	geometry IndexedLineSet {
		coord Coordinate {
			point [
				-5.86479 16.8141 18.7016,
				-5.8648 16.8141 18.7016,
			]
		}
		coordIndex [
			0, 1, -1
		]
	}
}
#---------- POLYLINE
Shape {
	appearance Appearance {
		material Material {
			diffuseColor 0.5 0.5 0.5
			emissiveColor 0.5 0.5 0.5
		}
	}
	geometry IndexedLineSet {
		coord Coordinate {
			point [
				-9.2191 18.6149 -13.7425,
			]
		}
		coordIndex [
			0, -1
		]
	}
}
#---------- POLYLINE
Shape {
	appearance Appearance {
		material Material {
			diffuseColor 0 0 1
			emissiveColor 0 0 1
		}
	}
	geometry IndexedLineSet {
		coord Coordinate {
			point [
				-9.2191 18.6149 -13.7425,
				-9.23229 18.5966 -13.7013,
				-9.2514 18.5902 -13.6667,
				-9.24408 18.6227 -13.6593,
				-9.23807 18.6497 -13.6652,
				-9.23424 18.6722 -13.6627,
				-9.22409 18.6782 -13.6614,
				-9.22406 18.6781 -13.6621,
			]
		}
		coordIndex [
			0, 1, 2, 3, 4, 5, 6, 7, -1
		]
	}
}
#---------- POLYLINE
Shape {
	appearance Appearance {
		material Material {
			diffuseColor 0 1 0
			emissiveColor 0 1 0
		}
	}
	geometry IndexedLineSet {
		coord Coordinate {
			point [
				-9.22406 18.6781 -13.6621,
				-14.9764 17.7855 -13.2344,
				-27.2148 15.8866 -12.3245,
				-45.1718 21.4362 -1.0919,
				-500 162.001 283.418,
			]
		}
		coordIndex [
			0, 1, 2, 3, 4, -1
		]
	}
}
#---------- POLYLINE
Shape {
	appearance Appearance {
		material Material {
			diffuseColor 0 1 0
			emissiveColor 0 1 0
		}
	}
	geometry IndexedLineSet {
		coord Coordinate {
			point [
				-9.22406 18.6781 -13.6621,
				-5.40474 19.2707 -13.9461,
				6.83356 21.1696 -14.856,
				11.845 21.9472 -15.2286,
				38.6116 26.1003 -17.2186,
				34.8328 28.8849 -25,
				-195.84 198.87 -500,
			]
		}
		coordIndex [
			0, 1, 2, 3, 4, 5, 6, -1
		]
	}
}
#---------- POLYLINE
Shape {
	appearance Appearance {
		material Material {
			diffuseColor 0.5 0.5 0.5
			emissiveColor 0.5 0.5 0.5
		}
	}
	geometry IndexedLineSet {
		coord Coordinate {
			point [
				-9.2191 18.6149 -13.7425,
				-5.00848 17.009 -13.438,
				49.8467 -3.9122 -9.47056,
				500 -175.596 23.0868,
			]
		}
		coordIndex [
			0, 1, 2, 3, -1
		]
	}
}
#---------- POLYLINE
Shape {
	appearance Appearance {
		material Material {
			diffuseColor 0.5 0.5 0.5
			emissiveColor 0.5 0.5 0.5
		}
	}
	geometry IndexedLineSet {
		coord Coordinate {
			point [
				-9.2191 18.6149 -13.7425,
				-9.21911 18.6149 -13.7425,
			]
		}
		coordIndex [
			0, 1, -1
		]
	}
}
#---------- POLYLINE
Shape {
	appearance Appearance {
		material Material {
			diffuseColor 0.5 0.5 0.5
			emissiveColor 0.5 0.5 0.5
		}
	}
	geometry IndexedLineSet {
		coord Coordinate {
			point [
				-10.7597 21.1353 8.26305,
			]
		}
		coordIndex [
			0, -1
		]
	}
}
#---------- POLYLINE
Shape {
	appearance Appearance {
		material Material {
			diffuseColor 0 0 1
			emissiveColor 0 0 1
		}
	}
	geometry IndexedLineSet {
		coord Coordinate {
			point [
				-10.7597 21.1353 8.26305,
				-10.7359 21.1684 8.24997,
				-10.7188 21.1813 8.22442,
			]
		}
		coordIndex [
			0, 1, 2, -1
		]
	}
}
#---------- POLYLINE
Shape {
	appearance Appearance {
		material Material {
			diffuseColor 0 1 0
			emissiveColor 0 1 0
		}
	}
	geometry IndexedLineSet {
		coord Coordinate {
			point [
				-10.7188 21.1813 8.22442,
				-13.87 20.4659 4.63115,
				-39.856 14.5659 -25,
				-456.421 -80.0138 -500,
			]
		}
		coordIndex [
			0, 1, 2, 3, -1
		]
	}
}
#---------- POLYLINE
Shape {
	appearance Appearance {
		material Material {
			diffuseColor 0 1 0
			emissiveColor 0 1 0
		}
	}
	geometry IndexedLineSet {
		coord Coordinate {
			point [
				-10.7188 21.1813 8.22442,
				-7.87652 21.8267 11.4654,
				3.99302 24.5216 25,
				420.558 119.101 500,
			]
		}
		coordIndex [
			0, 1, 2, 3, -1
		]
	}
}
#---------- POLYLINE
Shape {
	appearance Appearance {
		material Material {
			diffuseColor 0.5 0.5 0.5
			emissiveColor 0.5 0.5 0.5
		}
	}
	geometry IndexedLineSet {
		coord Coordinate {
			point [
				-10.7597 21.1353 8.26305,
				-10.7447 22.2442 8.20589,
				-10.3832 48.91 6.83132,
				-4.26795 500 -16.4215,
			]
		}
		coordIndex [
			0, 1, 2, 3, -1
		]
	}
}
#---------- POLYLINE
Shape {
	appearance Appearance {
		material Material {
			diffuseColor 0.5 0.5 0.5
			emissiveColor 0.5 0.5 0.5
		}
	}
	geometry IndexedLineSet {
		coord Coordinate {
			point [
				-10.7597 21.1353 8.26305,
				-10.7598 21.1353 8.26306,
			]
		}
		coordIndex [
			0, 1, -1
		]
	}
}
#---------- POLYLINE
Shape {
	appearance Appearance {
		material Material {
			diffuseColor 0.5 0.5 0.5
			emissiveColor 0.5 0.5 0.5
		}
	}
	geometry IndexedLineSet {
		coord Coordinate {
			point [
				-6.78118 20.5557 -15.0585,
			]
		}
		coordIndex [
			0, -1
		]
	}
}
#---------- POLYLINE
Shape {
	appearance Appearance {
		material Material {
			diffuseColor 0 0 1
			emissiveColor 0 0 1
		}
	}
	geometry IndexedLineSet {
		coord Coordinate {
			point [
				-6.78118 20.5557 -15.0585,
				-6.73546 20.5988 -15.0302,
				-6.67885 20.6254 -15.0129,
				-6.62308 20.6487 -15.0056,
				-6.57456 20.6775 -15.003,
				-6.53241 20.7079 -15.01,
				-6.50059 20.7441 -15.0151,
				-6.48106 20.7829 -15.0253,
				-6.4687 20.8159 -15.0383,
				-6.46417 20.8297 -15.0465,
				-6.46293 20.8332 -15.0476,
				-6.46273 20.8338 -15.0478,
				-6.46267 20.8339 -15.0478,
				-6.46217 20.8353 -15.0482,
				-6.46184 20.8362 -15.0485,
				-6.46104 20.8384 -15.049,
				-6.45951 20.8424 -15.0499,
				-6.45654 20.8498 -15.0521,
				-6.45023 20.8605 -15.0616,
				-6.44064 20.8706 -15.084,
				-6.43573 20.873 -15.1085,
				-6.43224 20.8786 -15.131,
				-6.43131 20.8852 -15.1514,
				-6.43116 20.8933 -15.1688,
				-6.43962 20.9018 -15.1827,
				-6.4443 20.903 -15.1986,
				-6.44681 20.9018 -15.2114,
				-6.44275 20.9001 -15.2226,
				-6.4342 20.9014 -15.2308,
				-6.42453 20.9022 -15.2361,
				-6.41566 20.9049 -15.2383,
				-6.40954 20.9101 -15.2339,
				-6.40369 20.9133 -15.2292,
				-6.37676 20.9186 -15.2093,
				-6.36385 20.9005 -15.1913,
				-6.35178 20.9015 -15.1837,
				-6.35148 20.9021 -15.1831,
			]
		}
		coordIndex [
			0, 1, 2, 3, 4, 5, 6, 7, 8, 9, 
			10, 11, 12, 13, 14, 15, 16, 17, 18, 19, 
			20, 21, 22, 23, 24, 25, 26, 27, 28, 29, 
			30, 31, 32, 33, 34, 35, 36, -1
		]
	}
}
#---------- POLYLINE
Shape {
	appearance Appearance {
		material Material {
			diffuseColor 0 1 0
			emissiveColor 0 1 0
		}
	}
	geometry IndexedLineSet {
		coord Coordinate {
			point [
				-6.35148 20.9021 -15.1831,
				-8.76678 35.6987 -25,
				-84.5563 500 -333.044,
			]
		}
		coordIndex [
			0, 1, 2, -1
		]
	}
}
#---------- POLYLINE
Shape {
	appearance Appearance {
		material Material {
			diffuseColor 0 1 0
			emissiveColor 0 1 0
		}
	}
	geometry IndexedLineSet {
		coord Coordinate {
			point [
				-6.35148 20.9021 -15.1831,
				-6.31517 20.6797 -15.0355,
				-5.43173 15.2675 -11.4448,
				-3.51932 3.55168 -3.67187,
				-2.20723 -4.48644 1.66107,
				3.53496 -39.6642 25,
				78.6771 -500 330.413,
			]
		}
		coordIndex [
			0, 1, 2, 3, 4, 5, 6, -1
		]
	}
}
#---------- POLYLINE
Shape {
	appearance Appearance {
		material Material {
			diffuseColor 0.5 0.5 0.5
			emissiveColor 0.5 0.5 0.5
		}
	}
	geometry IndexedLineSet {
		coord Coordinate {
			point [
				-6.78118 20.5557 -15.0585,
				-7.94338 21.8574 -14.4325,
				-26.3608 42.4866 -4.5121,
				-434.824 500 215.503,
			]
		}
		coordIndex [
			0, 1, 2, 3, -1
		]
	}
}
#---------- POLYLINE
Shape {
	appearance Appearance {
		material Material {
			diffuseColor 0.5 0.5 0.5
			emissiveColor 0.5 0.5 0.5
		}
	}
	geometry IndexedLineSet {
		coord Coordinate {
			point [
				-6.78118 20.5557 -15.0585,
				-6.78118 20.5557 -15.0585,
			]
		}
		coordIndex [
			0, 1, -1
		]
	}
}
#---------- POLYLINE
Shape {
	appearance Appearance {
		material Material {
			diffuseColor 0.5 0.5 0.5
			emissiveColor 0.5 0.5 0.5
		}
	}
	geometry IndexedLineSet {
		coord Coordinate {
			point [
				-10.5694 21.173 9.53041,
			]
		}
		coordIndex [
			0, -1
		]
	}
}
#---------- POLYLINE
Shape {
	appearance Appearance {
		material Material {
			diffuseColor 0 0 1
			emissiveColor 0 0 1
		}
	}
	geometry IndexedLineSet {
		coord Coordinate {
			point [
				-10.5694 21.173 9.53041,
				-10.5318 21.2142 9.44095,
				-10.489 21.2635 9.36392,
				-10.4363 21.3241 9.31908,
				-10.3862 21.3813 9.28258,
				-10.3172 21.383 9.24257,
				-10.2556 21.3604 9.20801,
				-10.1069 21.3099 9.12759,
				-9.97835 21.2519 9.0714,
				-9.89784 21.1635 9.03065,
				-9.8552 21.0842 8.99096,
				-9.90204 21.018 9.00542,
				-9.94651 20.9942 8.99205,
				-9.95316 20.9507 8.97905,
				-9.93777 20.9395 8.98624,
				-9.93804 20.939 8.98684,
			]
		}
		coordIndex [
			0, 1, 2, 3, 4, 5, 6, 7, 8, 9, 
			10, 11, 12, 13, 14, 15, -1
		]
	}
}
#---------- POLYLINE
Shape {
	appearance Appearance {
		material Material {
			diffuseColor 0 1 0
			emissiveColor 0 1 0
		}
	}
	geometry IndexedLineSet {
		coord Coordinate {
			point [
				-9.93804 20.939 8.98684,
				-5.01367 16.9305 16.9494,
				-0.0348606 12.8777 25,
				293.724 -226.248 500,
			]
		}
		coordIndex [
			0, 1, 2, 3, -1
		]
	}
}
#---------- POLYLINE
Shape {
	appearance Appearance {
		material Material {
			diffuseColor 0 1 0
			emissiveColor 0 1 0
		}
	}
	geometry IndexedLineSet {
		coord Coordinate {
			point [
				-9.93804 20.939 8.98684,
				-11.3736 22.1076 6.66558,
				-30.9569 38.0488 -25,
				-324.716 277.174 -500,
			]
		}
		coordIndex [
			0, 1, 2, 3, -1
		]
	}
}
#---------- POLYLINE
Shape {
	appearance Appearance {
		material Material {
			diffuseColor 0.5 0.5 0.5
			emissiveColor 0.5 0.5 0.5
		}
	}
	geometry IndexedLineSet {
		coord Coordinate {
			point [
				-10.5694 21.173 9.53041,
				-12.1326 21.8224 9.23486,
				-37.9547 32.5491 4.35266,
				-500 224.487 -83.0066,
			]
		}
		coordIndex [
			0, 1, 2, 3, -1
		]
	}
}
#---------- POLYLINE
Shape {
	appearance Appearance {
		material Material {
			diffuseColor 0.5 0.5 0.5
			emissiveColor 0.5 0.5 0.5
		}
	}
	geometry IndexedLineSet {
		coord Coordinate {
			point [
				-10.5694 21.173 9.53041,
				-10.5694 21.173 9.53043,
			]
		}
		coordIndex [
			0, 1, -1
		]
	}
}
#---------- POLYLINE
Shape {
	appearance Appearance {
		material Material {
			diffuseColor 0.5 0.5 0.5
			emissiveColor 0.5 0.5 0.5
		}
	}
	geometry IndexedLineSet {
		coord Coordinate {
			point [
				-11.9476 19.134 -18.2484,
			]
		}
		coordIndex [
			0, -1
		]
	}
}
#---------- POLYLINE
Shape {
	appearance Appearance {
		material Material {
			diffuseColor 0 0 1
			emissiveColor 0 0 1
		}
	}
	geometry IndexedLineSet {
		coord Coordinate {
			point [
				-11.9476 19.134 -18.2484,
				-11.8653 19.1595 -18.0833,
				-11.7601 19.1515 -17.9645,
				-11.6649 19.139 -17.8764,
				-11.6273 19.0902 -17.7837,
				-11.6426 19.1029 -17.6889,
				-11.6367 19.0394 -17.6348,
				-11.6079 19.0088 -17.5762,
				-11.5957 18.9782 -17.526,
				-11.6262 18.9691 -17.4874,
				-11.5975 18.9477 -17.4692,
				-11.5978 18.9473 -17.4672,
				-11.5979 18.9471 -17.4671,
			]
		}
		coordIndex [
			0, 1, 2, 3, 4, 5, 6, 7, 8, 9, 
			10, 11, 12, -1
		]
	}
}
#---------- POLYLINE
Shape {
	appearance Appearance {
		material Material {
			diffuseColor 0 1 0
			emissiveColor 0 1 0
		}
	}
	geometry IndexedLineSet {
		coord Coordinate {
			point [
				-11.5979 18.9471 -17.4671,
				-12.9451 17.796 -20,
				-14.7636 16.2422 -23.4191,
				-10.852 14.7852 -20,
				-6.95549 13.3338 -16.594,
				-4.73135 12.5053 -14.6499,
			]
		}
		coordIndex [
			0, 1, 2, 3, 4, 5, -1
		]
	}
}
#---------- POLYLINE
Shape {
	appearance Appearance {
		material Material {
			diffuseColor 0 1 0
			emissiveColor 0 1 0
		}
	}
	geometry IndexedLineSet {
		coord Coordinate {
			point [
				-11.5979 18.9471 -17.4671,
				-8.10855 21.9284 -10.9069,
				10.9898 38.2464 25,
				263.635 254.112 500,
			]
		}
		coordIndex [
			0, 1, 2, 3, -1
		]
	}
}
#---------- POLYLINE
Shape {
	appearance Appearance {
		material Material {
			diffuseColor 0.5 0.5 0.5
			emissiveColor 0.5 0.5 0.5
		}
	}
	geometry IndexedLineSet {
		coord Coordinate {
			point [
				-11.9476 19.134 -18.2484,
				-14.9895 17.6242 -18.6769,
				-49.9994 0.246918 -23.6088,
				-500 -223.112 -87.0004,
			]
		}
		coordIndex [
			0, 1, 2, 3, -1
		]
	}
}
#---------- POLYLINE
Shape {
	appearance Appearance {
		material Material {
			diffuseColor 0.5 0.5 0.5
			emissiveColor 0.5 0.5 0.5
		}
	}
	geometry IndexedLineSet {
		coord Coordinate {
			point [
				-11.9476 19.134 -18.2484,
				-11.9476 19.134 -18.2484,
			]
		}
		coordIndex [
			0, 1, -1
		]
	}
}
#---------- POLYLINE
Shape {
	appearance Appearance {
		material Material {
			diffuseColor 0.5 0.5 0.5
			emissiveColor 0.5 0.5 0.5
		}
	}
	geometry IndexedLineSet {
		coord Coordinate {
			point [
				-9.18389 19.2382 4.67965,
			]
		}
		coordIndex [
			0, -1
		]
	}
}
#---------- POLYLINE
Shape {
	appearance Appearance {
		material Material {
			diffuseColor 0 0 1
			emissiveColor 0 0 1
		}
	}
	geometry IndexedLineSet {
		coord Coordinate {
			point [
				-9.18389 19.2382 4.67965,
				-9.25959 19.0609 4.70881,
				-9.38375 18.9713 4.77354,
				-9.45651 18.8615 4.82858,
				-9.51872 18.7724 4.84439,
				-9.57446 18.7198 4.88249,
				-9.6124 18.7095 4.94508,
				-9.61887 18.7388 5.00019,
				-9.65337 18.7595 5.00267,
				-9.67889 18.7767 5.01773,
				-9.69923 18.7885 5.03367,
				-9.71118 18.7968 5.01626,
				-9.71132 18.7987 5.0149,
				-9.71132 18.7986 5.01484,
			]
		}
		coordIndex [
			0, 1, 2, 3, 4, 5, 6, 7, 8, 9, 
			10, 11, 12, 13, -1
		]
	}
}
#---------- POLYLINE
Shape {
	appearance Appearance {
		material Material {
			diffuseColor 0 1 0
			emissiveColor 0 1 0
		}
	}
	geometry IndexedLineSet {
		coord Coordinate {
			point [
				-9.71132 18.7986 5.01484,
				-13.178 13.4399 10.2819,
				-18.742 4.83915 18.7355,
				-19.5742 3.55265 20,
				-22.8651 -1.53435 25,
				-335.5 -484.8 500,
			]
		}
		coordIndex [
			0, 1, 2, 3, 4, 5, -1
		]
	}
}
#---------- POLYLINE
Shape {
	appearance Appearance {
		material Material {
			diffuseColor 0 1 0
			emissiveColor 0 1 0
		}
	}
	geometry IndexedLineSet {
		coord Coordinate {
			point [
				-9.71132 18.7986 5.01484,
				-7.78189 21.7811 2.08336,
				6.63871 44.0722 -19.8265,
				9.94073 48.0659 -20.9121,
				8.13742 46.5701 -25,
				-201.4 -127.239 -500,
			]
		}
		coordIndex [
			0, 1, 2, 3, 4, 5, -1
		]
	}
}
#---------- POLYLINE
Shape {
	appearance Appearance {
		material Material {
			diffuseColor 0.5 0.5 0.5
			emissiveColor 0.5 0.5 0.5
		}
	}
	geometry IndexedLineSet {
		coord Coordinate {
			point [
				-9.18389 19.2382 4.67965,
				-12.8444 21.4121 5.44053,
				-35.7134 34.9936 10.1942,
				-500 310.724 106.702,
			]
		}
		coordIndex [
			0, 1, 2, 3, -1
		]
	}
}
#---------- POLYLINE
Shape {
	appearance Appearance {
		material Material {
			diffuseColor 0.5 0.5 0.5
			emissiveColor 0.5 0.5 0.5
		}
	}
	geometry IndexedLineSet {
		coord Coordinate {
			point [
				-9.18389 19.2382 4.67965,
				-9.18388 19.2382 4.67964,
			]
		}
		coordIndex [
			0, 1, -1
		]
	}
}
#---------- POLYLINE
Shape {
	appearance Appearance {
		material Material {
			diffuseColor 0.5 0.5 0.5
			emissiveColor 0.5 0.5 0.5
		}
	}
	geometry IndexedLineSet {
		coord Coordinate {
			point [
				-11.2153 16.4531 2.80561,
			]
		}
		coordIndex [
			0, -1
		]
	}
}
#---------- POLYLINE
Shape {
	appearance Appearance {
		material Material {
			diffuseColor 0 0 1
			emissiveColor 0 0 1
		}
	}
	geometry IndexedLineSet {
		coord Coordinate {
			point [
				-11.2153 16.4531 2.80561,
				-11.3008 16.4864 2.80177,
				-11.3542 16.5229 2.76653,
				-11.3881 16.5394 2.7182,
				-11.3859 16.5881 2.7044,
				-11.4133 16.6191 2.69452,
				-11.4397 16.6315 2.67624,
				-11.4251 16.643 2.65464,
				-11.4129 16.6594 2.64421,
				-11.4134 16.6702 2.63596,
				-11.4133 16.6699 2.63546,
			]
		}
		coordIndex [
			0, 1, 2, 3, 4, 5, 6, 7, 8, 9, 
			10, -1
		]
	}
}
#---------- POLYLINE
Shape {
	appearance Appearance {
		material Material {
			diffuseColor 0 1 0
			emissiveColor 0 1 0
		}
	}
	geometry IndexedLineSet {
		coord Coordinate {
			point [
				-11.4133 16.6699 2.63546,
				-13.7799 14.0271 -10.0492,
				-16.5693 10.9122 -25,
				-105.191 -88.0518 -500,
			]
		}
		coordIndex [
			0, 1, 2, 3, -1
		]
	}
}
#---------- POLYLINE
Shape {
	appearance Appearance {
		material Material {
			diffuseColor 0 1 0
			emissiveColor 0 1 0
		}
	}
	geometry IndexedLineSet {
		coord Coordinate {
			point [
				-11.4133 16.6699 2.63546,
				-9.02066 19.3418 15.4598,
				-7.15066 19.5822 20,
				-5.09125 19.8469 25,
				190.552 44.9973 500,
			]
		}
		coordIndex [
			0, 1, 2, 3, 4, -1
		]
	}
}
#---------- POLYLINE
Shape {
	appearance Appearance {
		material Material {
			diffuseColor 0.5 0.5 0.5
			emissiveColor 0.5 0.5 0.5
		}
	}
	geometry IndexedLineSet {
		coord Coordinate {
			point [
				-11.2153 16.4531 2.80561,
				-5.01687 17.7104 6.75844,
				5.72237 19.8888 13.607,
				12.9308 21.351 18.2039,
				23.5878 23.5127 25,
				500 120.15 328.814,
			]
		}
		coordIndex [
			0, 1, 2, 3, 4, 5, -1
		]
	}
}
#---------- POLYLINE
Shape {
	appearance Appearance {
		material Material {
			diffuseColor 0.5 0.5 0.5
			emissiveColor 0.5 0.5 0.5
		}
	}
	geometry IndexedLineSet {
		coord Coordinate {
			point [
				-11.2153 16.4531 2.80561,
				-11.2153 16.4531 2.80561,
			]
		}
		coordIndex [
			0, 1, -1
		]
	}
}
#---------- POLYLINE
Shape {
	appearance Appearance {
		material Material {
			diffuseColor 0.5 0.5 0.5
			emissiveColor 0.5 0.5 0.5
		}
	}
	geometry IndexedLineSet {
		coord Coordinate {
			point [
				-6.80649 14.7989 -0.670499,
			]
		}
		coordIndex [
			0, -1
		]
	}
}
#---------- POLYLINE
Shape {
	appearance Appearance {
		material Material {
			diffuseColor 0 0 1
			emissiveColor 0 0 1
		}
	}
	geometry IndexedLineSet {
		coord Coordinate {
			point [
				-6.80649 14.7989 -0.670499,
				-6.83113 14.8073 -0.698113,
				-6.84692 14.833 -0.708548,
				-6.84655 14.8319 -0.705895,
			]
		}
		coordIndex [
			0, 1, 2, 3, -1
		]
	}
}
#---------- POLYLINE
Shape {
	appearance Appearance {
		material Material {
			diffuseColor 0 1 0
			emissiveColor 0 1 0
		}
	}
	geometry IndexedLineSet {
		coord Coordinate {
			point [
				-6.84655 14.8319 -0.705895,
				-5.58169 14.9594 -0.101555,
				5.16078 16.0423 5.03111,
				14.9929 17.0334 9.72882,
				45.7664 20.1355 24.4322,
				500 65.924 241.462,
			]
		}
		coordIndex [
			0, 1, 2, 3, 4, 5, -1
		]
	}
}
#---------- POLYLINE
Shape {
	appearance Appearance {
		material Material {
			diffuseColor 0 1 0
			emissiveColor 0 1 0
		}
	}
	geometry IndexedLineSet {
		coord Coordinate {
			point [
				-6.84655 14.8319 -0.705895,
				-13.8623 14.1247 -4.05796,
				-22.8616 13.2175 -8.35775,
				-33.9607 16.1482 -25,
				-350.751 99.7954 -500,
			]
		}
		coordIndex [
			0, 1, 2, 3, 4, -1
		]
	}
}
#---------- POLYLINE
Shape {
	appearance Appearance {
		material Material {
			diffuseColor 0.5 0.5 0.5
			emissiveColor 0.5 0.5 0.5
		}
	}
	geometry IndexedLineSet {
		coord Coordinate {
			point [
				-6.80649 14.7989 -0.670499,
				-5.96256 20.2494 -7.543,
				-3.81887 34.0943 -25,
				54.5102 410.809 -500,
			]
		}
		coordIndex [
			0, 1, 2, 3, -1
		]
	}
}
#---------- POLYLINE
Shape {
	appearance Appearance {
		material Material {
			diffuseColor 0.5 0.5 0.5
			emissiveColor 0.5 0.5 0.5
		}
	}
	geometry IndexedLineSet {
		coord Coordinate {
			point [
				-6.80649 14.7989 -0.670499,
				-6.80648 14.7989 -0.670488,
			]
		}
		coordIndex [
			0, 1, -1
		]
	}
}
#---------- POLYLINE
Shape {
	appearance Appearance {
		material Material {
			diffuseColor 0.5 0.5 0.5
			emissiveColor 0.5 0.5 0.5
		}
	}
	geometry IndexedLineSet {
		coord Coordinate {
			point [
				-11.1503 16.3936 -12.7735,
			]
		}
		coordIndex [
			0, -1
		]
	}
}
#---------- POLYLINE
Shape {
	appearance Appearance {
		material Material {
			diffuseColor 0 0 1
			emissiveColor 0 0 1
		}
	}
	geometry IndexedLineSet {
		coord Coordinate {
			point [
				-11.1503 16.3936 -12.7735,
				-11.1783 16.3456 -12.7863,
				-11.2195 16.3269 -12.793,
				-11.2376 16.303 -12.769,
				-11.2426 16.2898 -12.7412,
				-11.2504 16.2677 -12.7271,
				-11.2619 16.2521 -12.7173,
				-11.2527 16.2464 -12.7188,
				-11.253 16.2466 -12.7181,
			]
		}
		coordIndex [
			0, 1, 2, 3, 4, 5, 6, 7, 8, -1
		]
	}
}
#---------- POLYLINE
Shape {
	appearance Appearance {
		material Material {
			diffuseColor 0 1 0
			emissiveColor 0 1 0
		}
	}
	geometry IndexedLineSet {
		coord Coordinate {
			point [
				-11.253 16.2466 -12.7181,
				-9.54781 12.3205 -11.9949,
				-4.80195 1.39329 -9.98202,
				-2.25967 -4.46026 -8.90375,
				10.2936 -33.3637 -3.57947,
				-13.3997 -47.3953 25,
				-407.19 -280.605 500,
			]
		}
		coordIndex [
			0, 1, 2, 3, 4, 5, 6, -1
		]
	}
}
#---------- POLYLINE
Shape {
	appearance Appearance {
		material Material {
			diffuseColor 0 1 0
			emissiveColor 0 1 0
		}
	}
	geometry IndexedLineSet {
		coord Coordinate {
			point [
				-11.253 16.2466 -12.7181,
				-13.3303 21.0295 -13.5992,
				-22.4513 42.0304 -17.4677,
				-22.3942 44.7046 -18.1142,
				-12.6672 500 -128.179,
			]
		}
		coordIndex [
			0, 1, 2, 3, 4, -1
		]
	}
}
#---------- POLYLINE
Shape {
	appearance Appearance {
		material Material {
			diffuseColor 0.5 0.5 0.5
			emissiveColor 0.5 0.5 0.5
		}
	}
	geometry IndexedLineSet {
		coord Coordinate {
			point [
				-11.1503 16.3936 -12.7735,
				-5.62715 14.8755 -13.643,
				49.9983 -0.413963 -22.3997,
				500 -124.104 -93.2409,
			]
		}
		coordIndex [
			0, 1, 2, 3, -1
		]
	}
}
#---------- POLYLINE
Shape {
	appearance Appearance {
		material Material {
			diffuseColor 0.5 0.5 0.5
			emissiveColor 0.5 0.5 0.5
		}
	}
	geometry IndexedLineSet {
		coord Coordinate {
			point [
				-11.1503 16.3936 -12.7735,
				-11.1503 16.3936 -12.7735,
			]
		}
		coordIndex [
			0, 1, -1
		]
	}
}
#---------- POLYLINE
Shape {
	appearance Appearance {
		material Material {
			diffuseColor 0.5 0.5 0.5
			emissiveColor 0.5 0.5 0.5
		}
	}
	geometry IndexedLineSet {
		coord Coordinate {
			point [
				-10.6763 13.7541 -4.15039,
			]
		}
		coordIndex [
			0, -1
		]
	}
}
#---------- POLYLINE
Shape {
	appearance Appearance {
		material Material {
			diffuseColor 0 0 1
			emissiveColor 0 0 1
		}
	}
	geometry IndexedLineSet {
		coord Coordinate {
			point [
				-10.6763 13.7541 -4.15039,
				-10.6775 13.7842 -4.12436,
				-10.6856 13.8129 -4.13551,
				-10.6917 13.8337 -4.1445,
				-10.6947 13.8457 -4.1514,
				-10.6944 13.8457 -4.1521,
			]
		}
		coordIndex [
			0, 1, 2, 3, 4, 5, -1
		]
	}
}
#---------- POLYLINE
Shape {
	appearance Appearance {
		material Material {
			diffuseColor 0 1 0
			emissiveColor 0 1 0
		}
	}
	geometry IndexedLineSet {
		coord Coordinate {
			point [
				-10.6944 13.8457 -4.1521,
				-6.94623 21.2591 -6.777,
				1.85136 38.6595 -12.938,
				-5.65988 49.6786 1.7084,
				-261.203 424.565 500,
			]
		}
		coordIndex [
			0, 1, 2, 3, 4, -1
		]
	}
}
#---------- POLYLINE
Shape {
	appearance Appearance {
		material Material {
			diffuseColor 0 1 0
			emissiveColor 0 1 0
		}
	}
	geometry IndexedLineSet {
		coord Coordinate {
			point [
				-10.6944 13.8457 -4.1521,
				-11.378 12.4936 -3.67338,
				-16.1079 3.13868 -0.361043,
				-20.2203 -4.99514 2.51892,
				-35.4979 -35.2122 13.218,
				-270.493 -500 177.787,
			]
		}
		coordIndex [
			0, 1, 2, 3, 4, 5, -1
		]
	}
}
#---------- POLYLINE
Shape {
	appearance Appearance {
		material Material {
			diffuseColor 0.5 0.5 0.5
			emissiveColor 0.5 0.5 0.5
		}
	}
	geometry IndexedLineSet {
		coord Coordinate {
			point [
				-10.6763 13.7541 -4.15039,
				-11.372 12.4919 0.638316,
				-14.9112 6.07075 25,
				-83.9176 -119.128 500,
			]
		}
		coordIndex [
			0, 1, 2, 3, -1
		]
	}
}
#---------- POLYLINE
Shape {
	appearance Appearance {
		material Material {
			diffuseColor 0.5 0.5 0.5
			emissiveColor 0.5 0.5 0.5
		}
	}
	geometry IndexedLineSet {
		coord Coordinate {
			point [
				-10.6763 13.7541 -4.15039,
				-10.6763 13.7541 -4.1504,
			]
		}
		coordIndex [
			0, 1, -1
		]
	}
}
#---------- POLYLINE
Shape {
	appearance Appearance {
		material Material {
			diffuseColor 0.5 0.5 0.5
			emissiveColor 0.5 0.5 0.5
		}
	}
	geometry IndexedLineSet {
		coord Coordinate {
			point [
				-9.57203 15.9913 2.75537,
			]
		}
		coordIndex [
			0, -1
		]
	}
}
#---------- POLYLINE
Shape {
	appearance Appearance {
		material Material {
			diffuseColor 0 0 1
			emissiveColor 0 0 1
		}
	}
	geometry IndexedLineSet {
		coord Coordinate {
			point [
				-9.57203 15.9913 2.75537,
				-9.6198 16.0294 2.73758,
				-9.66121 16.0597 2.75797,
				-9.69702 16.0872 2.76865,
				-9.71989 16.1161 2.77426,
				-9.72868 16.1328 2.79619,
				-9.73892 16.1421 2.81626,
				-9.74698 16.1537 2.81503,
				-9.74707 16.1535 2.81455,
			]
		}
		coordIndex [
			0, 1, 2, 3, 4, 5, 6, 7, 8, -1
		]
	}
}
#---------- POLYLINE
Shape {
	appearance Appearance {
		material Material {
			diffuseColor 0 1 0
			emissiveColor 0 1 0
		}
	}
	geometry IndexedLineSet {
		coord Coordinate {
			point [
				-9.74707 16.1535 2.81455,
				-10.7763 18.6952 -4.75607,
				-13.3073 21.0499 -6.17111,
				-31.9879 38.4288 -16.6151,
				-500 473.832 -278.272,
			]
		}
		coordIndex [
			0, 1, 2, 3, 4, -1
		]
	}
}
#---------- POLYLINE
Shape {
	appearance Appearance {
		material Material {
			diffuseColor 0 1 0
			emissiveColor 0 1 0
		}
	}
	geometry IndexedLineSet {
		coord Coordinate {
			point [
				-9.74707 16.1535 2.81455,
				-9.20543 14.8159 6.79852,
				-13.645 20.7226 7.76363,
				-28.7935 40.8771 11.0567,
				-373.879 500 86.0738,
			]
		}
		coordIndex [
			0, 1, 2, 3, 4, -1
		]
	}
}
#---------- POLYLINE
Shape {
	appearance Appearance {
		material Material {
			diffuseColor 0.5 0.5 0.5
			emissiveColor 0.5 0.5 0.5
		}
	}
	geometry IndexedLineSet {
		coord Coordinate {
			point [
				-9.57203 15.9913 2.75537,
				-12.6104 13.0355 2.2071,
				-20.9671 4.90558 0.699131,
				-24.8771 1.10173 -0.00642312,
				-46.0445 -19.4911 -3.82607,
				-500 -461.123 -85.742,
			]
		}
		coordIndex [
			0, 1, 2, 3, 4, 5, -1
		]
	}
}
#---------- POLYLINE
Shape {
	appearance Appearance {
		material Material {
			diffuseColor 0.5 0.5 0.5
			emissiveColor 0.5 0.5 0.5
		}
	}
	geometry IndexedLineSet {
		coord Coordinate {
			point [
				-9.57203 15.9913 2.75537,
				-9.57202 15.9913 2.75537,
			]
		}
		coordIndex [
			0, 1, -1
		]
	}
}
#---------- POLYLINE
Shape {
	appearance Appearance {
		material Material {
			diffuseColor 0.5 0.5 0.5
			emissiveColor 0.5 0.5 0.5
		}
	}
	geometry IndexedLineSet {
		coord Coordinate {
			point [
				-8.52755 13.8719 -11.827,
			]
		}
		coordIndex [
			0, -1
		]
	}
}
#---------- POLYLINE
Shape {
	appearance Appearance {
		material Material {
			diffuseColor 0 0 1
			emissiveColor 0 0 1
		}
	}
	geometry IndexedLineSet {
		coord Coordinate {
			point [
				-8.52755 13.8719 -11.827,
				-8.54919 13.9039 -11.7776,
				-8.56572 13.8726 -11.7445,
				-8.5847 13.8469 -11.7203,
				-8.59837 13.8214 -11.7377,
				-8.60568 13.8012 -11.7184,
				-8.61687 13.7937 -11.7256,
				-8.61925 13.7919 -11.7256,
				-8.61919 13.7919 -11.7257,
			]
		}
		coordIndex [
			0, 1, 2, 3, 4, 5, 6, 7, 8, -1
		]
	}
}
#---------- POLYLINE
Shape {
	appearance Appearance {
		material Material {
			diffuseColor 0 1 0
			emissiveColor 0 1 0
		}
	}
	geometry IndexedLineSet {
		coord Coordinate {
			point [
				-8.61919 13.7919 -11.7257,
				-12.0602 12.7442 -3.52436,
				-24.0283 9.10027 25,
				-223.325 -51.5797 500,
			]
		}
		coordIndex [
			0, 1, 2, 3, -1
		]
	}
}
#---------- POLYLINE
Shape {
	appearance Appearance {
		material Material {
			diffuseColor 0 1 0
			emissiveColor 0 1 0
		}
	}
	geometry IndexedLineSet {
		coord Coordinate {
			point [
				-8.61919 13.7919 -11.7257,
				-5.75047 14.6653 -18.5629,
				-3.04965 15.4876 -25,
				196.247 76.1676 -500,
			]
		}
		coordIndex [
			0, 1, 2, 3, -1
		]
	}
}
#---------- POLYLINE
Shape {
	appearance Appearance {
		material Material {
			diffuseColor 0.5 0.5 0.5
			emissiveColor 0.5 0.5 0.5
		}
	}
	geometry IndexedLineSet {
		coord Coordinate {
			point [
				-8.52755 13.8719 -11.827,
				-5.01321 16.9368 -12.8328,
				25.1303 43.2258 -21.4593,
				500 457.373 -157.358,
			]
		}
		coordIndex [
			0, 1, 2, 3, -1
		]
	}
}
#---------- POLYLINE
Shape {
	appearance Appearance {
		material Material {
			diffuseColor 0.5 0.5 0.5
			emissiveColor 0.5 0.5 0.5
		}
	}
	geometry IndexedLineSet {
		coord Coordinate {
			point [
				-8.52755 13.8719 -11.827,
				-8.52755 13.8719 -11.827,
			]
		}
		coordIndex [
			0, 1, -1
		]
	}
}
#---------- POLYLINE
Shape {
	appearance Appearance {
		material Material {
			diffuseColor 0.5 0.5 0.5
			emissiveColor 0.5 0.5 0.5
		}
	}
	geometry IndexedLineSet {
		coord Coordinate {
			point [
				-10.7655 16.4128 3.48318,
			]
		}
		coordIndex [
			0, -1
		]
	}
}
#---------- POLYLINE
Shape {
	appearance Appearance {
		material Material {
			diffuseColor 0 0 1
			emissiveColor 0 0 1
		}
	}
	geometry IndexedLineSet {
		coord Coordinate {
			point [
				-10.7655 16.4128 3.48318,
				-10.5253 16.5118 3.63651,
				-10.3814 16.5284 3.84139,
				-10.2789 16.3566 3.9274,
				-10.1756 16.2181 3.98165,
				-10.1843 16.0722 3.92705,
				-10.2472 16.0067 3.82584,
				-10.3268 15.9262 3.84394,
				-10.4057 15.8956 3.85654,
				-10.4764 15.8897 3.86919,
				-10.5266 15.8697 3.87222,
				-10.5387 15.8755 3.91521,
				-10.5688 15.8804 3.93812,
				-10.5719 15.9041 3.95639,
				-10.5838 15.8941 3.9742,
				-10.5803 15.8984 3.98356,
				-10.5796 15.8986 3.98386,
			]
		}
		coordIndex [
			0, 1, 2, 3, 4, 5, 6, 7, 8, 9, 
			10, 11, 12, 13, 14, 15, 16, -1
		]
	}
}
#---------- POLYLINE
Shape {
	appearance Appearance {
		material Material {
			diffuseColor 0 1 0
			emissiveColor 0 1 0
		}
	}
	geometry IndexedLineSet {
		coord Coordinate {
			point [
				-10.5796 15.8986 3.98386,
				-9.05609 12.3899 -0.636351,
				-4.56343 2.04332 -14.2605,
				-2.67078 -2.31545 -20,
				-1.02199 -6.1126 -25,
				155.613 -366.842 -500,
			]
		}
		coordIndex [
			0, 1, 2, 3, 4, 5, -1
		]
	}
}
#---------- POLYLINE
Shape {
	appearance Appearance {
		material Material {
			diffuseColor 0 1 0
			emissiveColor 0 1 0
		}
	}
	geometry IndexedLineSet {
		coord Coordinate {
			point [
				-10.5796 15.8986 3.98386,
				-12.9432 21.342 11.1515,
				-17.5099 31.8589 25,
				-174.145 392.589 500,
			]
		}
		coordIndex [
			0, 1, 2, 3, -1
		]
	}
}
#---------- POLYLINE
Shape {
	appearance Appearance {
		material Material {
			diffuseColor 0.5 0.5 0.5
			emissiveColor 0.5 0.5 0.5
		}
	}
	geometry IndexedLineSet {
		coord Coordinate {
			point [
				-10.7655 16.4128 3.48318,
				-9.1552 12.3719 -1.04917,
				-4.79273 1.42468 -13.3276,
				-2.49927 -4.33055 -19.7827,
				-0.64557 -8.98224 -25,
				168.12 -432.484 -500,
			]
		}
		coordIndex [
			0, 1, 2, 3, 4, 5, -1
		]
	}
}
#---------- POLYLINE
Shape {
	appearance Appearance {
		material Material {
			diffuseColor 0.5 0.5 0.5
			emissiveColor 0.5 0.5 0.5
		}
	}
	geometry IndexedLineSet {
		coord Coordinate {
			point [
				-10.7655 16.4128 3.48318,
				-10.7655 16.4128 3.48317,
			]
		}
		coordIndex [
			0, 1, -1
		]
	}
}
#---------- POLYLINE
Shape {
	appearance Appearance {
		material Material {
			diffuseColor 0.5 0.5 0.5
			emissiveColor 0.5 0.5 0.5
		}
	}
	geometry IndexedLineSet {
		coord Coordinate {
			point [
				-9.68939 19.5845 18.2217,
			]
		}
		coordIndex [
			0, -1
		]
	}
}
#---------- POLYLINE
Shape {
	appearance Appearance {
		material Material {
			diffuseColor 0 0 1
			emissiveColor 0 0 1
		}
	}
	geometry IndexedLineSet {
		coord Coordinate {
			point [
				-9.68939 19.5845 18.2217,
				-9.71054 19.6718 18.2577,
				-9.71739 19.7547 18.2664,
				-9.69441 19.8134 18.2982,
				-9.65208 19.827 18.3369,
				-9.60936 19.8297 18.3542,
				-9.59605 19.8559 18.3707,
				-9.60529 19.8758 18.3822,
				-9.6135 19.8864 18.3875,
				-9.61425 19.8868 18.3879,
			]
		}
		coordIndex [
			0, 1, 2, 3, 4, 5, 6, 7, 8, 9, -1
		]
	}
}
#---------- POLYLINE
Shape {
	appearance Appearance {
		material Material {
			diffuseColor 0 1 0
			emissiveColor 0 1 0
		}
	}
	geometry IndexedLineSet {
		coord Coordinate {
			point [
				-9.61425 19.8868 18.3879,
				-8.01209 12.7122 7.65284,
				-3.13879 -9.11105 -25,
				67.753 -326.573 -500,
			]
		}
		coordIndex [
			0, 1, 2, 3, -1
		]
	}
}
#---------- POLYLINE
Shape {
	appearance Appearance {
		material Material {
			diffuseColor 0 1 0
			emissiveColor 0 1 0
		}
	}
	geometry IndexedLineSet {
		coord Coordinate {
			point [
				-9.61425 19.8868 18.3879,
				-9.85485 20.9643 20,
				-10.6011 24.306 25,
				-81.4929 341.768 500,
			]
		}
		coordIndex [
			0, 1, 2, 3, -1
		]
	}
}
#---------- POLYLINE
Shape {
	appearance Appearance {
		material Material {
			diffuseColor 0.5 0.5 0.5
			emissiveColor 0.5 0.5 0.5
		}
	}
	geometry IndexedLineSet {
		coord Coordinate {
			point [
				-9.68939 19.5845 18.2217,
				-5.89061 20.1483 6.10129,
				3.85716 21.5951 -25,
				152.732 43.6912 -500,
			]
		}
		coordIndex [
			0, 1, 2, 3, -1
		]
	}
}
#---------- POLYLINE
Shape {
	appearance Appearance {
		material Material {
			diffuseColor 0.5 0.5 0.5
			emissiveColor 0.5 0.5 0.5
		}
	}
	geometry IndexedLineSet {
		coord Coordinate {
			point [
				-9.68939 19.5845 18.2217,
				-9.68939 19.5845 18.2217,
			]
		}
		coordIndex [
			0, 1, -1
		]
	}
}
#---------- POLYLINE
Shape {
	appearance Appearance {
		material Material {
			diffuseColor 0.5 0.5 0.5
			emissiveColor 0.5 0.5 0.5
		}
	}
	geometry IndexedLineSet {
		coord Coordinate {
			point [
				-6.47691 16.9257 19.1592,
			]
		}
		coordIndex [
			0, -1
		]
	}
}
#---------- POLYLINE
Shape {
	appearance Appearance {
		material Material {
			diffuseColor 0 0 1
			emissiveColor 0 0 1
		}
	}
	geometry IndexedLineSet {
		coord Coordinate {
			point [
				-6.47691 16.9257 19.1592,
				-6.45814 16.8824 19.0888,
				-6.4212 16.8464 19.0398,
				-6.39821 16.7954 19.0186,
				-6.39593 16.7866 18.968,
				-6.37679 16.7571 18.9407,
				-6.36801 16.7325 18.9285,
				-6.36795 16.7253 18.9215,
				-6.3679 16.7251 18.9213,
			]
		}
		coordIndex [
			0, 1, 2, 3, 4, 5, 6, 7, 8, -1
		]
	}
}
#---------- POLYLINE
Shape {
	appearance Appearance {
		material Material {
			diffuseColor 0 1 0
			emissiveColor 0 1 0
		}
	}
	geometry IndexedLineSet {
		coord Coordinate {
			point [
				-6.3679 16.7251 18.9213,
				-5.29295 15.6137 19.564,
				3.79933 6.21309 25,
				493.411 -500 317.723,
			]
		}
		coordIndex [
			0, 1, 2, 3, -1
		]
	}
}
#---------- POLYLINE
Shape {
	appearance Appearance {
		material Material {
			diffuseColor 0 1 0
			emissiveColor 0 1 0
		}
	}
	geometry IndexedLineSet {
		coord Coordinate {
			point [
				-6.3679 16.7251 18.9213,
				-11.5285 22.0606 15.836,
				-29.346 40.4823 5.1835,
				-473.793 500 -260.537,
			]
		}
		coordIndex [
			0, 1, 2, 3, -1
		]
	}
}
#---------- POLYLINE
Shape {
	appearance Appearance {
		material Material {
			diffuseColor 0.5 0.5 0.5
			emissiveColor 0.5 0.5 0.5
		}
	}
	geometry IndexedLineSet {
		coord Coordinate {
			point [
				-6.47691 16.9257 19.1592,
				-6.28616 17.0971 20,
				-5.15175 18.1167 25,
				102.617 114.981 500,
			]
		}
		coordIndex [
			0, 1, 2, 3, -1
		]
	}
}
#---------- POLYLINE
Shape {
	appearance Appearance {
		material Material {
			diffuseColor 0.5 0.5 0.5
			emissiveColor 0.5 0.5 0.5
		}
	}
	geometry IndexedLineSet {
		coord Coordinate {
			point [
				-6.47691 16.9257 19.1592,
				-6.47691 16.9257 19.1592,
			]
		}
		coordIndex [
			0, 1, -1
		]
	}
}
#---------- POLYLINE
Shape {
	appearance Appearance {
		material Material {
			diffuseColor 0.5 0.5 0.5
			emissiveColor 0.5 0.5 0.5
		}
	}
	geometry IndexedLineSet {
		coord Coordinate {
			point [
				-11.5616 14.7464 18.9113,
			]
		}
		coordIndex [
			0, -1
		]
	}
}
#---------- POLYLINE
Shape {
	appearance Appearance {
		material Material {
			diffuseColor 0 0 1
			emissiveColor 0 0 1
		}
	}
	geometry IndexedLineSet {
		coord Coordinate {
			point [
				-11.5616 14.7464 18.9113,
				-11.6039 14.6986 18.8202,
				-11.6318 14.6585 18.7307,
				-11.713 14.4865 18.5584,
				-11.7373 14.311 18.4291,
				-11.6824 14.1634 18.3514,
				-11.549 14.1403 18.323,
				-11.538 14.0208 18.3298,
				-11.5131 13.9282 18.3554,
				-11.4718 13.87 18.3797,
				-11.4361 13.8203 18.3728,
				-11.4146 13.7752 18.3605,
				-11.3982 13.7424 18.3808,
				-11.3983 13.7075 18.3832,
				-11.402 13.6853 18.4011,
				-11.419 13.6737 18.4141,
				-11.4378 13.6681 18.4158,
				-11.4375 13.6679 18.4158,
			]
		}
		coordIndex [
			0, 1, 2, 3, 4, 5, 6, 7, 8, 9, 
			10, 11, 12, 13, 14, 15, 16, 17, -1
		]
	}
}
#---------- POLYLINE
Shape {
	appearance Appearance {
		material Material {
			diffuseColor 0 1 0
			emissiveColor 0 1 0
		}
	}
	geometry IndexedLineSet {
		coord Coordinate {
			point [
				-11.4375 13.6679 18.4158,
				-8.87471 12.4283 15.8101,
				15.072 0.845335 -8.53777,
				15.4754 0.65022 -8.94791,
				18.589 -4.79678 -13.9084,
				25.5511 -16.9764 -25,
				301.659 -500 -464.878,
			]
		}
		coordIndex [
			0, 1, 2, 3, 4, 5, 6, -1
		]
	}
}
#---------- POLYLINE
Shape {
	appearance Appearance {
		material Material {
			diffuseColor 0 1 0
			emissiveColor 0 1 0
		}
	}
	geometry IndexedLineSet {
		coord Coordinate {
			point [
				-11.4375 13.6679 18.4158,
				-12.9956 14.4215 20,
				-17.9132 16.8002 25,
				-485.087 242.771 500,
			]
		}
		coordIndex [
			0, 1, 2, 3, -1
		]
	}
}
#---------- POLYLINE
Shape {
	appearance Appearance {
		material Material {
			diffuseColor 0.5 0.5 0.5
			emissiveColor 0.5 0.5 0.5
		}
	}
	geometry IndexedLineSet {
		coord Coordinate {
			point [
				-11.5616 14.7464 18.9113,
				-6.52231 13.7076 19.3987,
				49.9574 2.06414 24.8621,
				500 -90.7132 68.3958,
			]
		}
		coordIndex [
			0, 1, 2, 3, -1
		]
	}
}
#---------- POLYLINE
Shape {
	appearance Appearance {
		material Material {
			diffuseColor 0.5 0.5 0.5
			emissiveColor 0.5 0.5 0.5
		}
	}
	geometry IndexedLineSet {
		coord Coordinate {
			point [
				-11.5616 14.7464 18.9113,
				-11.5616 14.7464 18.9113,
			]
		}
		coordIndex [
			0, 1, -1
		]
	}
}
#---------- POLYLINE
Shape {
	appearance Appearance {
		material Material {
			diffuseColor 0.5 0.5 0.5
			emissiveColor 0.5 0.5 0.5
		}
	}
	geometry IndexedLineSet {
		coord Coordinate {
			point [
				-8.88462 19.1886 2.18311,
			]
		}
		coordIndex [
			0, -1
		]
	}
}
#---------- POLYLINE
Shape {
	appearance Appearance {
		material Material {
			diffuseColor 0 0 1
			emissiveColor 0 0 1
		}
	}
	geometry IndexedLineSet {
		coord Coordinate {
			point [
				-8.88462 19.1886 2.18311,
				-8.8749 19.1518 2.24348,
				-8.84353 19.1016 2.24755,
				-8.81316 19.0725 2.27671,
				-8.79148 19.0716 2.31208,
				-8.76336 19.0626 2.32786,
				-8.74522 19.0485 2.32713,
				-8.74344 19.0465 2.32475,
				-8.74347 19.0465 2.3247,
			]
		}
		coordIndex [
			0, 1, 2, 3, 4, 5, 6, 7, 8, -1
		]
	}
}
#---------- POLYLINE
Shape {
	appearance Appearance {
		material Material {
			diffuseColor 0 1 0
			emissiveColor 0 1 0
		}
	}
	geometry IndexedLineSet {
		coord Coordinate {
			point [
				-8.74347 19.0465 2.3247,
				-10.3955 22.2843 0.223561,
				-21.9479 44.9254 -14.469,
				-254.145 500 -309.782,
			]
		}
		coordIndex [
			0, 1, 2, 3, -1
		]
	}
}
#---------- POLYLINE
Shape {
	appearance Appearance {
		material Material {
			diffuseColor 0 1 0
			emissiveColor 0 1 0
		}
	}
	geometry IndexedLineSet {
		coord Coordinate {
			point [
				-8.74347 19.0465 2.3247,
				-7.24621 16.1121 4.22895,
				-6.07489 14.2027 4.96844,
				-0.418796 4.98243 8.53928,
				4.25171 -2.63115 11.4879,
				10.1851 -12.3034 15.2338,
				14.538 -19.3992 17.9819,
				25.6545 -37.5206 25,
				309.36 -500 204.111,
			]
		}
		coordIndex [
			0, 1, 2, 3, 4, 5, 6, 7, 8, -1
		]
	}
}
#---------- POLYLINE
Shape {
	appearance Appearance {
		material Material {
			diffuseColor 0.5 0.5 0.5
			emissiveColor 0.5 0.5 0.5
		}
	}
	geometry IndexedLineSet {
		coord Coordinate {
			point [
				-8.88462 19.1886 2.18311,
				-8.21467 21.9704 2.31695,
				-1.46948 49.9784 3.66441,
				106.91 500 25.3149,
			]
		}
		coordIndex [
			0, 1, 2, 3, -1
		]
	}
}
#---------- POLYLINE
Shape {
	appearance Appearance {
		material Material {
			diffuseColor 0.5 0.5 0.5
			emissiveColor 0.5 0.5 0.5
		}
	}
	geometry IndexedLineSet {
		coord Coordinate {
			point [
				-8.88462 19.1886 2.18311,
				-8.88462 19.1886 2.18311,
			]
		}
		coordIndex [
			0, 1, -1
		]
	}
}
#---------- POLYLINE
Shape {
	appearance Appearance {
		material Material {
			diffuseColor 0.5 0.5 0.5
			emissiveColor 0.5 0.5 0.5
		}
	}
	geometry IndexedLineSet {
		coord Coordinate {
			point [
				-6.99335 14.0036 15.7923,
			]
		}
		coordIndex [
			0, -1
		]
	}
}
#---------- POLYLINE
Shape {
	appearance Appearance {
		material Material {
			diffuseColor 0 0 1
			emissiveColor 0 0 1
		}
	}
	geometry IndexedLineSet {
		coord Coordinate {
			point [
				-6.99335 14.0036 15.7923,
				-6.94212 13.9646 15.8127,
				-6.88449 13.9379 15.8226,
				-6.83609 13.9016 15.828,
				-6.79803 13.8594 15.8364,
				-6.76893 13.8161 15.8447,
				-6.75758 13.7672 15.8503,
				-6.73638 13.7249 15.8486,
				-6.70855 13.691 15.8448,
				-6.67995 13.6627 15.8362,
				-6.65025 13.6465 15.8239,
				-6.63159 13.6264 15.8035,
				-6.62378 13.6188 15.7921,
				-6.62134 13.6162 15.7886,
				-6.62081 13.6157 15.788,
				-6.62046 13.6153 15.7876,
				-6.62034 13.6152 15.7875,
				-6.62028 13.6151 15.7874,
				-6.62011 13.6149 15.7872,
				-6.61989 13.6147 15.7869,
				-6.61985 13.6147 15.7868,
				-6.61982 13.6146 15.7867,
				-6.61951 13.6144 15.7862,
				-6.61948 13.6143 15.7861,
				-6.61941 13.6143 15.786,
				-6.61932 13.6142 15.7858,
				-6.61897 13.6139 15.7851,
				-6.61818 13.6133 15.7836,
				-6.61701 13.6125 15.7811,
				-6.6152 13.6118 15.7774,
				-6.61274 13.6105 15.7721,
				-6.60933 13.6085 15.7645,
				-6.60571 13.6019 15.7549,
				-6.6006 13.5898 15.7404,
				-6.59174 13.5754 15.7245,
				-6.58382 13.5608 15.7113,
				-6.57712 13.5471 15.6983,
				-6.57676 13.5336 15.6843,
				-6.57978 13.5234 15.6699,
				-6.5834 13.5171 15.6543,
				-6.59065 13.5136 15.6405,
				-6.59617 13.5094 15.6273,
				-6.60171 13.5041 15.6153,
				-6.60274 13.4974 15.6037,
				-6.60139 13.4932 15.5918,
				-6.60098 13.4883 15.5807,
				-6.6045 13.4847 15.5706,
				-6.61064 13.485 15.5619,
				-6.61589 13.4859 15.5537,
				-6.62125 13.4892 15.5469,
				-6.62621 13.4913 15.5401,
				-6.63167 13.4912 15.534,
				-6.63813 13.4899 15.5296,
				-6.64304 13.4882 15.524,
				-6.64882 13.4877 15.5196,
				-6.65493 13.4868 15.5164,
				-6.66005 13.4845 15.5132,
				-6.66544 13.4833 15.5106,
				-6.67005 13.4814 15.5078,
				-6.67458 13.4791 15.5053,
				-6.67864 13.4785 15.5022,
				-6.68152 13.479 15.4982,
				-6.69275 13.488 15.4759,
				-6.69885 13.4934 15.457,
				-6.69884 13.4927 15.4567,
			]
		}
		coordIndex [
			0, 1, 2, 3, 4, 5, 6, 7, 8, 9, 
			10, 11, 12, 13, 14, 15, 16, 17, 18, 19, 
			20, 21, 22, 23, 24, 25, 26, 27, 28, 29, 
			30, 31, 32, 33, 34, 35, 36, 37, 38, 39, 
			40, 41, 42, 43, 44, 45, 46, 47, 48, 49, 
			50, 51, 52, 53, 54, 55, 56, 57, 58, 59, 
			60, 61, 62, 63, 64, -1
		]
	}
}
#---------- POLYLINE
Shape {
	appearance Appearance {
		material Material {
			diffuseColor 0 1 0
			emissiveColor 0 1 0
		}
	}
	geometry IndexedLineSet {
		coord Coordinate {
			point [
				-6.69884 13.4927 15.4567,
				-12.9833 0.621875 10.2152,
				-13.6737 -4.64487 8.39369,
				-4.78887 -1.43762 9.20184,
				4.60296 1.95263 10.0561,
				46.936 17.234 13.9066,
				500 180.78 55.1165,
			]
		}
		coordIndex [
			0, 1, 2, 3, 4, 5, 6, -1
		]
	}
}
#---------- POLYLINE
Shape {
	appearance Appearance {
		material Material {
			diffuseColor 0 1 0
			emissiveColor 0 1 0
		}
	}
	geometry IndexedLineSet {
		coord Coordinate {
			point [
				-6.69884 13.4927 15.4567,
				-6.65391 13.5847 15.4942,
				-5.01253 16.9462 16.8632,
				4.59218 36.6169 24.8738,
				4.96555 36.9353 25,
				500 459.137 192.294,
			]
		}
		coordIndex [
			0, 1, 2, 3, 4, 5, -1
		]
	}
}
#---------- POLYLINE
Shape {
	appearance Appearance {
		material Material {
			diffuseColor 0.5 0.5 0.5
			emissiveColor 0.5 0.5 0.5
		}
	}
	geometry IndexedLineSet {
		coord Coordinate {
			point [
				-6.99335 14.0036 15.7923,
				-6.90146 13.3758 15.7714,
				-4.98997 0.316579 15.3363,
				-4.68991 -1.73343 15.2679,
				2.36671 -49.944 13.6615,
				68.2418 -500 -1.3348,
			]
		}
		coordIndex [
			0, 1, 2, 3, 4, 5, -1
		]
	}
}
#---------- POLYLINE
Shape {
	appearance Appearance {
		material Material {
			diffuseColor 0.5 0.5 0.5
			emissiveColor 0.5 0.5 0.5
		}
	}
	geometry IndexedLineSet {
		coord Coordinate {
			point [
				-6.99335 14.0036 15.7923,
				-6.99336 14.0036 15.7923,
			]
		}
		coordIndex [
			0, 1, -1
		]
	}
}
#---------- POLYLINE
Shape {
	appearance Appearance {
		material Material {
			diffuseColor 0.5 0.5 0.5
			emissiveColor 0.5 0.5 0.5
		}
	}
	geometry IndexedLineSet {
		coord Coordinate {
			point [
				-14.0249 19.7035 -9.38359,
			]
		}
		coordIndex [
			0, -1
		]
	}
}
#---------- POLYLINE
Shape {
	appearance Appearance {
		material Material {
			diffuseColor 0 0 1
			emissiveColor 0 0 1
		}
	}
	geometry IndexedLineSet {
		coord Coordinate {
			point [
				-14.0249 19.7035 -9.38359,
				-14.0403 19.7378 -9.34287,
				-14.059 19.7572 -9.29349,
				-14.0847 19.7658 -9.24886,
				-14.1239 19.7724 -9.23641,
				-14.1683 19.7799 -9.23761,
				-14.207 19.7874 -9.24906,
				-14.232 19.7992 -9.25984,
				-14.2531 19.8154 -9.26435,
				-14.2678 19.8346 -9.25611,
				-14.2728 19.8543 -9.24346,
				-14.2829 19.8698 -9.23505,
				-14.2864 19.8733 -9.23318,
				-14.2868 19.8736 -9.23295,
				-14.287 19.8739 -9.23279,
				-14.2871 19.874 -9.23276,
				-14.2871 19.874 -9.23273,
				-14.2871 19.874 -9.23271,
				-14.2873 19.8742 -9.23264,
				-14.2877 19.8746 -9.23238,
				-14.2885 19.8755 -9.23188,
				-14.2901 19.877 -9.23092,
				-14.2932 19.8802 -9.22931,
				-14.2983 19.887 -9.22766,
				-14.3066 19.8996 -9.22728,
				-14.312 19.9125 -9.22722,
				-14.3126 19.9256 -9.22982,
				-14.3088 19.935 -9.23603,
				-14.306 19.9417 -9.24343,
				-14.3023 19.9476 -9.25009,
				-14.2957 19.9521 -9.25402,
				-14.2892 19.9564 -9.25684,
				-14.2841 19.9611 -9.26005,
				-14.2801 19.9667 -9.26206,
				-14.2757 19.9716 -9.26325,
				-14.272 19.9762 -9.26549,
				-14.2709 19.9802 -9.26925,
				-14.271 19.9828 -9.27424,
				-14.2717 19.9858 -9.27871,
				-14.2722 19.9886 -9.28282,
				-14.2716 19.9915 -9.28589,
				-14.2701 19.9936 -9.2891,
				-14.2602 20.0045 -9.30352,
				-14.2535 20.0084 -9.30696,
				-14.2537 20.0085 -9.30747,
			]
		}
		coordIndex [
			0, 1, 2, 3, 4, 5, 6, 7, 8, 9, 
			10, 11, 12, 13, 14, 15, 16, 17, 18, 19, 
			20, 21, 22, 23, 24, 25, 26, 27, 28, 29, 
			30, 31, 32, 33, 34, 35, 36, 37, 38, 39, 
			40, 41, 42, 43, 44, -1
		]
	}
}
#---------- POLYLINE
Shape {
	appearance Appearance {
		material Material {
			diffuseColor 0 1 0
			emissiveColor 0 1 0
		}
	}
	geometry IndexedLineSet {
		coord Coordinate {
			point [
				-14.2537 20.0085 -9.30747,
				-14.1931 20.0236 -9.23477,
				-7.57721 21.6738 -1.29464,
				14.332 27.1386 25,
				410.112 125.857 500,
			]
		}
		coordIndex [
			0, 1, 2, 3, 4, -1
		]
	}
}
#---------- POLYLINE
Shape {
	appearance Appearance {
		material Material {
			diffuseColor 0 1 0
			emissiveColor 0 1 0
		}
	}
	geometry IndexedLineSet {
		coord Coordinate {
			point [
				-14.2537 20.0085 -9.30747,
				-14.3701 19.9794 -9.44727,
				-49.5025 7.03598 -22.061,
				-500 -158.936 -183.806,
			]
		}
		coordIndex [
			0, 1, 2, 3, -1
		]
	}
}
#---------- POLYLINE
Shape {
	appearance Appearance {
		material Material {
			diffuseColor 0.5 0.5 0.5
			emissiveColor 0.5 0.5 0.5
		}
	}
	geometry IndexedLineSet {
		coord Coordinate {
			point [
				-14.0249 19.7035 -9.38359,
				-10.4977 12.781 -20,
				-8.83657 9.52078 -25,
				148.975 -300.204 -500,
			]
		}
		coordIndex [
			0, 1, 2, 3, -1
		]
	}
}
#---------- POLYLINE
Shape {
	appearance Appearance {
		material Material {
			diffuseColor 0.5 0.5 0.5
			emissiveColor 0.5 0.5 0.5
		}
	}
	geometry IndexedLineSet {
		coord Coordinate {
			point [
				-14.0249 19.7035 -9.38359,
				-14.0249 19.7035 -9.38359,
			]
		}
		coordIndex [
			0, 1, -1
		]
	}
}
#---------- POLYLINE
Shape {
	appearance Appearance {
		material Material {
			diffuseColor 0.5 0.5 0.5
			emissiveColor 0.5 0.5 0.5
		}
	}
	geometry IndexedLineSet {
		coord Coordinate {
			point [
				-11.538 20.9444 -18.5192,
			]
		}
		coordIndex [
			0, -1
		]
	}
}
#---------- POLYLINE
Shape {
	appearance Appearance {
		material Material {
			diffuseColor 0 0 1
			emissiveColor 0 0 1
		}
	}
	geometry IndexedLineSet {
		coord Coordinate {
			point [
				-11.538 20.9444 -18.5192,
				-11.5552 21.0477 -18.5368,
				-11.575 21.1318 -18.5274,
				-11.5377 21.1928 -18.5338,
				-11.5079 21.2376 -18.5618,
				-11.4581 21.2469 -18.5535,
				-11.4418 21.2626 -18.5214,
				-11.44 21.2713 -18.4911,
				-11.439 21.2952 -18.4876,
				-11.4393 21.2988 -18.5,
				-11.4394 21.2984 -18.5005,
			]
		}
		coordIndex [
			0, 1, 2, 3, 4, 5, 6, 7, 8, 9, 
			10, -1
		]
	}
}
#---------- POLYLINE
Shape {
	appearance Appearance {
		material Material {
			diffuseColor 0 1 0
			emissiveColor 0 1 0
		}
	}
	geometry IndexedLineSet {
		coord Coordinate {
			point [
				-11.4394 21.2984 -18.5005,
				-10.8997 22.2184 -18.5419,
				-8.43596 26.4185 -18.7307,
				-14.1175 33.7178 -22.719,
				49.0638 9.6304 1.42768,
				500 -162.286 173.767,
			]
		}
		coordIndex [
			0, 1, 2, 3, 4, 5, -1
		]
	}
}
#---------- POLYLINE
Shape {
	appearance Appearance {
		material Material {
			diffuseColor 0 1 0
			emissiveColor 0 1 0
		}
	}
	geometry IndexedLineSet {
		coord Coordinate {
			point [
				-11.4394 21.2984 -18.5005,
				-14.732 15.6851 -18.2482,
				-21.0675 4.88472 -17.7627,
				-24.7845 -1.45201 -17.4778,
				-40.8474 -28.8355 -16.2468,
				-317.228 -500 4.9335,
			]
		}
		coordIndex [
			0, 1, 2, 3, 4, 5, -1
		]
	}
}
#---------- POLYLINE
Shape {
	appearance Appearance {
		material Material {
			diffuseColor 0.5 0.5 0.5
			emissiveColor 0.5 0.5 0.5
		}
	}
	geometry IndexedLineSet {
		coord Coordinate {
			point [
				-11.538 20.9444 -18.5192,
				-10.3045 12.3093 -11.9162,
				-6.59823 -13.6356 7.92261,
				-5.70829 -19.8654 12.6863,
				-3.40786 -35.9691 25,
				62.8796 -500 379.823,
			]
		}
		coordIndex [
			0, 1, 2, 3, 4, 5, -1
		]
	}
}
#---------- POLYLINE
Shape {
	appearance Appearance {
		material Material {
			diffuseColor 0.5 0.5 0.5
			emissiveColor 0.5 0.5 0.5
		}
	}
	geometry IndexedLineSet {
		coord Coordinate {
			point [
				-11.538 20.9444 -18.5192,
				-11.538 20.9444 -18.5192,
			]
		}
		coordIndex [
			0, 1, -1
		]
	}
}
#---------- POLYLINE
Shape {
	appearance Appearance {
		material Material {
			diffuseColor 0.5 0.5 0.5
			emissiveColor 0.5 0.5 0.5
		}
	}
	geometry IndexedLineSet {
		coord Coordinate {
			point [
				-12.1278 14.2335 18.0467,
			]
		}
		coordIndex [
			0, -1
		]
	}
}
#---------- POLYLINE
Shape {
	appearance Appearance {
		material Material {
			diffuseColor 0 0 1
			emissiveColor 0 0 1
		}
	}
	geometry IndexedLineSet {
		coord Coordinate {
			point [
				-12.1278 14.2335 18.0467,
				-12.1223 14.1757 18.047,
				-12.1318 14.1294 18.0386,
				-12.1366 14.1107 18.0021,
				-12.144 14.0797 18.0034,
				-12.156 14.0584 17.9933,
				-12.1669 14.0467 17.9784,
				-12.168 14.0411 17.9773,
				-12.1677 14.0413 17.9774,
			]
		}
		coordIndex [
			0, 1, 2, 3, 4, 5, 6, 7, 8, -1
		]
	}
}
#---------- POLYLINE
Shape {
	appearance Appearance {
		material Material {
			diffuseColor 0 1 0
			emissiveColor 0 1 0
		}
	}
	geometry IndexedLineSet {
		coord Coordinate {
			point [
				-12.1677 14.0413 17.9774,
				-12.8532 13.194 19.4047,
				-15.5406 9.87244 25,
				-243.682 -272.103 500,
			]
		}
		coordIndex [
			0, 1, 2, 3, -1
		]
	}
}
#---------- POLYLINE
Shape {
	appearance Appearance {
		material Material {
			diffuseColor 0 1 0
			emissiveColor 0 1 0
		}
	}
	geometry IndexedLineSet {
		coord Coordinate {
			point [
				-12.1677 14.0413 17.9774,
				-6.58004 20.9474 6.34366,
				0.451726 29.6385 -8.29677,
				8.05585 -10.5562 -17.9534,
				6.86436 -13.4054 -14.085,
				5.02537 -17.803 -8.11445,
				-5.1742 -42.1935 25,
				-151.479 -392.054 500,
			]
		}
		coordIndex [
			0, 1, 2, 3, 4, 5, 6, 7, -1
		]
	}
}
#---------- POLYLINE
Shape {
	appearance Appearance {
		material Material {
			diffuseColor 0.5 0.5 0.5
			emissiveColor 0.5 0.5 0.5
		}
	}
	geometry IndexedLineSet {
		coord Coordinate {
			point [
				-12.1278 14.2335 18.0467,
				-11.2527 12.4595 17.2254,
				-4.9949 -0.225726 11.3524,
				-3.21876 -3.82617 9.6855,
				17.9207 -46.6782 -10.154,
				241.55 -500 -220.032,
			]
		}
		coordIndex [
			0, 1, 2, 3, 4, 5, -1
		]
	}
}
#---------- POLYLINE
Shape {
	appearance Appearance {
		material Material {
			diffuseColor 0.5 0.5 0.5
			emissiveColor 0.5 0.5 0.5
		}
	}
	geometry IndexedLineSet {
		coord Coordinate {
			point [
				-12.1278 14.2335 18.0467,
				-12.1278 14.2335 18.0467,
			]
		}
		coordIndex [
			0, 1, -1
		]
	}
}
#---------- POLYLINE
Shape {
	appearance Appearance {
		material Material {
			diffuseColor 0.5 0.5 0.5
			emissiveColor 0.5 0.5 0.5
		}
	}
	geometry IndexedLineSet {
		coord Coordinate {
			point [
				-11.6254 13.4692 -2.65334,
			]
		}
		coordIndex [
			0, -1
		]
	}
}
#---------- POLYLINE
Shape {
	appearance Appearance {
		material Material {
			diffuseColor 0 0 1
			emissiveColor 0 0 1
		}
	}
	geometry IndexedLineSet {
		coord Coordinate {
			point [
				-11.6254 13.4692 -2.65334,
				-11.6851 13.47 -2.60207,
				-11.7492 13.4658 -2.56773,
				-11.7904 13.4382 -2.52444,
				-11.8259 13.4213 -2.47317,
				-11.8605 13.4177 -2.4237,
				-11.8886 13.4258 -2.37403,
				-11.9591 13.4518 -2.24215,
				-11.876 13.4646 -2.14859,
				-11.8705 13.4399 -2.04596,
				-11.9075 13.4411 -1.96814,
				-11.9748 13.4386 -1.99595,
				-12.0361 13.4398 -2.0033,
				-12.0807 13.4558 -1.98003,
				-12.1126 13.4431 -1.99052,
				-12.138 13.4416 -2.00699,
				-12.1442 13.4446 -2.00629,
				-12.1445 13.4444 -2.00677,
			]
		}
		coordIndex [
			0, 1, 2, 3, 4, 5, 6, 7, 8, 9, 
			10, 11, 12, 13, 14, 15, 16, 17, -1
		]
	}
}
#---------- POLYLINE
Shape {
	appearance Appearance {
		material Material {
			diffuseColor 0 1 0
			emissiveColor 0 1 0
		}
	}
	geometry IndexedLineSet {
		coord Coordinate {
			point [
				-12.1445 13.4444 -2.00677,
				-12.5187 12.9807 -2.58712,
				-12.5729 12.9136 -2.67116,
				-12.162 -0.583815 25,
				-5.10838 -232.279 500,
			]
		}
		coordIndex [
			0, 1, 2, 3, 4, -1
		]
	}
}
#---------- POLYLINE
Shape {
	appearance Appearance {
		material Material {
			diffuseColor 0 1 0
			emissiveColor 0 1 0
		}
	}
	geometry IndexedLineSet {
		coord Coordinate {
			point [
				-12.1445 13.4444 -2.00677,
				-6.3099 20.6739 7.04218,
				5.26902 35.021 25,
				311.542 414.514 500,
			]
		}
		coordIndex [
			0, 1, 2, 3, -1
		]
	}
}
#---------- POLYLINE
Shape {
	appearance Appearance {
		material Material {
			diffuseColor 0.5 0.5 0.5
			emissiveColor 0.5 0.5 0.5
		}
	}
	geometry IndexedLineSet {
		coord Coordinate {
			point [
				-11.6254 13.4692 -2.65334,
				-12.566 13.0086 -3.70446,
				-31.6229 3.67839 -25,
				-456.69 -204.434 -500,
			]
		}
		coordIndex [
			0, 1, 2, 3, -1
		]
	}
}
#---------- POLYLINE
Shape {
	appearance Appearance {
		material Material {
			diffuseColor 0.5 0.5 0.5
			emissiveColor 0.5 0.5 0.5
		}
	}
	geometry IndexedLineSet {
		coord Coordinate {
			point [
				-11.6254 13.4692 -2.65334,
				-11.6254 13.4692 -2.65334,
			]
		}
		coordIndex [
			0, 1, -1
		]
	}
}
#---------- POLYLINE
Shape {
	appearance Appearance {
		material Material {
			diffuseColor 0.5 0.5 0.5
			emissiveColor 0.5 0.5 0.5
		}
	}
	geometry IndexedLineSet {
		coord Coordinate {
			point [
				-13.6684 14.9616 -12.447,
			]
		}
		coordIndex [
			0, -1
		]
	}
}
#---------- POLYLINE
Shape {
	appearance Appearance {
		material Material {
			diffuseColor 0 0 1
			emissiveColor 0 0 1
		}
	}
	geometry IndexedLineSet {
		coord Coordinate {
			point [
				-13.6684 14.9616 -12.447,
				-13.7549 15.0275 -12.4005,
				-13.7982 15.1203 -12.3588,
				-13.8299 15.218 -12.3381,
				-13.8737 15.3047 -12.316,
				-13.9249 15.3796 -12.2978,
				-13.9738 15.4447 -12.3304,
				-14.0339 15.4841 -12.3703,
				-14.0787 15.5206 -12.403,
				-14.0954 15.5806 -12.4211,
				-14.0978 15.6261 -12.4581,
				-14.094 15.6645 -12.4987,
				-14.0908 15.7033 -12.5331,
				-14.0903 15.7346 -12.5708,
				-14.0934 15.7959 -12.6873,
				-14.1094 15.8514 -12.7829,
				-14.1679 15.9264 -12.7706,
				-14.2263 15.9022 -12.8152,
				-14.2463 15.9024 -12.8542,
				-14.2291 15.9316 -12.8594,
				-14.2221 15.9521 -12.8654,
				-14.2234 15.9589 -12.8618,
				-14.2236 15.9584 -12.8622,
			]
		}
		coordIndex [
			0, 1, 2, 3, 4, 5, 6, 7, 8, 9, 
			10, 11, 12, 13, 14, 15, 16, 17, 18, 19, 
			20, 21, 22, -1
		]
	}
}
#---------- POLYLINE
Shape {
	appearance Appearance {
		material Material {
			diffuseColor 0 1 0
			emissiveColor 0 1 0
		}
	}
	geometry IndexedLineSet {
		coord Coordinate {
			point [
				-14.2236 15.9584 -12.8622,
				-12.2078 21.7862 -4.37063,
				-5.23555 41.9431 25,
				107.524 367.934 500,
			]
		}
		coordIndex [
			0, 1, 2, 3, -1
		]
	}
}
#---------- POLYLINE
Shape {
	appearance Appearance {
		material Material {
			diffuseColor 0 1 0
			emissiveColor 0 1 0
		}
	}
	geometry IndexedLineSet {
		coord Coordinate {
			point [
				-14.2236 15.9584 -12.8622,
				-14.5078 15.1367 -14.0595,
				-17.1049 7.6283 -25,
				-129.864 -318.363 -500,
			]
		}
		coordIndex [
			0, 1, 2, 3, -1
		]
	}
}
#---------- POLYLINE
Shape {
	appearance Appearance {
		material Material {
			diffuseColor 0.5 0.5 0.5
			emissiveColor 0.5 0.5 0.5
		}
	}
	geometry IndexedLineSet {
		coord Coordinate {
			point [
				-13.6684 14.9616 -12.447,
				-14.3963 14.9183 -12.2139,
				-48.3075 12.899 -1.35669,
				-500 -13.9979 143.26,
			]
		}
		coordIndex [
			0, 1, 2, 3, -1
		]
	}
}
#---------- POLYLINE
Shape {
	appearance Appearance {
		material Material {
			diffuseColor 0.5 0.5 0.5
			emissiveColor 0.5 0.5 0.5
		}
	}
	geometry IndexedLineSet {
		coord Coordinate {
			point [
				-13.6684 14.9616 -12.447,
				-13.6684 14.9616 -12.447,
			]
		}
		coordIndex [
			0, 1, -1
		]
	}
}
#---------- POLYLINE
Shape {
	appearance Appearance {
		material Material {
			diffuseColor 0.5 0.5 0.5
			emissiveColor 0.5 0.5 0.5
		}
	}
	geometry IndexedLineSet {
		coord Coordinate {
			point [
				-16.7227 -2.17123 -17.0264,
			]
		}
		coordIndex [
			0, -1
		]
	}
}
#---------- POLYLINE
Shape {
	appearance Appearance {
		material Material {
			diffuseColor 0 0 1
			emissiveColor 0 0 1
		}
	}
	geometry IndexedLineSet {
		coord Coordinate {
			point [
				-16.7227 -2.17123 -17.0264,
				-16.8642 -2.17627 -17.1799,
				-16.9781 -2.22809 -17.3019,
				-17.0361 -2.19521 -17.4288,
				-17.0935 -2.19166 -17.5319,
				-17.166 -2.24383 -17.5413,
				-17.1912 -2.30322 -17.5773,
				-17.2223 -2.35424 -17.5963,
				-17.2229 -2.38863 -17.6363,
				-17.2115 -2.41424 -17.6675,
				-17.2246 -2.44213 -17.685,
				-17.2299 -2.46069 -17.7078,
				-17.2365 -2.4788 -17.7127,
				-17.2368 -2.47871 -17.7129,
			]
		}
		coordIndex [
			0, 1, 2, 3, 4, 5, 6, 7, 8, 9, 
			10, 11, 12, 13, -1
		]
	}
}
#---------- POLYLINE
Shape {
	appearance Appearance {
		material Material {
			diffuseColor 0 1 0
			emissiveColor 0 1 0
		}
	}
	geometry IndexedLineSet {
		coord Coordinate {
			point [
				-17.2368 -2.47871 -17.7129,
				-21.9467 4.60549 -18.2831,
				-25.2331 9.54881 -18.681,
				-29.5852 17.4289 -25,
				-296.1 500 -411.968,
			]
		}
		coordIndex [
			0, 1, 2, 3, 4, -1
		]
	}
}
#---------- POLYLINE
Shape {
	appearance Appearance {
		material Material {
			diffuseColor 0 1 0
			emissiveColor 0 1 0
		}
	}
	geometry IndexedLineSet {
		coord Coordinate {
			point [
				-17.2368 -2.47871 -17.7129,
				-16.5066 -3.57715 -17.6245,
				-10.6767 -12.346 -16.9187,
				-5.69382 -19.841 -16.3154,
				11.1018 -45.104 -14.282,
				18.9859 -46.2551 -15.3721,
				500 -116.483 -81.8785,
			]
		}
		coordIndex [
			0, 1, 2, 3, 4, 5, 6, -1
		]
	}
}
#---------- POLYLINE
Shape {
	appearance Appearance {
		material Material {
			diffuseColor 0.5 0.5 0.5
			emissiveColor 0.5 0.5 0.5
		}
	}
	geometry IndexedLineSet {
		coord Coordinate {
			point [
				-16.7227 -2.17123 -17.0264,
				-16.7181 -3.77218 -17.9544,
				-16.6834 -15.9274 -25,
				-15.3013 -500 -305.587,
			]
		}
		coordIndex [
			0, 1, 2, 3, -1
		]
	}
}
#---------- POLYLINE
Shape {
	appearance Appearance {
		material Material {
			diffuseColor 0.5 0.5 0.5
			emissiveColor 0.5 0.5 0.5
		}
	}
	geometry IndexedLineSet {
		coord Coordinate {
			point [
				-16.7227 -2.17123 -17.0264,
				-16.7227 -2.17123 -17.0264,
			]
		}
		coordIndex [
			0, 1, -1
		]
	}
}
#---------- POLYLINE
Shape {
	appearance Appearance {
		material Material {
			diffuseColor 0.5 0.5 0.5
			emissiveColor 0.5 0.5 0.5
		}
	}
	geometry IndexedLineSet {
		coord Coordinate {
			point [
				-22.6766 2.28777 12.3326,
			]
		}
		coordIndex [
			0, -1
		]
	}
}
#---------- POLYLINE
Shape {
	appearance Appearance {
		material Material {
			diffuseColor 0 0 1
			emissiveColor 0 0 1
		}
	}
	geometry IndexedLineSet {
		coord Coordinate {
			point [
				-22.6766 2.28777 12.3326,
				-22.6105 2.39116 12.2743,
				-22.5748 2.4817 12.227,
				-22.5594 2.55199 12.1758,
				-22.5727 2.60736 12.2195,
				-22.5789 2.60796 12.2791,
				-22.5867 2.59263 12.3044,
				-22.578 2.57204 12.3113,
				-22.5737 2.55571 12.3173,
				-22.5753 2.5582 12.3175,
				-22.5754 2.55801 12.3176,
			]
		}
		coordIndex [
			0, 1, 2, 3, 4, 5, 6, 7, 8, 9, 
			10, -1
		]
	}
}
#---------- POLYLINE
Shape {
	appearance Appearance {
		material Material {
			diffuseColor 0 1 0
			emissiveColor 0 1 0
		}
	}
	geometry IndexedLineSet {
		coord Coordinate {
			point [
				-22.5754 2.55801 12.3176,
				-24.976 0.489259 10.5983,
				-46.5935 -18.1397 -4.88334,
				-500 -408.865 -329.597,
			]
		}
		coordIndex [
			0, 1, 2, 3, -1
		]
	}
}
#---------- POLYLINE
Shape {
	appearance Appearance {
		material Material {
			diffuseColor 0 1 0
			emissiveColor 0 1 0
		}
	}
	geometry IndexedLineSet {
		coord Coordinate {
			point [
				-22.5754 2.55801 12.3176,
				-19.749 4.99369 14.3418,
				-4.86659 17.8187 25,
				500 452.89 386.568,
			]
		}
		coordIndex [
			0, 1, 2, 3, -1
		]
	}
}
#---------- POLYLINE
Shape {
	appearance Appearance {
		material Material {
			diffuseColor 0.5 0.5 0.5
			emissiveColor 0.5 0.5 0.5
		}
	}
	geometry IndexedLineSet {
		coord Coordinate {
			point [
				-22.6766 2.28777 12.3326,
				-15.7924 2.70119 -18.7691,
				-14.4133 2.78401 -25,
				90.7252 9.09801 -500,
			]
		}
		coordIndex [
			0, 1, 2, 3, -1
		]
	}
}
#---------- POLYLINE
Shape {
	appearance Appearance {
		material Material {
			diffuseColor 0.5 0.5 0.5
			emissiveColor 0.5 0.5 0.5
		}
	}
	geometry IndexedLineSet {
		coord Coordinate {
			point [
				-22.6766 2.28777 12.3326,
				-22.6766 2.28776 12.3326,
			]
		}
		coordIndex [
			0, 1, -1
		]
	}
}
#---------- POLYLINE
Shape {
	appearance Appearance {
		material Material {
			diffuseColor 0.5 0.5 0.5
			emissiveColor 0.5 0.5 0.5
		}
	}
	geometry IndexedLineSet {
		coord Coordinate {
			point [
				-16.5129 1.53207 13.9658,
			]
		}
		coordIndex [
			0, -1
		]
	}
}
#---------- POLYLINE
Shape {
	appearance Appearance {
		material Material {
			diffuseColor 0 0 1
			emissiveColor 0 0 1
		}
	}
	geometry IndexedLineSet {
		coord Coordinate {
			point [
				-16.5129 1.53207 13.9658,
				-16.5542 1.5704 14.0892,
				-16.5484 1.55834 14.2023,
				-16.4861 1.56766 14.2767,
				-16.4187 1.56479 14.316,
				-16.3892 1.55376 14.369,
				-16.3509 1.51818 14.3652,
				-16.3159 1.51288 14.3716,
				-16.2958 1.49956 14.3905,
				-16.2976 1.50849 14.3691,
				-16.2977 1.51834 14.3656,
				-16.2973 1.51862 14.3651,
			]
		}
		coordIndex [
			0, 1, 2, 3, 4, 5, 6, 7, 8, 9, 
			10, 11, -1
		]
	}
}
#---------- POLYLINE
Shape {
	appearance Appearance {
		material Material {
			diffuseColor 0 1 0
			emissiveColor 0 1 0
		}
	}
	geometry IndexedLineSet {
		coord Coordinate {
			point [
				-16.2973 1.51862 14.3651,
				-16.5403 3.60976 13.8034,
				-21.3725 45.2019 2.63054,
				-74.2114 500 -119.541,
			]
		}
		coordIndex [
			0, 1, 2, 3, -1
		]
	}
}
#---------- POLYLINE
Shape {
	appearance Appearance {
		material Material {
			diffuseColor 0 1 0
			emissiveColor 0 1 0
		}
	}
	geometry IndexedLineSet {
		coord Coordinate {
			point [
				-16.2973 1.51862 14.3651,
				-15.8048 -2.7204 15.5038,
				-14.3892 -14.9052 18.777,
				-13.8602 -19.4581 20,
				-11.6977 -38.0712 25,
				41.9696 -500 149.087,
			]
		}
		coordIndex [
			0, 1, 2, 3, 4, 5, -1
		]
	}
}
#---------- POLYLINE
Shape {
	appearance Appearance {
		material Material {
			diffuseColor 0.5 0.5 0.5
			emissiveColor 0.5 0.5 0.5
		}
	}
	geometry IndexedLineSet {
		coord Coordinate {
			point [
				-16.5129 1.53207 13.9658,
				-17.2551 -0.73377 20,
				-17.87 -2.61128 25,
				-76.291 -180.974 500,
			]
		}
		coordIndex [
			0, 1, 2, 3, -1
		]
	}
}
#---------- POLYLINE
Shape {
	appearance Appearance {
		material Material {
			diffuseColor 0.5 0.5 0.5
			emissiveColor 0.5 0.5 0.5
		}
	}
	geometry IndexedLineSet {
		coord Coordinate {
			point [
				-16.5129 1.53207 13.9658,
				-16.5129 1.53207 13.9658,
			]
		}
		coordIndex [
			0, 1, -1
		]
	}
}
#---------- POLYLINE
Shape {
	appearance Appearance {
		material Material {
			diffuseColor 0.5 0.5 0.5
			emissiveColor 0.5 0.5 0.5
		}
	}
	geometry IndexedLineSet {
		coord Coordinate {
			point [
				-15.4054 1.2694 17.6875,
			]
		}
		coordIndex [
			0, -1
		]
	}
}
#---------- POLYLINE
Shape {
	appearance Appearance {
		material Material {
			diffuseColor 0 0 1
			emissiveColor 0 0 1
		}
	}
	geometry IndexedLineSet {
		coord Coordinate {
			point [
				-15.4054 1.2694 17.6875,
				-15.4138 1.33796 17.7708,
				-15.4244 1.42808 17.8217,
				-15.4274 1.51147 17.8684,
				-15.4394 1.59249 17.9006,
				-15.47 1.66715 17.9153,
				-15.4875 1.7377 17.9437,
				-15.4837 1.79839 17.9819,
				-15.4804 1.84617 18.0315,
				-15.4736 1.8963 18.0714,
				-15.4719 1.93209 18.1172,
				-15.4694 1.94547 18.1705,
				-15.4663 1.9519 18.2191,
				-15.4768 1.99155 18.2333,
				-15.4841 2.03471 18.2352,
				-15.4889 2.07615 18.2364,
				-15.4858 2.10988 18.2374,
				-15.49 2.12466 18.2307,
				-15.4948 2.13614 18.223,
				-15.5002 2.14714 18.2165,
				-15.5071 2.15786 18.2101,
				-15.515 2.17016 18.2044,
				-15.5227 2.18463 18.1985,
				-15.5323 2.19778 18.1911,
				-15.5451 2.20897 18.1795,
				-15.5585 2.22557 18.1685,
				-15.5724 2.23938 18.1579,
				-15.5817 2.25439 18.1477,
				-15.5837 2.27082 18.1366,
				-15.5875 2.28644 18.1272,
				-15.5896 2.30245 18.1206,
				-15.5898 2.31633 18.1147,
				-15.5913 2.3296 18.1126,
				-15.5923 2.34072 18.1192,
				-15.5932 2.34867 18.1239,
				-15.5933 2.35415 18.1271,
				-15.5928 2.35735 18.1293,
				-15.5928 2.35914 18.1302,
				-15.5928 2.35938 18.1303,
				-15.5928 2.36035 18.1306,
				-15.5928 2.3605 18.1306,
				-15.5928 2.36148 18.1309,
				-15.5928 2.36151 18.1309,
				-15.5928 2.36161 18.1309,
				-15.5928 2.3618 18.131,
				-15.5927 2.36215 18.1311,
				-15.5926 2.36238 18.1312,
				-15.5926 2.36265 18.1313,
				-15.5924 2.363 18.1314,
				-15.5922 2.36394 18.1318,
				-15.5919 2.36549 18.1324,
				-15.5912 2.368 18.1331,
				-15.5903 2.37215 18.1347,
				-15.5895 2.37745 18.1378,
				-15.5884 2.38165 18.1416,
				-15.586 2.38484 18.1453,
				-15.5825 2.38682 18.1479,
				-15.5794 2.38719 18.151,
				-15.5767 2.3877 18.1539,
				-15.5755 2.38904 18.1574,
				-15.575 2.39027 18.1607,
				-15.5737 2.39141 18.1637,
				-15.5718 2.39181 18.1663,
				-15.5699 2.39184 18.1687,
				-15.5682 2.39178 18.171,
				-15.5539 2.39505 18.186,
				-15.5476 2.39971 18.1863,
				-15.5479 2.39997 18.1862,
			]
		}
		coordIndex [
			0, 1, 2, 3, 4, 5, 6, 7, 8, 9, 
			10, 11, 12, 13, 14, 15, 16, 17, 18, 19, 
			20, 21, 22, 23, 24, 25, 26, 27, 28, 29, 
			30, 31, 32, 33, 34, 35, 36, 37, 38, 39, 
			40, 41, 42, 43, 44, 45, 46, 47, 48, 49, 
			50, 51, 52, 53, 54, 55, 56, 57, 58, 59, 
			60, 61, 62, 63, 64, 65, 66, 67, -1
		]
	}
}
#---------- POLYLINE
Shape {
	appearance Appearance {
		material Material {
			diffuseColor 0 1 0
			emissiveColor 0 1 0
		}
	}
	geometry IndexedLineSet {
		coord Coordinate {
			point [
				-15.5479 2.39997 18.1862,
				-15.5997 2.37437 18.0759,
				-24.5611 -2.04856 -0.970015,
				-31.3457 -5.39718 -15.3898,
				-37.9407 -21.9904 25,
				-115.5 -217.134 500,
			]
		}
		coordIndex [
			0, 1, 2, 3, 4, 5, -1
		]
	}
}
#---------- POLYLINE
Shape {
	appearance Appearance {
		material Material {
			diffuseColor 0 1 0
			emissiveColor 0 1 0
		}
	}
	geometry IndexedLineSet {
		coord Coordinate {
			point [
				-15.5479 2.39997 18.1862,
				-12.3419 3.98231 25,
				211.151 114.289 500,
			]
		}
		coordIndex [
			0, 1, 2, -1
		]
	}
}
#---------- POLYLINE
Shape {
	appearance Appearance {
		material Material {
			diffuseColor 0.5 0.5 0.5
			emissiveColor 0.5 0.5 0.5
		}
	}
	geometry IndexedLineSet {
		coord Coordinate {
			point [
				-15.4054 1.2694 17.6875,
				-15.176 1.31511 17.4648,
				-3.4057 3.66077 6.03131,
				1.74218 4.68666 1.03078,
				28.54 10.0271 -25,
				500 103.982 -482.966,
			]
		}
		coordIndex [
			0, 1, 2, 3, 4, 5, -1
		]
	}
}
#---------- POLYLINE
Shape {
	appearance Appearance {
		material Material {
			diffuseColor 0.5 0.5 0.5
			emissiveColor 0.5 0.5 0.5
		}
	}
	geometry IndexedLineSet {
		coord Coordinate {
			point [
				-15.4054 1.2694 17.6875,
				-15.4054 1.2694 17.6875,
			]
		}
		coordIndex [
			0, 1, -1
		]
	}
}
#---------- POLYLINE
Shape {
	appearance Appearance {
		material Material {
			diffuseColor 0.5 0.5 0.5
			emissiveColor 0.5 0.5 0.5
		}
	}
	geometry IndexedLineSet {
		coord Coordinate {
			point [
				-18.4292 3.21233 -6.79617,
			]
		}
		coordIndex [
			0, -1
		]
	}
}
#---------- POLYLINE
Shape {
	appearance Appearance {
		material Material {
			diffuseColor 0 0 1
			emissiveColor 0 0 1
		}
	}
	geometry IndexedLineSet {
		coord Coordinate {
			point [
				-18.4292 3.21233 -6.79617,
				-18.4427 3.30381 -6.74101,
				-18.4132 3.25991 -6.66461,
				-18.3519 3.21588 -6.64111,
				-18.3028 3.19155 -6.60044,
				-18.3244 3.21407 -6.5552,
				-18.2986 3.21386 -6.51619,
				-18.2866 3.20122 -6.48132,
				-18.2832 3.20698 -6.44959,
				-18.2977 3.20772 -6.42672,
				-18.2967 3.2127 -6.41178,
				-18.2964 3.21346 -6.41139,
			]
		}
		coordIndex [
			0, 1, 2, 3, 4, 5, 6, 7, 8, 9, 
			10, 11, -1
		]
	}
}
#---------- POLYLINE
Shape {
	appearance Appearance {
		material Material {
			diffuseColor 0 1 0
			emissiveColor 0 1 0
		}
	}
	geometry IndexedLineSet {
		coord Coordinate {
			point [
				-18.2964 3.21346 -6.41139,
				-15.9042 -2.86776 -18.7413,
				-14.6898 -5.95462 -25,
				77.4695 -240.229 -500,
			]
		}
		coordIndex [
			0, 1, 2, 3, -1
		]
	}
}
#---------- POLYLINE
Shape {
	appearance Appearance {
		material Material {
			diffuseColor 0 1 0
			emissiveColor 0 1 0
		}
	}
	geometry IndexedLineSet {
		coord Coordinate {
			point [
				-18.2964 3.21346 -6.41139,
				-18.9558 4.88975 -3.01265,
				-24.3908 18.7059 25,
				-116.55 252.981 500,
			]
		}
		coordIndex [
			0, 1, 2, 3, -1
		]
	}
}
#---------- POLYLINE
Shape {
	appearance Appearance {
		material Material {
			diffuseColor 0.5 0.5 0.5
			emissiveColor 0.5 0.5 0.5
		}
	}
	geometry IndexedLineSet {
		coord Coordinate {
			point [
				-18.4292 3.21233 -6.79617,
				-17.2466 -4.17357 -9.42169,
				-10.2297 -47.9971 -25,
				62.1435 -500 -185.677,
			]
		}
		coordIndex [
			0, 1, 2, 3, -1
		]
	}
}
#---------- POLYLINE
Shape {
	appearance Appearance {
		material Material {
			diffuseColor 0.5 0.5 0.5
			emissiveColor 0.5 0.5 0.5
		}
	}
	geometry IndexedLineSet {
		coord Coordinate {
			point [
				-18.4292 3.21233 -6.79617,
				-18.4292 3.21233 -6.79617,
			]
		}
		coordIndex [
			0, 1, -1
		]
	}
}
#---------- POLYLINE
Shape {
	appearance Appearance {
		material Material {
			diffuseColor 0.5 0.5 0.5
			emissiveColor 0.5 0.5 0.5
		}
	}
	geometry IndexedLineSet {
		coord Coordinate {
			point [
				-21.6609 0.570036 8.9876,
			]
		}
		coordIndex [
			0, -1
		]
	}
}
#---------- POLYLINE
Shape {
	appearance Appearance {
		material Material {
			diffuseColor 0 0 1
			emissiveColor 0 0 1
		}
	}
	geometry IndexedLineSet {
		coord Coordinate {
			point [
				-21.6609 0.570036 8.9876,
				-21.6436 0.534533 8.9453,
				-21.6197 0.502799 8.93132,
				-21.5863 0.488996 8.92769,
				-21.5569 0.480481 8.9274,
				-21.5486 0.479278 8.90505,
				-21.5485 0.476425 8.89655,
				-21.549 0.476307 8.89695,
			]
		}
		coordIndex [
			0, 1, 2, 3, 4, 5, 6, 7, -1
		]
	}
}
#---------- POLYLINE
Shape {
	appearance Appearance {
		material Material {
			diffuseColor 0 1 0
			emissiveColor 0 1 0
		}
	}
	geometry IndexedLineSet {
		coord Coordinate {
			point [
				-21.549 0.476307 8.89695,
				-15.7895 2.69668 3.78121,
				6.80855 11.4087 -16.2912,
				12.9616 8.14444 -25,
				348.563 -169.894 -500,
			]
		}
		coordIndex [
			0, 1, 2, 3, 4, -1
		]
	}
}
#---------- POLYLINE
Shape {
	appearance Appearance {
		material Material {
			diffuseColor 0 1 0
			emissiveColor 0 1 0
		}
	}
	geometry IndexedLineSet {
		coord Coordinate {
			point [
				-21.549 0.476307 8.89695,
				-24.931 -0.827533 11.901,
				-38.8326 -6.18682 24.2488,
				-47.4283 -15.8289 22.462,
				-479.059 -500 -67.2617,
			]
		}
		coordIndex [
			0, 1, 2, 3, 4, -1
		]
	}
}
#---------- POLYLINE
Shape {
	appearance Appearance {
		material Material {
			diffuseColor 0.5 0.5 0.5
			emissiveColor 0.5 0.5 0.5
		}
	}
	geometry IndexedLineSet {
		coord Coordinate {
			point [
				-21.6609 0.570036 8.9876,
				-23.4129 3.65404 9.74336,
				-39.0654 31.2072 16.4955,
				-305.379 500 131.377,
			]
		}
		coordIndex [
			0, 1, 2, 3, -1
		]
	}
}
#---------- POLYLINE
Shape {
	appearance Appearance {
		material Material {
			diffuseColor 0.5 0.5 0.5
			emissiveColor 0.5 0.5 0.5
		}
	}
	geometry IndexedLineSet {
		coord Coordinate {
			point [
				-21.6609 0.570036 8.9876,
				-21.6609 0.570033 8.9876,
			]
		}
		coordIndex [
			0, 1, -1
		]
	}
}
#---------- POLYLINE
Shape {
	appearance Appearance {
		material Material {
			diffuseColor 0.5 0.5 0.5
			emissiveColor 0.5 0.5 0.5
		}
	}
	geometry IndexedLineSet {
		coord Coordinate {
			point [
				-17.2435 0.912711 -6.83871,
			]
		}
		coordIndex [
			0, -1
		]
	}
}
#---------- POLYLINE
Shape {
	appearance Appearance {
		material Material {
			diffuseColor 0 0 1
			emissiveColor 0 0 1
		}
	}
	geometry IndexedLineSet {
		coord Coordinate {
			point [
				-17.2435 0.912711 -6.83871,
				-17.2255 0.970309 -6.88611,
				-17.188 0.999026 -6.92967,
				-17.1398 0.998147 -6.95419,
				-17.1126 1.03229 -6.96804,
				-17.0989 1.0655 -6.98106,
				-17.0904 1.09408 -6.967,
				-17.0969 1.11463 -6.95862,
				-17.0911 1.12382 -6.96975,
				-17.0906 1.12414 -6.97022,
			]
		}
		coordIndex [
			0, 1, 2, 3, 4, 5, 6, 7, 8, 9, -1
		]
	}
}
#---------- POLYLINE
Shape {
	appearance Appearance {
		material Material {
			diffuseColor 0 1 0
			emissiveColor 0 1 0
		}
	}
	geometry IndexedLineSet {
		coord Coordinate {
			point [
				-17.0906 1.12414 -6.97022,
				-24.8242 -1.3143 -9.07256,
				-49.1842 -8.99515 -15.6947,
				-500 -151.14 -138.247,
			]
		}
		coordIndex [
			0, 1, 2, 3, -1
		]
	}
}
#---------- POLYLINE
Shape {
	appearance Appearance {
		material Material {
			diffuseColor 0 1 0
			emissiveColor 0 1 0
		}
	}
	geometry IndexedLineSet {
		coord Coordinate {
			point [
				-17.0906 1.12414 -6.97022,
				-15.2944 1.69047 -6.48195,
				45.4485 20.843 10.0308,
				500 164.166 133.599,
			]
		}
		coordIndex [
			0, 1, 2, 3, -1
		]
	}
}
#---------- POLYLINE
Shape {
	appearance Appearance {
		material Material {
			diffuseColor 0.5 0.5 0.5
			emissiveColor 0.5 0.5 0.5
		}
	}
	geometry IndexedLineSet {
		coord Coordinate {
			point [
				-17.2435 0.912711 -6.83871,
				-21.0246 0.935355 -20,
				-22.461 0.943958 -25,
				-158.921 1.7612 -500,
			]
		}
		coordIndex [
			0, 1, 2, 3, -1
		]
	}
}
#---------- POLYLINE
Shape {
	appearance Appearance {
		material Material {
			diffuseColor 0.5 0.5 0.5
			emissiveColor 0.5 0.5 0.5
		}
	}
	geometry IndexedLineSet {
		coord Coordinate {
			point [
				-17.2435 0.912711 -6.83871,
				-17.2435 0.912706 -6.83869,
			]
		}
		coordIndex [
			0, 1, -1
		]
	}
}
#---------- POLYLINE
Shape {
	appearance Appearance {
		material Material {
			diffuseColor 0.5 0.5 0.5
			emissiveColor 0.5 0.5 0.5
		}
	}
	geometry IndexedLineSet {
		coord Coordinate {
			point [
				-16.4485 -1.87579 -8.39059,
			]
		}
		coordIndex [
			0, -1
		]
	}
}
#---------- POLYLINE
Shape {
	appearance Appearance {
		material Material {
			diffuseColor 0 0 1
			emissiveColor 0 0 1
		}
	}
	geometry IndexedLineSet {
		coord Coordinate {
			point [
				-16.4485 -1.87579 -8.39059,
				-16.5169 -1.9107 -8.36545,
				-16.6877 -2.01432 -8.31205,
				-16.7958 -2.13337 -8.38444,
				-16.8388 -2.27151 -8.40591,
				-16.7897 -2.29814 -8.51495,
				-16.8246 -2.26708 -8.60952,
				-16.8438 -2.28787 -8.69778,
				-16.7888 -2.29077 -8.75115,
				-16.7285 -2.26691 -8.75282,
				-16.6784 -2.2598 -8.7745,
				-16.6536 -2.25003 -8.81452,
				-16.626 -2.23709 -8.83524,
				-16.6275 -2.20735 -8.8317,
				-16.6406 -2.19287 -8.83919,
				-16.6384 -2.18879 -8.84855,
				-16.6384 -2.18837 -8.84854,
			]
		}
		coordIndex [
			0, 1, 2, 3, 4, 5, 6, 7, 8, 9, 
			10, 11, 12, 13, 14, 15, 16, -1
		]
	}
}
#---------- POLYLINE
Shape {
	appearance Appearance {
		material Material {
			diffuseColor 0 1 0
			emissiveColor 0 1 0
		}
	}
	geometry IndexedLineSet {
		coord Coordinate {
			point [
				-16.6384 -2.18837 -8.84854,
				-17.3046 4.21129 -3.67613,
				-20.998 39.6914 25,
				-68.9149 500 397.036,
			]
		}
		coordIndex [
			0, 1, 2, 3, -1
		]
	}
}
#---------- POLYLINE
Shape {
	appearance Appearance {
		material Material {
			diffuseColor 0 1 0
			emissiveColor 0 1 0
		}
	}
	geometry IndexedLineSet {
		coord Coordinate {
			point [
				-16.6384 -2.18837 -8.84854,
				-16.495 -3.56586 -9.96187,
				-16.457 -3.93151 -10.2574,
				-13.7278 -19.0489 -25,
				73.1005 -500 -494.029,
			]
		}
		coordIndex [
			0, 1, 2, 3, 4, -1
		]
	}
}
#---------- POLYLINE
Shape {
	appearance Appearance {
		material Material {
			diffuseColor 0.5 0.5 0.5
			emissiveColor 0.5 0.5 0.5
		}
	}
	geometry IndexedLineSet {
		coord Coordinate {
			point [
				-16.4485 -1.87579 -8.39059,
				-15.4326 -2.03435 -9.03194,
				-3.04187 -3.96825 -16.8543,
				1.68795 -4.70647 -19.8403,
				9.86092 -5.98208 -25,
				500 -82.4815 -334.43,
			]
		}
		coordIndex [
			0, 1, 2, 3, 4, 5, -1
		]
	}
}
#---------- POLYLINE
Shape {
	appearance Appearance {
		material Material {
			diffuseColor 0.5 0.5 0.5
			emissiveColor 0.5 0.5 0.5
		}
	}
	geometry IndexedLineSet {
		coord Coordinate {
			point [
				-16.4485 -1.87579 -8.39059,
				-16.4485 -1.87578 -8.39059,
			]
		}
		coordIndex [
			0, 1, -1
		]
	}
}
#---------- POLYLINE
Shape {
	appearance Appearance {
		material Material {
			diffuseColor 0.5 0.5 0.5
			emissiveColor 0.5 0.5 0.5
		}
	}
	geometry IndexedLineSet {
		coord Coordinate {
			point [
				-22.2576 -3.23692 6.29717,
			]
		}
		coordIndex [
			0, -1
		]
	}
}
#---------- POLYLINE
Shape {
	appearance Appearance {
		material Material {
			diffuseColor 0 0 1
			emissiveColor 0 0 1
		}
	}
	geometry IndexedLineSet {
		coord Coordinate {
			point [
				-22.2576 -3.23692 6.29717,
				-22.3087 -3.14579 6.29935,
				-22.3622 -3.06641 6.28576,
				-22.4901 -2.91207 6.19418,
				-22.6306 -2.87444 6.08652,
				-22.7413 -2.86328 5.99633,
				-22.8264 -2.8374 5.91721,
				-22.9086 -2.85097 5.94069,
				-22.9762 -2.82417 5.95521,
				-23.0033 -2.8469 5.90441,
				-23.0071 -2.82236 5.86009,
				-23.0181 -2.81081 5.81908,
				-23.0271 -2.82856 5.78602,
				-23.0204 -2.84313 5.75963,
				-23.0129 -2.86504 5.74771,
				-23.0156 -2.86844 5.73583,
				-23.0165 -2.86779 5.73597,
				-23.0165 -2.86776 5.73596,
			]
		}
		coordIndex [
			0, 1, 2, 3, 4, 5, 6, 7, 8, 9, 
			10, 11, 12, 13, 14, 15, 16, 17, -1
		]
	}
}
#---------- POLYLINE
Shape {
	appearance Appearance {
		material Material {
			diffuseColor 0 1 0
			emissiveColor 0 1 0
		}
	}
	geometry IndexedLineSet {
		coord Coordinate {
			point [
				-23.0165 -2.86776 5.73596,
				-15.5547 -2.28891 8.10659,
				-4.78411 -1.45337 11.5284,
				4.95102 -0.698159 14.6213,
				15.0007 0.081451 17.8141,
				21.8812 0.615212 20,
				37.6192 1.83611 25,
				500 37.7057 171.899,
			]
		}
		coordIndex [
			0, 1, 2, 3, 4, 5, 6, 7, -1
		]
	}
}
#---------- POLYLINE
Shape {
	appearance Appearance {
		material Material {
			diffuseColor 0 1 0
			emissiveColor 0 1 0
		}
	}
	geometry IndexedLineSet {
		coord Coordinate {
			point [
				-23.0165 -2.86776 5.73596,
				-24.0391 -2.9471 5.41107,
				-49.7552 -4.94204 -2.75894,
				-500 -39.8702 -145.802,
			]
		}
		coordIndex [
			0, 1, 2, 3, -1
		]
	}
}
#---------- POLYLINE
Shape {
	appearance Appearance {
		material Material {
			diffuseColor 0.5 0.5 0.5
			emissiveColor 0.5 0.5 0.5
		}
	}
	geometry IndexedLineSet {
		coord Coordinate {
			point [
				-22.2576 -3.23692 6.29717,
				-15.1916 1.37089 18.4406,
				-11.3748 3.85985 25,
				265.019 184.098 500,
			]
		}
		coordIndex [
			0, 1, 2, 3, -1
		]
	}
}
#---------- POLYLINE
Shape {
	appearance Appearance {
		material Material {
			diffuseColor 0.5 0.5 0.5
			emissiveColor 0.5 0.5 0.5
		}
	}
	geometry IndexedLineSet {
		coord Coordinate {
			point [
				-22.2576 -3.23692 6.29717,
				-22.2576 -3.23693 6.29716,
			]
		}
		coordIndex [
			0, 1, -1
		]
	}
}
#---------- POLYLINE
Shape {
	appearance Appearance {
		material Material {
			diffuseColor 0.5 0.5 0.5
			emissiveColor 0.5 0.5 0.5
		}
	}
	geometry IndexedLineSet {
		coord Coordinate {
			point [
				-17.9884 -0.718399 5.85709,
			]
		}
		coordIndex [
			0, -1
		]
	}
}
#---------- POLYLINE
Shape {
	appearance Appearance {
		material Material {
			diffuseColor 0 0 1
			emissiveColor 0 0 1
		}
	}
	geometry IndexedLineSet {
		coord Coordinate {
			point [
				-17.9884 -0.718399 5.85709,
				-18.0156 -0.944837 5.8092,
				-17.9487 -1.12255 5.7552,
				-17.8812 -1.26342 5.69929,
				-17.7568 -1.30005 5.69782,
				-17.6822 -1.2275 5.72529,
				-17.5959 -1.20573 5.74206,
				-17.5521 -1.25679 5.77353,
				-17.5054 -1.23925 5.80215,
				-17.4733 -1.21575 5.82259,
				-17.4797 -1.18642 5.84224,
				-17.4661 -1.15883 5.84668,
				-17.4695 -1.1488 5.82401,
				-17.4709 -1.12833 5.82251,
				-17.4709 -1.12778 5.82216,
			]
		}
		coordIndex [
			0, 1, 2, 3, 4, 5, 6, 7, 8, 9, 
			10, 11, 12, 13, 14, -1
		]
	}
}
#---------- POLYLINE
Shape {
	appearance Appearance {
		material Material {
			diffuseColor 0 1 0
			emissiveColor 0 1 0
		}
	}
	geometry IndexedLineSet {
		coord Coordinate {
			point [
				-17.4709 -1.12778 5.82216,
				-23.305 3.75197 10.5347,
				-33.2624 12.0806 18.5778,
				-47.7714 14.7613 21.5578,
				-500 98.317 114.441,
			]
		}
		coordIndex [
			0, 1, 2, 3, 4, -1
		]
	}
}
#---------- POLYLINE
Shape {
	appearance Appearance {
		material Material {
			diffuseColor 0 1 0
			emissiveColor 0 1 0
		}
	}
	geometry IndexedLineSet {
		coord Coordinate {
			point [
				-17.4709 -1.12778 5.82216,
				-15.723 -2.58979 4.41027,
				20.6869 -33.0439 -25,
				500 -433.953 -412.168,
			]
		}
		coordIndex [
			0, 1, 2, 3, -1
		]
	}
}
#---------- POLYLINE
Shape {
	appearance Appearance {
		material Material {
			diffuseColor 0.5 0.5 0.5
			emissiveColor 0.5 0.5 0.5
		}
	}
	geometry IndexedLineSet {
		coord Coordinate {
			point [
				-17.9884 -0.718399 5.85709,
				-16.0585 3.07644 6.33716,
				-11.2826 12.4673 7.52516,
				-6.85009 21.183 8.62776,
				7.51627 49.4318 12.2014,
				236.66 500 69.2011,
			]
		}
		coordIndex [
			0, 1, 2, 3, 4, 5, -1
		]
	}
}
#---------- POLYLINE
Shape {
	appearance Appearance {
		material Material {
			diffuseColor 0.5 0.5 0.5
			emissiveColor 0.5 0.5 0.5
		}
	}
	geometry IndexedLineSet {
		coord Coordinate {
			point [
				-17.9884 -0.718399 5.85709,
				-17.9884 -0.718392 5.85709,
			]
		}
		coordIndex [
			0, 1, -1
		]
	}
}
#---------- POLYLINE
Shape {
	appearance Appearance {
		material Material {
			diffuseColor 0.5 0.5 0.5
			emissiveColor 0.5 0.5 0.5
		}
	}
	geometry IndexedLineSet {
		coord Coordinate {
			point [
				-16.1657 -2.30541 10.7333,
			]
		}
		coordIndex [
			0, -1
		]
	}
}
#---------- POLYLINE
Shape {
	appearance Appearance {
		material Material {
			diffuseColor 0 0 1
			emissiveColor 0 0 1
		}
	}
	geometry IndexedLineSet {
		coord Coordinate {
			point [
				-16.1657 -2.30541 10.7333,
				-16.1154 -2.2913 10.7528,
				-16.0687 -2.29331 10.7582,
				-16.0279 -2.3111 10.7679,
				-15.9937 -2.33195 10.7783,
				-15.9746 -2.35672 10.7999,
				-15.9508 -2.38382 10.8101,
				-15.9377 -2.41395 10.8224,
				-15.9367 -2.44142 10.8414,
				-15.9416 -2.4709 10.8536,
				-15.9465 -2.49016 10.8673,
				-15.9498 -2.50185 10.8871,
				-15.9509 -2.51346 10.9057,
				-15.9523 -2.54436 10.9578,
				-15.948 -2.54443 11.0041,
				-15.9179 -2.5607 11.0145,
				-15.9015 -2.57382 11.0287,
				-15.8999 -2.5716 11.0463,
				-15.899 -2.57146 11.0471,
			]
		}
		coordIndex [
			0, 1, 2, 3, 4, 5, 6, 7, 8, 9, 
			10, 11, 12, 13, 14, 15, 16, 17, 18, -1
		]
	}
}
#---------- POLYLINE
Shape {
	appearance Appearance {
		material Material {
			diffuseColor 0 1 0
			emissiveColor 0 1 0
		}
	}
	geometry IndexedLineSet {
		coord Coordinate {
			point [
				-15.899 -2.57146 11.0471,
				-15.826 -2.75276 10.6869,
				-15.1517 -4.42653 7.36153,
				-14.7842 -15.8469 -7.77526,
				-14.6809 -19.0577 -12.0309,
				-14.5346 -23.6033 -18.0559,
				-20.338 -41.5896 -7.19568,
				-23.8978 -43.4766 -7.75341,
				36.9057 33.7338 -2.66788,
				404.092 500 28.0431,
			]
		}
		coordIndex [
			0, 1, 2, 3, 4, 5, 6, 7, 8, 9, -1
		]
	}
}
#---------- POLYLINE
Shape {
	appearance Appearance {
		material Material {
			diffuseColor 0 1 0
			emissiveColor 0 1 0
		}
	}
	geometry IndexedLineSet {
		coord Coordinate {
			point [
				-15.899 -2.57146 11.0471,
				-17.7145 1.93485 20,
				-18.7284 4.45152 25,
				-115.049 243.536 500,
			]
		}
		coordIndex [
			0, 1, 2, 3, -1
		]
	}
}
#---------- POLYLINE
Shape {
	appearance Appearance {
		material Material {
			diffuseColor 0.5 0.5 0.5
			emissiveColor 0.5 0.5 0.5
		}
	}
	geometry IndexedLineSet {
		coord Coordinate {
			point [
				-16.1657 -2.30541 10.7333,
				-15.791 -2.69897 11.8995,
				-11.5822 -7.11997 25,
				141.021 -167.417 500,
			]
		}
		coordIndex [
			0, 1, 2, 3, -1
		]
	}
}
#---------- POLYLINE
Shape {
	appearance Appearance {
		material Material {
			diffuseColor 0.5 0.5 0.5
			emissiveColor 0.5 0.5 0.5
		}
	}
	geometry IndexedLineSet {
		coord Coordinate {
			point [
				-16.1657 -2.30541 10.7333,
				-16.1657 -2.30542 10.7332,
			]
		}
		coordIndex [
			0, 1, -1
		]
	}
}
#---------- POLYLINE
Shape {
	appearance Appearance {
		material Material {
			diffuseColor 0.5 0.5 0.5
			emissiveColor 0.5 0.5 0.5
		}
	}
	geometry IndexedLineSet {
		coord Coordinate {
			point [
				-16.795 -3.65577 0.790777,
			]
		}
		coordIndex [
			0, -1
		]
	}
}
#---------- POLYLINE
Shape {
	appearance Appearance {
		material Material {
			diffuseColor 0 0 1
			emissiveColor 0 0 1
		}
	}
	geometry IndexedLineSet {
		coord Coordinate {
			point [
				-16.795 -3.65577 0.790777,
				-16.8079 -3.6126 0.660238,
				-16.8184 -3.60825 0.545525,
				-16.8064 -3.66095 0.452328,
				-16.8144 -3.69096 0.354648,
				-16.8407 -3.70633 0.261093,
				-16.8866 -3.71066 0.18169,
				-16.8908 -3.69975 0.098017,
				-16.891 -3.71121 0.0256544,
				-16.8918 -3.74056 -0.0370592,
				-16.8992 -3.75142 -0.100072,
				-16.9125 -3.76156 -0.159059,
				-16.9188 -3.77733 -0.212916,
				-16.9107 -3.78538 -0.263079,
				-16.8955 -3.77642 -0.308731,
				-16.8804 -3.74737 -0.341628,
				-16.8746 -3.72274 -0.375656,
				-16.8706 -3.69331 -0.399841,
				-16.8657 -3.66122 -0.418334,
				-16.859 -3.63115 -0.434298,
				-16.8503 -3.60594 -0.453279,
				-16.8401 -3.58079 -0.468495,
				-16.8349 -3.55181 -0.470529,
				-16.824 -3.52555 -0.467325,
				-16.8082 -3.50468 -0.467513,
				-16.8004 -3.48137 -0.467748,
				-16.7975 -3.45796 -0.465325,
				-16.7927 -3.38784 -0.448671,
				-16.8248 -3.34382 -0.417682,
				-16.8659 -3.3142 -0.411617,
				-16.8954 -3.32536 -0.440432,
				-16.9252 -3.32765 -0.462648,
				-16.9522 -3.33759 -0.462621,
				-16.9602 -3.33144 -0.447442,
				-16.9665 -3.33068 -0.444375,
				-16.9665 -3.33068 -0.444372,
			]
		}
		coordIndex [
			0, 1, 2, 3, 4, 5, 6, 7, 8, 9, 
			10, 11, 12, 13, 14, 15, 16, 17, 18, 19, 
			20, 21, 22, 23, 24, 25, 26, 27, 28, 29, 
			30, 31, 32, 33, 34, 35, -1
		]
	}
}
#---------- POLYLINE
Shape {
	appearance Appearance {
		material Material {
			diffuseColor 0 1 0
			emissiveColor 0 1 0
		}
	}
	geometry IndexedLineSet {
		coord Coordinate {
			point [
				-16.9665 -3.33068 -0.444372,
				-16.7176 -3.7717 -1.0664,
				-11.7293 -12.6086 -13.5303,
				-9.13996 -17.1956 -20,
				-7.13885 -20.7405 -25,
				182.966 -357.514 -500,
			]
		}
		coordIndex [
			0, 1, 2, 3, 4, 5, -1
		]
	}
}
#---------- POLYLINE
Shape {
	appearance Appearance {
		material Material {
			diffuseColor 0 1 0
			emissiveColor 0 1 0
		}
	}
	geometry IndexedLineSet {
		coord Coordinate {
			point [
				-16.9665 -3.33068 -0.444372,
				-20.2777 2.53505 7.82891,
				-20.5581 4.96875 9.61018,
				-22.1396 18.6937 19.6557,
				-30.4852 0.585445 -2.01746,
				-5.5507 49.6909 -10.0288,
				223.105 500 -83.4945,
			]
		}
		coordIndex [
			0, 1, 2, 3, 4, 5, 6, -1
		]
	}
}
#---------- POLYLINE
Shape {
	appearance Appearance {
		material Material {
			diffuseColor 0.5 0.5 0.5
			emissiveColor 0.5 0.5 0.5
		}
	}
	geometry IndexedLineSet {
		coord Coordinate {
			point [
				-16.795 -3.65577 0.790777,
				-16.6462 -3.70839 0.660864,
				12.7411 -14.1032 -25,
				500 -186.456 -450.472,
			]
		}
		coordIndex [
			0, 1, 2, 3, -1
		]
	}
}
#---------- POLYLINE
Shape {
	appearance Appearance {
		material Material {
			diffuseColor 0.5 0.5 0.5
			emissiveColor 0.5 0.5 0.5
		}
	}
	geometry IndexedLineSet {
		coord Coordinate {
			point [
				-16.795 -3.65577 0.790777,
				-16.795 -3.65577 0.790793,
			]
		}
		coordIndex [
			0, 1, -1
		]
	}
}
#---------- POLYLINE
Shape {
	appearance Appearance {
		material Material {
			diffuseColor 0.5 0.5 0.5
			emissiveColor 0.5 0.5 0.5
		}
	}
	geometry IndexedLineSet {
		coord Coordinate {
			point [
				-19.221 -4.89965 10.2836,
			]
		}
		coordIndex [
			0, -1
		]
	}
}
#---------- POLYLINE
Shape {
	appearance Appearance {
		material Material {
			diffuseColor 0 0 1
			emissiveColor 0 0 1
		}
	}
	geometry IndexedLineSet {
		coord Coordinate {
			point [
				-19.221 -4.89965 10.2836,
				-19.2326 -4.86533 10.2971,
				-19.2563 -4.80193 10.3282,
				-19.277 -4.67629 10.3754,
				-19.2543 -4.59038 10.4158,
				-19.219 -4.51921 10.44,
				-19.1436 -4.48444 10.4485,
				-19.0725 -4.46227 10.4614,
				-19.0268 -4.46601 10.4991,
				-18.9918 -4.4667 10.5453,
				-18.9502 -4.4521 10.573,
				-18.9013 -4.43662 10.587,
				-18.8584 -4.42742 10.6062,
				-18.8137 -4.43327 10.6096,
				-18.7744 -4.44855 10.6106,
				-18.7347 -4.45638 10.6095,
				-18.6975 -4.45864 10.6022,
				-18.6631 -4.45459 10.5952,
				-18.6321 -4.45535 10.5865,
				-18.6104 -4.47566 10.591,
				-18.593 -4.49543 10.599,
				-18.5786 -4.51091 10.6125,
				-18.568 -4.52722 10.6247,
				-18.566 -4.5444 10.6375,
				-18.5606 -4.55529 10.6544,
				-18.5535 -4.55535 10.6688,
				-18.5394 -4.54377 10.6727,
				-18.5145 -4.52368 10.6819,
				-18.4965 -4.47767 10.6991,
				-18.4694 -4.4865 10.6676,
				-18.4876 -4.47766 10.6356,
				-18.4913 -4.45999 10.6605,
				-18.4932 -4.46871 10.6837,
				-18.5128 -4.47155 10.6799,
				-18.5145 -4.47126 10.6777,
				-18.5146 -4.4712 10.6777,
			]
		}
		coordIndex [
			0, 1, 2, 3, 4, 5, 6, 7, 8, 9, 
			10, 11, 12, 13, 14, 15, 16, 17, 18, 19, 
			20, 21, 22, 23, 24, 25, 26, 27, 28, 29, 
			30, 31, 32, 33, 34, 35, -1
		]
	}
}
#---------- POLYLINE
Shape {
	appearance Appearance {
		material Material {
			diffuseColor 0 1 0
			emissiveColor 0 1 0
		}
	}
	geometry IndexedLineSet {
		coord Coordinate {
			point [
				-18.5146 -4.4712 10.6777,
				-18.7465 -4.84033 10.5699,
				-36.9023 -33.7375 2.13189,
				-76.9463 -97.4722 -16.4788,
				347.494 -112.585 500,
			]
		}
		coordIndex [
			0, 1, 2, 3, 4, -1
		]
	}
}
#---------- POLYLINE
Shape {
	appearance Appearance {
		material Material {
			diffuseColor 1 0 0
			emissiveColor 1 0 0
		}
	}
	geometry IndexedLineSet {
		coord Coordinate {
			point [
				-76.9463 -97.4722 -16.4788,
				-80.3784 -101.233 -18.8969,
				-113.772 -134.984 -30.4515,
				-131.233 -147.701 -32.4537,
				-188.503 -184.176 -6.33247,
				-212.153 -198.955 16.4897,
				-227.728 -216.797 36.787,
				-229.1 -219.27 38.429,
				-242.788 -255.778 67.491,
				-252.642 -275.78 89.1587,
				-254.393 -318.923 121.471,
				-250.066 -358.119 153.149,
				-246.056 -379.878 171.121,
				-246.039 -383.04 173.962,
				-247.857 -389.758 182.131,
				-249.152 -391.56 185.713,
				-259.1 -398.52 224.703,
				-262.592 -399.118 236.067,
				-266.227 -402.93 257.617,
				-296.174 -398.05 264.105,
				-324.626 -399.572 253.48,
				-347.719 -392.693 238.755,
				-365.453 -377.644 227.958,
				-385.633 -364.183 227.082,
				-402.133 -351.116 230.603,
				-404.417 -349.043 230.871,
				-418.115 -338.788 233.151,
				-431.478 -329.888 233.631,
				-442.996 -322.593 237.941,
				-450.527 -314.982 245.016,
				-456.112 -308.57 252.788,
				-456.917 -307.518 254.282,
				-459.893 -302.621 261.287,
				-461.249 -295.857 265.891,
				-461.283 -294.514 267.093,
				-464.957 -290.73 271.637,
				-469.271 -291.071 276.519,
				-471.498 -294.196 280.439,
				-474.015 -297.967 282.524,
				-476.833 -295.719 280.283,
				-477.844 -294.587 279.144,
				-479.052 -292.075 277.263,
				-479.464 -289.66 275.373,
				-479.59 -287.266 273.896,
				-480.501 -286.033 271.85,
				-480.735 -285.383 269.434,
				-480.746 -285.378 269.368,
				-480.751 -285.376 269.351,
				-480.765 -285.369 269.295,
				-480.765 -285.369 269.292,
				-479.945 -284.632 267.775,
				-479.027 -283.444 267.279,
				-478.738 -282.766 267.095,
				-478.585 -282.001 267.194,
				-478.13 -281.667 266.914,
				-477.701 -281.347 267.001,
				-477.483 -280.96 267.125,
				-477.378 -281.072 267.446,
				-477.364 -281.082 267.763,
				-477.267 -281.138 267.993,
				-477.465 -281.158 268.09,
				-477.635 -281.085 268.131,
				-477.779 -281.08 268.177,
				-477.651 -281.071 268.197,
				-477.565 -281.049 268.243,
				-477.54 -280.969 268.254,
				-477.548 -280.897 268.262,
				-477.552 -280.833 268.26,
				-477.539 -280.807 268.236,
				-477.529 -280.798 268.211,
				-477.52 -280.804 268.208,
				-477.519 -280.806 268.21,
				-477.519 -280.806 268.21,
			]
		}
		coordIndex [
			0, 1, 2, 3, 4, 5, 6, 7, 8, 9, 
			10, 11, 12, 13, 14, 15, 16, 17, 18, 19, 
			20, 21, 22, 23, 24, 25, 26, 27, 28, 29, 
			30, 31, 32, 33, 34, 35, 36, 37, 38, 39, 
			40, 41, 42, 43, 44, 45, 46, 47, 48, 49, 
			50, 51, 52, 53, 54, 55, 56, 57, 58, 59, 
			60, 61, 62, 63, 64, 65, 66, 67, 68, 69, 
			70, 71, 72, -1
		]
	}
}
#---------- POLYLINE
Shape {
	appearance Appearance {
		material Material {
			diffuseColor 1 0 0
			emissiveColor 1 0 0
		}
	}
	geometry IndexedLineSet {
		coord Coordinate {
			point [
				-478.738 -282.766 267.095,
				-478.736 -282.761 267.057,
				-478.724 -282.763 267.028,
				-478.727 -282.743 267.025,
				-478.731 -282.732 267.035,
				-478.732 -282.728 267.033,
			]
		}
		coordIndex [
			0, 1, 2, 3, 4, 5, -1
		]
	}
}
#---------- POLYLINE
Shape {
	appearance Appearance {
		material Material {
			diffuseColor 1 0 0
			emissiveColor 1 0 0
		}
	}
	geometry IndexedLineSet {
		coord Coordinate {
			point [
				-480.765 -285.369 269.292,
				-481.93 -285.837 268.4,
				-482.96 -286.108 267.656,
				-482.615 -286.839 267.82,
				-482.399 -287.351 267.501,
				-482.064 -287.457 267.184,
				-481.656 -287.509 267.116,
				-481.396 -287.52 267.317,
				-481.17 -287.514 267.494,
				-481.006 -287.504 267.332,
				-480.98 -287.642 267.262,
				-480.972 -287.772 267.221,
				-481.027 -287.877 267.2,
				-481.102 -287.948 267.223,
				-481.088 -288.015 267.28,
				-481.039 -288.04 267.313,
				-481.012 -288.081 267.342,
				-481.002 -288.106 267.371,
				-481.005 -288.089 267.401,
				-481.002 -288.089 267.431,
				-480.991 -288.085 267.455,
				-480.989 -288.084 267.454,
			]
		}
		coordIndex [
			0, 1, 2, 3, 4, 5, 6, 7, 8, 9, 
			10, 11, 12, 13, 14, 15, 16, 17, 18, 19, 
			20, 21, -1
		]
	}
}
#---------- POLYLINE
Shape {
	appearance Appearance {
		material Material {
			diffuseColor 1 0 0
			emissiveColor 1 0 0
		}
	}
	geometry IndexedLineSet {
		coord Coordinate {
			point [
				-477.844 -294.587 279.144,
				-478.039 -294.666 279.102,
				-478.174 -294.634 279.011,
				-478.216 -294.564 278.889,
				-478.226 -294.5 278.773,
				-478.264 -294.469 278.698,
				-478.286 -294.464 278.63,
				-478.311 -294.43 278.594,
				-478.325 -294.41 278.586,
				-478.331 -294.399 278.591,
				-478.331 -294.397 278.593,
			]
		}
		coordIndex [
			0, 1, 2, 3, 4, 5, 6, 7, 8, 9, 
			10, -1
		]
	}
}
#---------- POLYLINE
Shape {
	appearance Appearance {
		material Material {
			diffuseColor 1 0 0
			emissiveColor 1 0 0
		}
	}
	geometry IndexedLineSet {
		coord Coordinate {
			point [
				-477.844 -294.587 279.144,
				-477.843 -294.587 279.143,
			]
		}
		coordIndex [
			0, 1, -1
		]
	}
}
#---------- POLYLINE
Shape {
	appearance Appearance {
		material Material {
			diffuseColor 1 0 0
			emissiveColor 1 0 0
		}
	}
	geometry IndexedLineSet {
		coord Coordinate {
			point [
				-471.498 -294.196 280.439,
				-471.533 -294.161 280.482,
				-471.488 -294.136 280.465,
				-471.466 -294.099 280.48,
				-471.459 -294.061 280.469,
				-471.455 -294.048 280.432,
				-471.482 -294.061 280.411,
				-471.496 -294.06 280.381,
				-471.504 -294.049 280.35,
				-471.489 -294.029 280.336,
			]
		}
		coordIndex [
			0, 1, 2, 3, 4, 5, 6, 7, 8, 9, -1
		]
	}
}
#---------- POLYLINE
Shape {
	appearance Appearance {
		material Material {
			diffuseColor 1 0 0
			emissiveColor 1 0 0
		}
	}
	geometry IndexedLineSet {
		coord Coordinate {
			point [
				-461.283 -294.514 267.093,
				-461.255 -294.52 267.108,
				-461.25 -294.521 267.101,
				-461.249 -294.52 267.101,
			]
		}
		coordIndex [
			0, 1, 2, 3, -1
		]
	}
}
#---------- POLYLINE
Shape {
	appearance Appearance {
		material Material {
			diffuseColor 1 0 0
			emissiveColor 1 0 0
		}
	}
	geometry IndexedLineSet {
		coord Coordinate {
			point [
				-461.283 -294.514 267.093,
				-461.283 -294.513 267.092,
			]
		}
		coordIndex [
			0, 1, -1
		]
	}
}
#---------- POLYLINE
Shape {
	appearance Appearance {
		material Material {
			diffuseColor 1 0 0
			emissiveColor 1 0 0
		}
	}
	geometry IndexedLineSet {
		coord Coordinate {
			point [
				-456.917 -307.518 254.282,
				-456.773 -307.505 254.422,
				-456.646 -307.601 254.492,
				-456.637 -307.64 254.566,
				-456.611 -307.703 254.543,
				-456.642 -307.748 254.585,
				-456.622 -307.78 254.637,
				-456.611 -307.792 254.676,
				-456.62 -307.808 254.707,
				-456.629 -307.801 254.683,
				-456.612 -307.784 254.694,
				-456.613 -307.802 254.708,
				-456.611 -307.805 254.707,
			]
		}
		coordIndex [
			0, 1, 2, 3, 4, 5, 6, 7, 8, 9, 
			10, 11, 12, -1
		]
	}
}
#---------- POLYLINE
Shape {
	appearance Appearance {
		material Material {
			diffuseColor 1 0 0
			emissiveColor 1 0 0
		}
	}
	geometry IndexedLineSet {
		coord Coordinate {
			point [
				-418.115 -338.788 233.151,
				-418.104 -338.741 233.307,
				-418.053 -338.634 233.354,
				-418.008 -338.575 233.403,
				-418.018 -338.531 233.471,
				-417.975 -338.475 233.5,
				-417.924 -338.424 233.511,
				-417.872 -338.394 233.545,
				-417.84 -338.381 233.541,
				-417.826 -338.409 233.543,
				-417.807 -338.414 233.544,
				-417.806 -338.414 233.544,
				-417.807 -338.414 233.544,
			]
		}
		coordIndex [
			0, 1, 2, 3, 4, 5, 6, 7, 8, 9, 
			10, 11, 12, -1
		]
	}
}
#---------- POLYLINE
Shape {
	appearance Appearance {
		material Material {
			diffuseColor 1 0 0
			emissiveColor 1 0 0
		}
	}
	geometry IndexedLineSet {
		coord Coordinate {
			point [
				-404.417 -349.043 230.871,
				-404.368 -348.94 230.899,
				-404.409 -348.871 230.954,
				-404.458 -348.811 230.915,
				-404.496 -348.795 230.893,
				-404.523 -348.774 230.886,
				-404.513 -348.768 230.862,
				-404.508 -348.765 230.84,
				-404.506 -348.773 230.857,
				-404.503 -348.773 230.856,
				-404.503 -348.772 230.856,
			]
		}
		coordIndex [
			0, 1, 2, 3, 4, 5, 6, 7, 8, 9, 
			10, -1
		]
	}
}
#---------- POLYLINE
Shape {
	appearance Appearance {
		material Material {
			diffuseColor 1 0 0
			emissiveColor 1 0 0
		}
	}
	geometry IndexedLineSet {
		coord Coordinate {
			point [
				-266.227 -402.93 257.617,
				-266.194 -402.915 257.635,
				-266.221 -402.911 257.649,
				-266.242 -402.907 257.661,
				-266.239 -402.903 257.659,
			]
		}
		coordIndex [
			0, 1, 2, 3, 4, -1
		]
	}
}
#---------- POLYLINE
Shape {
	appearance Appearance {
		material Material {
			diffuseColor 1 0 0
			emissiveColor 1 0 0
		}
	}
	geometry IndexedLineSet {
		coord Coordinate {
			point [
				-262.592 -399.118 236.067,
				-262.65 -399.066 236.054,
				-262.702 -399.065 236.061,
				-262.73 -399.096 236.053,
				-262.746 -399.126 236.075,
				-262.751 -399.127 236.082,
				-262.751 -399.128 236.082,
				-262.752 -399.128 236.082,
			]
		}
		coordIndex [
			0, 1, 2, 3, 4, 5, 6, 7, -1
		]
	}
}
#---------- POLYLINE
Shape {
	appearance Appearance {
		material Material {
			diffuseColor 1 0 0
			emissiveColor 1 0 0
		}
	}
	geometry IndexedLineSet {
		coord Coordinate {
			point [
				-247.857 -389.758 182.131,
				-247.78 -389.869 182.106,
				-247.705 -389.913 182.099,
				-247.715 -389.958 182.041,
				-247.661 -389.941 182.052,
				-247.66 -389.941 182.052,
			]
		}
		coordIndex [
			0, 1, 2, 3, 4, 5, -1
		]
	}
}
#---------- POLYLINE
Shape {
	appearance Appearance {
		material Material {
			diffuseColor 1 0 0
			emissiveColor 1 0 0
		}
	}
	geometry IndexedLineSet {
		coord Coordinate {
			point [
				-246.039 -383.04 173.962,
				-246.039 -383.088 173.922,
				-246.066 -383.132 173.953,
				-246.052 -383.177 173.935,
				-246.05 -383.204 173.935,
				-246.059 -383.2 173.947,
				-246.063 -383.195 173.949,
			]
		}
		coordIndex [
			0, 1, 2, 3, 4, 5, 6, -1
		]
	}
}
#---------- POLYLINE
Shape {
	appearance Appearance {
		material Material {
			diffuseColor 1 0 0
			emissiveColor 1 0 0
		}
	}
	geometry IndexedLineSet {
		coord Coordinate {
			point [
				-252.642 -275.78 89.1587,
				-252.68 -275.75 89.18,
				-252.691 -275.705 89.1971,
				-252.686 -275.666 89.2069,
				-252.68 -275.653 89.2391,
				-252.675 -275.633 89.2399,
				-252.675 -275.632 89.2402,
				-252.675 -275.632 89.2403,
				-252.675 -275.632 89.2405,
			]
		}
		coordIndex [
			0, 1, 2, 3, 4, 5, 6, 7, 8, -1
		]
	}
}
#---------- POLYLINE
Shape {
	appearance Appearance {
		material Material {
			diffuseColor 1 0 0
			emissiveColor 1 0 0
		}
	}
	geometry IndexedLineSet {
		coord Coordinate {
			point [
				-242.788 -255.778 67.491,
				-242.794 -255.803 67.4704,
				-242.786 -255.831 67.4632,
				-242.776 -255.836 67.4427,
				-242.774 -255.838 67.4427,
				-242.774 -255.838 67.4422,
			]
		}
		coordIndex [
			0, 1, 2, 3, 4, 5, -1
		]
	}
}
#---------- POLYLINE
Shape {
	appearance Appearance {
		material Material {
			diffuseColor 1 0 0
			emissiveColor 1 0 0
		}
	}
	geometry IndexedLineSet {
		coord Coordinate {
			point [
				-229.1 -219.27 38.429,
				-229.133 -219.266 38.4134,
				-229.163 -219.273 38.4027,
				-229.173 -219.294 38.4107,
				-229.173 -219.295 38.4085,
				-229.172 -219.295 38.4084,
			]
		}
		coordIndex [
			0, 1, 2, 3, 4, 5, -1
		]
	}
}
#---------- POLYLINE
Shape {
	appearance Appearance {
		material Material {
			diffuseColor 1 0 0
			emissiveColor 1 0 0
		}
	}
	geometry IndexedLineSet {
		coord Coordinate {
			point [
				-212.153 -198.955 16.4897,
				-212.191 -198.921 16.4825,
				-212.224 -198.901 16.4872,
				-212.23 -198.875 16.4916,
			]
		}
		coordIndex [
			0, 1, 2, 3, -1
		]
	}
}
#---------- POLYLINE
Shape {
	appearance Appearance {
		material Material {
			diffuseColor 1 0 0
			emissiveColor 1 0 0
		}
	}
	geometry IndexedLineSet {
		coord Coordinate {
			point [
				-131.233 -147.701 -32.4537,
				-130.529 -149.788 -32.8461,
				-129.34 -150.892 -32.8093,
				-128.47 -151.737 -32.7497,
				-128.183 -152.698 -32.5311,
				-127.905 -153.476 -32.5427,
				-127.927 -153.637 -31.8531,
				-128.119 -154.179 -31.5836,
				-128.162 -154.218 -31.2323,
				-128.422 -154.163 -31.1898,
				-128.626 -154.179 -31.2194,
				-128.68 -154.199 -31.2509,
				-128.766 -154.218 -31.3271,
				-128.784 -154.176 -31.4166,
				-128.817 -154.131 -31.4743,
				-128.81 -154.078 -31.5065,
				-128.796 -154.036 -31.5378,
				-128.783 -154.018 -31.5673,
				-128.805 -154.001 -31.5521,
				-128.822 -154.008 -31.5408,
				-128.836 -154.007 -31.5325,
				-128.836 -154.006 -31.5339,
				-128.836 -154.006 -31.5336,
			]
		}
		coordIndex [
			0, 1, 2, 3, 4, 5, 6, 7, 8, 9, 
			10, 11, 12, 13, 14, 15, 16, 17, 18, 19, 
			20, 21, 22, -1
		]
	}
}
#---------- POLYLINE
Shape {
	appearance Appearance {
		material Material {
			diffuseColor 1 0 0
			emissiveColor 1 0 0
		}
	}
	geometry IndexedLineSet {
		coord Coordinate {
			point [
				-128.68 -154.199 -31.2509,
				-128.68 -154.198 -31.2486,
			]
		}
		coordIndex [
			0, 1, -1
		]
	}
}
#---------- POLYLINE
Shape {
	appearance Appearance {
		material Material {
			diffuseColor 1 0 0
			emissiveColor 1 0 0
		}
	}
	geometry IndexedLineSet {
		coord Coordinate {
			point [
				-129.34 -150.892 -32.8093,
				-129.354 -150.905 -32.7949,
			]
		}
		coordIndex [
			0, 1, -1
		]
	}
}
#---------- POLYLINE
Shape {
	appearance Appearance {
		material Material {
			diffuseColor 1 0 0
			emissiveColor 1 0 0
		}
	}
	geometry IndexedLineSet {
		coord Coordinate {
			point [
				-113.772 -134.984 -30.4515,
				-113.757 -135.006 -30.4491,
				-113.767 -135.002 -30.461,
				-113.762 -135.002 -30.4632,
			]
		}
		coordIndex [
			0, 1, 2, 3, -1
		]
	}
}
#---------- POLYLINE
Shape {
	appearance Appearance {
		material Material {
			diffuseColor 1 0 0
			emissiveColor 1 0 0
		}
	}
	geometry IndexedLineSet {
		coord Coordinate {
			point [
				-80.3784 -101.233 -18.8969,
				-80.4061 -101.23 -18.8789,
				-80.4228 -101.238 -18.8824,
				-80.4214 -101.233 -18.8854,
				-80.421 -101.234 -18.8852,
			]
		}
		coordIndex [
			0, 1, 2, 3, 4, -1
		]
	}
}
#---------- POLYLINE
Shape {
	appearance Appearance {
		material Material {
			diffuseColor 0 1 0
			emissiveColor 0 1 0
		}
	}
	geometry IndexedLineSet {
		coord Coordinate {
			point [
				-18.5146 -4.4712 10.6777,
				-15.0952 0.97115 12.2669,
				-7.58756 12.9205 15.7561,
				-5.00746 17.027 16.9552,
				12.3022 44.5775 25,
				298.44 500 157.984,
			]
		}
		coordIndex [
			0, 1, 2, 3, 4, 5, -1
		]
	}
}
#---------- POLYLINE
Shape {
	appearance Appearance {
		material Material {
			diffuseColor 0 1 0
			emissiveColor 0 1 0
		}
	}
	geometry IndexedLineSet {
		coord Coordinate {
			point [
				-18.5145 -4.52368 10.6819,
				-18.5146 -4.51286 10.6885,
			]
		}
		coordIndex [
			0, 1, -1
		]
	}
}
#---------- POLYLINE
Shape {
	appearance Appearance {
		material Material {
			diffuseColor 0.5 0.5 0.5
			emissiveColor 0.5 0.5 0.5
		}
	}
	geometry IndexedLineSet {
		coord Coordinate {
			point [
				-19.221 -4.89965 10.2836,
				-16.0046 -3.00612 10.885,
				9.99443 12.3 15.7468,
				14.3746 14.8787 16.5659,
				40.0183 29.9756 21.3612,
				500 300.776 107.377,
			]
		}
		coordIndex [
			0, 1, 2, 3, 4, 5, -1
		]
	}
}
#---------- POLYLINE
Shape {
	appearance Appearance {
		material Material {
			diffuseColor 0.5 0.5 0.5
			emissiveColor 0.5 0.5 0.5
		}
	}
	geometry IndexedLineSet {
		coord Coordinate {
			point [
				-19.221 -4.89965 10.2836,
				-19.221 -4.89967 10.2836,
			]
		}
		coordIndex [
			0, 1, -1
		]
	}
}
#---------- POLYLINE
Shape {
	appearance Appearance {
		material Material {
			diffuseColor 0.5 0.5 0.5
			emissiveColor 0.5 0.5 0.5
		}
	}
	geometry IndexedLineSet {
		coord Coordinate {
			point [
				-22.3964 -2.00973 6.71136,
			]
		}
		coordIndex [
			0, -1
		]
	}
}
#---------- POLYLINE
Shape {
	appearance Appearance {
		material Material {
			diffuseColor 0 0 1
			emissiveColor 0 0 1
		}
	}
	geometry IndexedLineSet {
		coord Coordinate {
			point [
				-22.3964 -2.00973 6.71136,
				-22.6629 -2.06064 6.87917,
				-22.8652 -1.98114 7.02231,
				-23.0661 -1.94979 7.09883,
				-23.2143 -1.87015 7.17957,
				-23.3527 -1.89084 7.14724,
				-23.4596 -1.94427 7.15009,
				-23.5263 -2.00547 7.1246,
				-23.5911 -2.04945 7.14327,
				-23.6332 -2.06322 7.18629,
				-23.6648 -2.09672 7.21742,
				-23.706 -2.0835 7.21653,
				-23.7324 -2.07321 7.22963,
				-23.7454 -2.08811 7.24586,
				-23.7543 -2.07658 7.23479,
				-23.7545 -2.08071 7.23408,
				-23.7547 -2.08069 7.23382,
			]
		}
		coordIndex [
			0, 1, 2, 3, 4, 5, 6, 7, 8, 9, 
			10, 11, 12, 13, 14, 15, 16, -1
		]
	}
}
#---------- POLYLINE
Shape {
	appearance Appearance {
		material Material {
			diffuseColor 0 1 0
			emissiveColor 0 1 0
		}
	}
	geometry IndexedLineSet {
		coord Coordinate {
			point [
				-23.7547 -2.08069 7.23382,
				-21.7766 -4.18734 20,
				-21.0018 -5.01242 25,
				52.5988 -83.3958 500,
			]
		}
		coordIndex [
			0, 1, 2, 3, -1
		]
	}
}
#---------- POLYLINE
Shape {
	appearance Appearance {
		material Material {
			diffuseColor 0 1 0
			emissiveColor 0 1 0
		}
	}
	geometry IndexedLineSet {
		coord Coordinate {
			point [
				-23.7547 -2.08069 7.23382,
				-24.931 -0.827959 -0.35768,
				-28.7493 3.23846 -25,
				-102.35 81.6218 -500,
			]
		}
		coordIndex [
			0, 1, 2, 3, -1
		]
	}
}
#---------- POLYLINE
Shape {
	appearance Appearance {
		material Material {
			diffuseColor 0.5 0.5 0.5
			emissiveColor 0.5 0.5 0.5
		}
	}
	geometry IndexedLineSet {
		coord Coordinate {
			point [
				-22.3964 -2.00973 6.71136,
				-24.6837 -1.7502 8.14289,
				-49.9874 1.12098 23.98,
				-500 52.1831 305.633,
			]
		}
		coordIndex [
			0, 1, 2, 3, -1
		]
	}
}
#---------- POLYLINE
Shape {
	appearance Appearance {
		material Material {
			diffuseColor 0.5 0.5 0.5
			emissiveColor 0.5 0.5 0.5
		}
	}
	geometry IndexedLineSet {
		coord Coordinate {
			point [
				-22.3964 -2.00973 6.71136,
				-22.3964 -2.00972 6.71135,
			]
		}
		coordIndex [
			0, 1, -1
		]
	}
}
#---------- POLYLINE
Shape {
	appearance Appearance {
		material Material {
			diffuseColor 0.5 0.5 0.5
			emissiveColor 0.5 0.5 0.5
		}
	}
	geometry IndexedLineSet {
		coord Coordinate {
			point [
				-21.9438 -4.30693 16.6945,
			]
		}
		coordIndex [
			0, -1
		]
	}
}
#---------- POLYLINE
Shape {
	appearance Appearance {
		material Material {
			diffuseColor 0 0 1
			emissiveColor 0 0 1
		}
	}
	geometry IndexedLineSet {
		coord Coordinate {
			point [
				-21.9438 -4.30693 16.6945,
				-21.9117 -4.30158 16.6951,
				-21.8834 -4.29287 16.6959,
				-21.8567 -4.30053 16.6975,
				-21.8323 -4.30756 16.7021,
				-21.7752 -4.3597 16.7109,
				-21.7252 -4.38237 16.7466,
				-21.7181 -4.43452 16.7597,
				-21.7381 -4.46689 16.7842,
				-21.739 -4.50229 16.8005,
				-21.7204 -4.52129 16.8082,
				-21.7292 -4.54125 16.8088,
				-21.7288 -4.5459 16.8112,
				-21.7288 -4.54595 16.8111,
			]
		}
		coordIndex [
			0, 1, 2, 3, 4, 5, 6, 7, 8, 9, 
			10, 11, 12, 13, -1
		]
	}
}
#---------- POLYLINE
Shape {
	appearance Appearance {
		material Material {
			diffuseColor 0 1 0
			emissiveColor 0 1 0
		}
	}
	geometry IndexedLineSet {
		coord Coordinate {
			point [
				-21.7288 -4.54595 16.8111,
				-19.6097 -2.43268 19.03,
				-20.154 -2.46411 20,
				-22.9597 -2.62611 25,
				-289.501 -18.0163 500,
			]
		}
		coordIndex [
			0, 1, 2, 3, 4, -1
		]
	}
}
#---------- POLYLINE
Shape {
	appearance Appearance {
		material Material {
			diffuseColor 0 1 0
			emissiveColor 0 1 0
		}
	}
	geometry IndexedLineSet {
		coord Coordinate {
			point [
				-21.7288 -4.54595 16.8111,
				-21.8345 -4.65132 16.7005,
				-30.8651 -13.6572 7.24435,
				-17.6791 -17.985 25,
				335.074 -133.762 500,
			]
		}
		coordIndex [
			0, 1, 2, 3, 4, -1
		]
	}
}
#---------- POLYLINE
Shape {
	appearance Appearance {
		material Material {
			diffuseColor 0.5 0.5 0.5
			emissiveColor 0.5 0.5 0.5
		}
	}
	geometry IndexedLineSet {
		coord Coordinate {
			point [
				-21.9438 -4.30693 16.6945,
				-21.9454 -4.60602 16.6648,
				-22.1583 -44.822 12.6795,
				-24.5685 -500 -32.4274,
			]
		}
		coordIndex [
			0, 1, 2, 3, -1
		]
	}
}
#---------- POLYLINE
Shape {
	appearance Appearance {
		material Material {
			diffuseColor 0.5 0.5 0.5
			emissiveColor 0.5 0.5 0.5
		}
	}
	geometry IndexedLineSet {
		coord Coordinate {
			point [
				-21.9438 -4.30693 16.6945,
				-21.9438 -4.30693 16.6945,
			]
		}
		coordIndex [
			0, 1, -1
		]
	}
}
#---------- POLYLINE
Shape {
	appearance Appearance {
		material Material {
			diffuseColor 0.5 0.5 0.5
			emissiveColor 0.5 0.5 0.5
		}
	}
	geometry IndexedLineSet {
		coord Coordinate {
			point [
				-19.1827 -3.50352 10.2137,
			]
		}
		coordIndex [
			0, -1
		]
	}
}
#---------- POLYLINE
Shape {
	appearance Appearance {
		material Material {
			diffuseColor 0 0 1
			emissiveColor 0 0 1
		}
	}
	geometry IndexedLineSet {
		coord Coordinate {
			point [
				-19.1827 -3.50352 10.2137,
				-19.1827 -3.50379 10.2106,
				-19.1826 -3.50367 10.2105,
			]
		}
		coordIndex [
			0, 1, 2, -1
		]
	}
}
#---------- POLYLINE
Shape {
	appearance Appearance {
		material Material {
			diffuseColor 0 1 0
			emissiveColor 0 1 0
		}
	}
	geometry IndexedLineSet {
		coord Coordinate {
			point [
				-19.1826 -3.50367 10.2105,
				-19.5715 -4.9816 7.6063,
				-21.4119 -11.9771 -4.72018,
				-6.55777 -7.13923 -25,
				341.359 106.175 -500,
			]
		}
		coordIndex [
			0, 1, 2, 3, 4, -1
		]
	}
}
#---------- POLYLINE
Shape {
	appearance Appearance {
		material Material {
			diffuseColor 0 1 0
			emissiveColor 0 1 0
		}
	}
	geometry IndexedLineSet {
		coord Coordinate {
			point [
				-19.1826 -3.50367 10.2105,
				-17.721 2.05204 20,
				-16.9745 4.88963 25,
				53.9451 274.46 500,
			]
		}
		coordIndex [
			0, 1, 2, 3, -1
		]
	}
}
#---------- POLYLINE
Shape {
	appearance Appearance {
		material Material {
			diffuseColor 0.5 0.5 0.5
			emissiveColor 0.5 0.5 0.5
		}
	}
	geometry IndexedLineSet {
		coord Coordinate {
			point [
				-19.1827 -3.50352 10.2137,
				-19.5687 -4.98137 10.4298,
				-28.921 -40.787 15.6666,
				-148.866 -500 82.8293,
			]
		}
		coordIndex [
			0, 1, 2, 3, -1
		]
	}
}
#---------- POLYLINE
Shape {
	appearance Appearance {
		material Material {
			diffuseColor 0.5 0.5 0.5
			emissiveColor 0.5 0.5 0.5
		}
	}
	geometry IndexedLineSet {
		coord Coordinate {
			point [
				-19.1827 -3.50352 10.2137,
				-19.1827 -3.50351 10.2137,
			]
		}
		coordIndex [
			0, 1, -1
		]
	}
}
#---------- POLYLINE
Shape {
	appearance Appearance {
		material Material {
			diffuseColor 0.5 0.5 0.5
			emissiveColor 0.5 0.5 0.5
		}
	}
	geometry IndexedLineSet {
		coord Coordinate {
			point [
				-21.7405 -0.236144 17.3024,
			]
		}
		coordIndex [
			0, -1
		]
	}
}
#---------- POLYLINE
Shape {
	appearance Appearance {
		material Material {
			diffuseColor 0 0 1
			emissiveColor 0 0 1
		}
	}
	geometry IndexedLineSet {
		coord Coordinate {
			point [
				-21.7405 -0.236144 17.3024,
				-21.5998 -0.191848 17.3847,
				-21.4685 -0.163921 17.3794,
				-21.409 -0.217413 17.4486,
				-21.3349 -0.213111 17.4927,
				-21.2643 -0.210947 17.5122,
				-21.2051 -0.195186 17.5188,
				-21.1737 -0.166514 17.5207,
				-21.1398 -0.154841 17.5133,
				-21.1374 -0.15619 17.5145,
				-21.1374 -0.15619 17.5145,
			]
		}
		coordIndex [
			0, 1, 2, 3, 4, 5, 6, 7, 8, 9, 
			10, -1
		]
	}
}
#---------- POLYLINE
Shape {
	appearance Appearance {
		material Material {
			diffuseColor 0 1 0
			emissiveColor 0 1 0
		}
	}
	geometry IndexedLineSet {
		coord Coordinate {
			point [
				-21.1374 -0.15619 17.5145,
				-23.8702 -3.16564 17.8774,
				-43.4546 -24.7325 20.4786,
				-475.034 -500 77.7993,
			]
		}
		coordIndex [
			0, 1, 2, 3, -1
		]
	}
}
#---------- POLYLINE
Shape {
	appearance Appearance {
		material Material {
			diffuseColor 0 1 0
			emissiveColor 0 1 0
		}
	}
	geometry IndexedLineSet {
		coord Coordinate {
			point [
				-21.1374 -0.15619 17.5145,
				-17.2211 4.15662 16.9943,
				-9.8234 12.3031 16.0118,
				-5.00928 17.6046 15.3724,
				17.2638 42.1323 12.4142,
				-12.3383 48.4538 9.43135,
				-500 152.593 -39.7076,
			]
		}
		coordIndex [
			0, 1, 2, 3, 4, 5, 6, -1
		]
	}
}
#---------- POLYLINE
Shape {
	appearance Appearance {
		material Material {
			diffuseColor 0.5 0.5 0.5
			emissiveColor 0.5 0.5 0.5
		}
	}
	geometry IndexedLineSet {
		coord Coordinate {
			point [
				-21.7405 -0.236144 17.3024,
				-17.7885 -4.48435 15.743,
				-10.4949 -12.3246 12.865,
				-5.07323 -18.1526 10.7256,
				20.475 -45.6155 0.644574,
				443.18 -500 -166.15,
			]
		}
		coordIndex [
			0, 1, 2, 3, 4, 5, -1
		]
	}
}
#---------- POLYLINE
Shape {
	appearance Appearance {
		material Material {
			diffuseColor 0.5 0.5 0.5
			emissiveColor 0.5 0.5 0.5
		}
	}
	geometry IndexedLineSet {
		coord Coordinate {
			point [
				-21.7405 -0.236144 17.3024,
				-21.7405 -0.236142 17.3024,
			]
		}
		coordIndex [
			0, 1, -1
		]
	}
}
#---------- POLYLINE
Shape {
	appearance Appearance {
		material Material {
			diffuseColor 0.5 0.5 0.5
			emissiveColor 0.5 0.5 0.5
		}
	}
	geometry IndexedLineSet {
		coord Coordinate {
			point [
				-20.0174 -0.239239 11.3034,
			]
		}
		coordIndex [
			0, -1
		]
	}
}
#---------- POLYLINE
Shape {
	appearance Appearance {
		material Material {
			diffuseColor 0 0 1
			emissiveColor 0 0 1
		}
	}
	geometry IndexedLineSet {
		coord Coordinate {
			point [
				-20.0174 -0.239239 11.3034,
				-19.9825 -0.319801 11.3213,
				-19.9942 -0.387657 11.3349,
				-20.0301 -0.436639 11.3348,
				-20.0698 -0.461931 11.3148,
				-20.107 -0.458154 11.3372,
				-20.1225 -0.434531 11.362,
				-20.1378 -0.411464 11.368,
				-20.1499 -0.413516 11.3868,
				-20.1486 -0.42436 11.382,
				-20.1487 -0.424664 11.3824,
			]
		}
		coordIndex [
			0, 1, 2, 3, 4, 5, 6, 7, 8, 9, 
			10, -1
		]
	}
}
#---------- POLYLINE
Shape {
	appearance Appearance {
		material Material {
			diffuseColor 0 1 0
			emissiveColor 0 1 0
		}
	}
	geometry IndexedLineSet {
		coord Coordinate {
			point [
				-20.1487 -0.424664 11.3824,
				-23.281 -3.77296 15.4602,
				-30.6086 -11.6059 25,
				-395.465 -401.622 500,
			]
		}
		coordIndex [
			0, 1, 2, 3, -1
		]
	}
}
#---------- POLYLINE
Shape {
	appearance Appearance {
		material Material {
			diffuseColor 0 1 0
			emissiveColor 0 1 0
		}
	}
	geometry IndexedLineSet {
		coord Coordinate {
			point [
				-20.1487 -0.424664 11.3824,
				-16.4539 3.52492 6.57218,
				-9.49165 10.9673 -2.49183,
				0.895835 14.3836 -25,
				220.107 86.4803 -500,
			]
		}
		coordIndex [
			0, 1, 2, 3, 4, -1
		]
	}
}
#---------- POLYLINE
Shape {
	appearance Appearance {
		material Material {
			diffuseColor 0.5 0.5 0.5
			emissiveColor 0.5 0.5 0.5
		}
	}
	geometry IndexedLineSet {
		coord Coordinate {
			point [
				-20.0174 -0.239239 11.3034,
				-18.6811 4.82291 12.8689,
				-8.32612 44.05 25,
				112.033 500 166.004,
			]
		}
		coordIndex [
			0, 1, 2, 3, -1
		]
	}
}
#---------- POLYLINE
Shape {
	appearance Appearance {
		material Material {
			diffuseColor 0.5 0.5 0.5
			emissiveColor 0.5 0.5 0.5
		}
	}
	geometry IndexedLineSet {
		coord Coordinate {
			point [
				-20.0174 -0.239239 11.3034,
				-20.0174 -0.239239 11.3034,
			]
		}
		coordIndex [
			0, 1, -1
		]
	}
}
#---------- POLYLINE
Shape {
	appearance Appearance {
		material Material {
			diffuseColor 0.5 0.5 0.5
			emissiveColor 0.5 0.5 0.5
		}
	}
	geometry IndexedLineSet {
		coord Coordinate {
			point [
				-16.7672 -0.897817 -11.516,
			]
		}
		coordIndex [
			0, -1
		]
	}
}
#---------- POLYLINE
Shape {
	appearance Appearance {
		material Material {
			diffuseColor 0 0 1
			emissiveColor 0 0 1
		}
	}
	geometry IndexedLineSet {
		coord Coordinate {
			point [
				-16.7672 -0.897817 -11.516,
				-16.9325 -0.96116 -11.4077,
				-17.0793 -0.993784 -11.3155,
				-17.1597 -1.06 -11.2045,
				-17.1717 -1.11055 -11.0879,
				-17.1265 -1.1423 -11.0065,
				-17.1038 -1.18614 -10.943,
				-17.0759 -1.19445 -10.8915,
				-17.0364 -1.1878 -10.8618,
				-17.0361 -1.15615 -10.8417,
				-17.0242 -1.15347 -10.8134,
				-17.0271 -1.15536 -10.7901,
				-17.0261 -1.16362 -10.7751,
				-17.0268 -1.16435 -10.7735,
				-17.0268 -1.16433 -10.7735,
			]
		}
		coordIndex [
			0, 1, 2, 3, 4, 5, 6, 7, 8, 9, 
			10, 11, 12, 13, 14, -1
		]
	}
}
#---------- POLYLINE
Shape {
	appearance Appearance {
		material Material {
			diffuseColor 0 1 0
			emissiveColor 0 1 0
		}
	}
	geometry IndexedLineSet {
		coord Coordinate {
			point [
				-17.0268 -1.16433 -10.7735,
				-15.6582 2.47973 -10.6275,
				-12.708 10.3352 -10.3127,
				16.1123 3.14415 6.07207,
				24.9091 0.949249 11.0732,
				28.9528 -0.0597033 13.3721,
				43.3595 10.0544 25,
				500 330.634 393.563,
			]
		}
		coordIndex [
			0, 1, 2, 3, 4, 5, 6, 7, -1
		]
	}
}
#---------- POLYLINE
Shape {
	appearance Appearance {
		material Material {
			diffuseColor 0 1 0
			emissiveColor 0 1 0
		}
	}
	geometry IndexedLineSet {
		coord Coordinate {
			point [
				-17.0268 -1.16433 -10.7735,
				-18.364 -4.72477 -10.9162,
				-31.2487 -39.0323 -12.291,
				-204.372 -500 -30.7631,
			]
		}
		coordIndex [
			0, 1, 2, 3, -1
		]
	}
}
#---------- POLYLINE
Shape {
	appearance Appearance {
		material Material {
			diffuseColor 0.5 0.5 0.5
			emissiveColor 0.5 0.5 0.5
		}
	}
	geometry IndexedLineSet {
		coord Coordinate {
			point [
				-16.7672 -0.897817 -11.516,
				-15.078 0.879447 -10.2964,
				25.1566 43.2105 18.7508,
				459.322 500 332.196,
			]
		}
		coordIndex [
			0, 1, 2, 3, -1
		]
	}
}
#---------- POLYLINE
Shape {
	appearance Appearance {
		material Material {
			diffuseColor 0.5 0.5 0.5
			emissiveColor 0.5 0.5 0.5
		}
	}
	geometry IndexedLineSet {
		coord Coordinate {
			point [
				-16.7672 -0.897817 -11.516,
				-16.7672 -0.897817 -11.516,
			]
		}
		coordIndex [
			0, 1, -1
		]
	}
}
#---------- POLYLINE
Shape {
	appearance Appearance {
		material Material {
			diffuseColor 0.5 0.5 0.5
			emissiveColor 0.5 0.5 0.5
		}
	}
	geometry IndexedLineSet {
		coord Coordinate {
			point [
				-22.735 -2.6521 -0.363011,
			]
		}
		coordIndex [
			0, -1
		]
	}
}
#---------- POLYLINE
Shape {
	appearance Appearance {
		material Material {
			diffuseColor 0 0 1
			emissiveColor 0 0 1
		}
	}
	geometry IndexedLineSet {
		coord Coordinate {
			point [
				-22.735 -2.6521 -0.363011,
				-22.7186 -2.72396 -0.292245,
				-22.7073 -2.7574 -0.222521,
				-22.7097 -2.79314 -0.168385,
				-22.7092 -2.8339 -0.132398,
				-22.7117 -2.87527 -0.140281,
				-22.7316 -2.88965 -0.163234,
				-22.7351 -2.91645 -0.160886,
				-22.732 -2.92837 -0.143205,
				-22.7396 -2.92382 -0.137371,
				-22.7401 -2.92311 -0.13733,
			]
		}
		coordIndex [
			0, 1, 2, 3, 4, 5, 6, 7, 8, 9, 
			10, -1
		]
	}
}
#---------- POLYLINE
Shape {
	appearance Appearance {
		material Material {
			diffuseColor 0 1 0
			emissiveColor 0 1 0
		}
	}
	geometry IndexedLineSet {
		coord Coordinate {
			point [
				-22.7401 -2.92311 -0.13733,
				-16.1896 3.23737 -3.6408,
				23.7465 40.7953 -25,
				500 488.688 -279.717,
			]
		}
		coordIndex [
			0, 1, 2, 3, -1
		]
	}
}
#---------- POLYLINE
Shape {
	appearance Appearance {
		material Material {
			diffuseColor 0 1 0
			emissiveColor 0 1 0
		}
	}
	geometry IndexedLineSet {
		coord Coordinate {
			point [
				-22.7401 -2.92311 -0.13733,
				-23.4649 -3.60475 0.250319,
				-44.2948 -23.1942 11.3909,
				-500 -451.762 255.118,
			]
		}
		coordIndex [
			0, 1, 2, 3, -1
		]
	}
}
#---------- POLYLINE
Shape {
	appearance Appearance {
		material Material {
			diffuseColor 0.5 0.5 0.5
			emissiveColor 0.5 0.5 0.5
		}
	}
	geometry IndexedLineSet {
		coord Coordinate {
			point [
				-22.735 -2.6521 -0.363011,
				-22.5121 4.32314 5.40075,
				-21.754 28.042 25,
				-6.67037 500 414.987,
			]
		}
		coordIndex [
			0, 1, 2, 3, -1
		]
	}
}
#---------- POLYLINE
Shape {
	appearance Appearance {
		material Material {
			diffuseColor 0.5 0.5 0.5
			emissiveColor 0.5 0.5 0.5
		}
	}
	geometry IndexedLineSet {
		coord Coordinate {
			point [
				-22.735 -2.6521 -0.363011,
				-22.735 -2.6521 -0.363021,
			]
		}
		coordIndex [
			0, 1, -1
		]
	}
}
#---------- POLYLINE
Shape {
	appearance Appearance {
		material Material {
			diffuseColor 0.5 0.5 0.5
			emissiveColor 0.5 0.5 0.5
		}
	}
	geometry IndexedLineSet {
		coord Coordinate {
			point [
				-22.8683 2.85494 9.76253,
			]
		}
		coordIndex [
			0, -1
		]
	}
}
#---------- POLYLINE
Shape {
	appearance Appearance {
		material Material {
			diffuseColor 0.5 0.5 0.5
			emissiveColor 0.5 0.5 0.5
		}
	}
	geometry IndexedLineSet {
		coord Coordinate {
			point [
				-22.8683 2.85494 9.76253,
				-24.9983 -0.128599 -12.2572,
				-26.231 -1.85516 -25,
				-72.1784 -66.2146 -500,
			]
		}
		coordIndex [
			0, 1, 2, 3, -1
		]
	}
}
#---------- POLYLINE
Shape {
	appearance Appearance {
		material Material {
			diffuseColor 0.5 0.5 0.5
			emissiveColor 0.5 0.5 0.5
		}
	}
	geometry IndexedLineSet {
		coord Coordinate {
			point [
				-22.8683 2.85494 9.76253,
				-22.8683 2.85494 9.76256,
			]
		}
		coordIndex [
			0, 1, -1
		]
	}
}
#---------- POLYLINE
Shape {
	appearance Appearance {
		material Material {
			diffuseColor 1 0 0
			emissiveColor 1 0 0
		}
	}
	geometry IndexedLineSet {
		coord Coordinate {
			point [
				-22.8683 2.85494 9.76253,
				-22.8683 2.85494 9.76253,
			]
		}
		coordIndex [
			0, 1, -1
		]
	}
}
#---------- POLYLINE
Shape {
	appearance Appearance {
		material Material {
			diffuseColor 1 0 0
			emissiveColor 1 0 0
		}
	}
	geometry IndexedLineSet {
		coord Coordinate {
			point [
				-22.8683 2.85494 9.76253,
				-22.8683 2.85494 9.76253,
			]
		}
		coordIndex [
			0, 1, -1
		]
	}
}
#---------- POLYLINE
Shape {
	appearance Appearance {
		material Material {
			diffuseColor 0.5 0.5 0.5
			emissiveColor 0.5 0.5 0.5
		}
	}
	geometry IndexedLineSet {
		coord Coordinate {
			point [
				-20.7793 -1.51985 -15.5667,
			]
		}
		coordIndex [
			0, -1
		]
	}
}
#---------- POLYLINE
Shape {
	appearance Appearance {
		material Material {
			diffuseColor 0 0 1
			emissiveColor 0 0 1
		}
	}
	geometry IndexedLineSet {
		coord Coordinate {
			point [
				-20.7793 -1.51985 -15.5667,
				-20.7534 -1.46947 -15.5844,
				-20.7211 -1.44251 -15.6123,
				-20.6969 -1.44361 -15.6489,
				-20.7074 -1.46323 -15.6783,
				-20.6834 -1.47885 -15.691,
			]
		}
		coordIndex [
			0, 1, 2, 3, 4, 5, -1
		]
	}
}
#---------- POLYLINE
Shape {
	appearance Appearance {
		material Material {
			diffuseColor 0 1 0
			emissiveColor 0 1 0
		}
	}
	geometry IndexedLineSet {
		coord Coordinate {
			point [
				-20.6834 -1.47885 -15.691,
				-15.0872 -0.92958 14.0263,
				-13.0207 -0.726749 25,
				76.429 8.05279 500,
			]
		}
		coordIndex [
			0, 1, 2, 3, -1
		]
	}
}
#---------- POLYLINE
Shape {
	appearance Appearance {
		material Material {
			diffuseColor 0 1 0
			emissiveColor 0 1 0
		}
	}
	geometry IndexedLineSet {
		coord Coordinate {
			point [
				-20.6834 -1.47885 -15.691,
				-21.4948 -1.5585 -20,
				-21.7826 -1.58674 -21.5283,
				-19.3901 -3.14153 -25,
				307.955 -215.865 -500,
			]
		}
		coordIndex [
			0, 1, 2, 3, 4, -1
		]
	}
}
#---------- POLYLINE
Shape {
	appearance Appearance {
		material Material {
			diffuseColor 0.5 0.5 0.5
			emissiveColor 0.5 0.5 0.5
		}
	}
	geometry IndexedLineSet {
		coord Coordinate {
			point [
				-20.7793 -1.51985 -15.5667,
				-16.1964 3.24544 -18.1149,
				-3.81389 16.1209 -25,
				461.539 500 -283.75,
			]
		}
		coordIndex [
			0, 1, 2, 3, -1
		]
	}
}
#---------- POLYLINE
Shape {
	appearance Appearance {
		material Material {
			diffuseColor 0.5 0.5 0.5
			emissiveColor 0.5 0.5 0.5
		}
	}
	geometry IndexedLineSet {
		coord Coordinate {
			point [
				-20.7793 -1.51985 -15.5667,
				-20.7793 -1.51987 -15.5667,
			]
		}
		coordIndex [
			0, 1, -1
		]
	}
}
#---------- POLYLINE
Shape {
	appearance Appearance {
		material Material {
			diffuseColor 0.5 0.5 0.5
			emissiveColor 0.5 0.5 0.5
		}
	}
	geometry IndexedLineSet {
		coord Coordinate {
			point [
				-18.9967 -2.59957 4.47197,
			]
		}
		coordIndex [
			0, -1
		]
	}
}
#---------- POLYLINE
Shape {
	appearance Appearance {
		material Material {
			diffuseColor 0 0 1
			emissiveColor 0 0 1
		}
	}
	geometry IndexedLineSet {
		coord Coordinate {
			point [
				-18.9967 -2.59957 4.47197,
				-19.054 -2.64132 4.63642,
				-19.1565 -2.7076 4.71817,
				-19.1989 -2.81457 4.77368,
				-19.1734 -2.91426 4.81961,
				-19.1575 -3.00577 4.80858,
				-19.1523 -3.07656 4.8441,
				-19.2045 -3.10911 4.85085,
				-19.2115 -3.15788 4.85569,
				-19.2108 -3.19594 4.84714,
				-19.2165 -3.22733 4.84359,
				-19.2277 -3.2472 4.85897,
				-19.2448 -3.25988 4.85974,
				-19.2475 -3.26221 4.8618,
				-19.2473 -3.2622 4.86194,
			]
		}
		coordIndex [
			0, 1, 2, 3, 4, 5, 6, 7, 8, 9, 
			10, 11, 12, 13, 14, -1
		]
	}
}
#---------- POLYLINE
Shape {
	appearance Appearance {
		material Material {
			diffuseColor 0 1 0
			emissiveColor 0 1 0
		}
	}
	geometry IndexedLineSet {
		coord Coordinate {
			point [
				-19.2473 -3.2622 4.86194,
				-24.6253 1.89901 2.41025,
				-42.3333 18.8931 -5.66233,
				-45.4368 20.8686 -6.74585,
				-500 310.225 -165.446,
			]
		}
		coordIndex [
			0, 1, 2, 3, 4, -1
		]
	}
}
#---------- POLYLINE
Shape {
	appearance Appearance {
		material Material {
			diffuseColor 0 1 0
			emissiveColor 0 1 0
		}
	}
	geometry IndexedLineSet {
		coord Coordinate {
			point [
				-19.2473 -3.2622 4.86194,
				-17.9124 -4.54333 5.47051,
				-9.82673 -12.303 9.15654,
				-5.01436 -16.9214 11.3504,
				23.3974 -44.1878 24.3026,
				498.357 -500 240.824,
			]
		}
		coordIndex [
			0, 1, 2, 3, 4, 5, -1
		]
	}
}
#---------- POLYLINE
Shape {
	appearance Appearance {
		material Material {
			diffuseColor 0.5 0.5 0.5
			emissiveColor 0.5 0.5 0.5
		}
	}
	geometry IndexedLineSet {
		coord Coordinate {
			point [
				-18.9967 -2.59957 4.47197,
				-24.6852 1.746 4.26991,
				-46.4901 18.4031 3.49539,
				-500 364.848 -12.6136,
			]
		}
		coordIndex [
			0, 1, 2, 3, -1
		]
	}
}
#---------- POLYLINE
Shape {
	appearance Appearance {
		material Material {
			diffuseColor 0.5 0.5 0.5
			emissiveColor 0.5 0.5 0.5
		}
	}
	geometry IndexedLineSet {
		coord Coordinate {
			point [
				-18.9967 -2.59957 4.47197,
				-18.9967 -2.59957 4.47196,
			]
		}
		coordIndex [
			0, 1, -1
		]
	}
}
#---------- POLYLINE
Shape {
	appearance Appearance {
		material Material {
			diffuseColor 0.5 0.5 0.5
			emissiveColor 0.5 0.5 0.5
		}
	}
	geometry IndexedLineSet {
		coord Coordinate {
			point [
				-24.7726 1.27507 -10.541,
			]
		}
		coordIndex [
			0, -1
		]
	}
}
#---------- POLYLINE
Shape {
	appearance Appearance {
		material Material {
			diffuseColor 0 0 1
			emissiveColor 0 0 1
		}
	}
	geometry IndexedLineSet {
		coord Coordinate {
			point [
				-24.7726 1.27507 -10.541,
				-24.7882 1.28744 -10.5539,
				-24.8029 1.29868 -10.5647,
				-24.8189 1.30669 -10.5735,
				-24.8242 1.30989 -10.5769,
				-24.8242 1.30989 -10.5769,
				-24.8243 1.30991 -10.5769,
				-24.8247 1.31014 -10.5772,
				-24.8252 1.31044 -10.5776,
				-24.8257 1.31072 -10.5779,
				-24.8261 1.31096 -10.5782,
				-24.8262 1.31101 -10.5782,
				-24.827 1.31149 -10.5788,
				-24.8286 1.31231 -10.5798,
				-24.8316 1.3139 -10.5813,
				-24.8368 1.3164 -10.5852,
				-24.8429 1.32012 -10.5906,
				-24.847 1.32642 -10.5949,
				-24.851 1.33182 -10.5995,
				-24.8563 1.33656 -10.6017,
				-24.8589 1.3387 -10.6027,
				-24.8614 1.34037 -10.604,
				-24.8779 1.35265 -10.6104,
				-24.8656 1.35151 -10.6044,
				-24.8653 1.35156 -10.6047,
			]
		}
		coordIndex [
			0, 1, 2, 3, 4, 5, 6, 7, 8, 9, 
			10, 11, 12, 13, 14, 15, 16, 17, 18, 19, 
			20, 21, 22, 23, 24, -1
		]
	}
}
#---------- POLYLINE
Shape {
	appearance Appearance {
		material Material {
			diffuseColor 0 1 0
			emissiveColor 0 1 0
		}
	}
	geometry IndexedLineSet {
		coord Coordinate {
			point [
				-24.8653 1.35156 -10.6047,
				-31.0781 13.5822 -6.89377,
				-16.7072 38.0956 -25,
				254.082 500 -366.174,
			]
		}
		coordIndex [
			0, 1, 2, 3, -1
		]
	}
}
#---------- POLYLINE
Shape {
	appearance Appearance {
		material Material {
			diffuseColor 0 1 0
			emissiveColor 0 1 0
		}
	}
	geometry IndexedLineSet {
		coord Coordinate {
			point [
				-24.8653 1.35156 -10.6047,
				-24.8319 1.28575 -10.6246,
				-21.8114 -4.66034 -12.4287,
				-14.9093 -18.2479 -16.5513,
				-13.6609 -20.7056 -17.297,
				-3.92726 -39.8673 -23.1109,
				-34.0311 -36.6318 -5.99198,
				-500 13.4501 258.988,
			]
		}
		coordIndex [
			0, 1, 2, 3, 4, 5, 6, 7, -1
		]
	}
}
#---------- POLYLINE
Shape {
	appearance Appearance {
		material Material {
			diffuseColor 0.5 0.5 0.5
			emissiveColor 0.5 0.5 0.5
		}
	}
	geometry IndexedLineSet {
		coord Coordinate {
			point [
				-24.7726 1.27507 -10.541,
				-20.2709 -4.99266 -8.00376,
				-13.7811 -14.0284 -4.346,
				-8.10738 -21.928 -1.1482,
				11.1506 -48.7408 9.70588,
				335.261 -500 192.38,
			]
		}
		coordIndex [
			0, 1, 2, 3, 4, 5, -1
		]
	}
}
#---------- POLYLINE
Shape {
	appearance Appearance {
		material Material {
			diffuseColor 0.5 0.5 0.5
			emissiveColor 0.5 0.5 0.5
		}
	}
	geometry IndexedLineSet {
		coord Coordinate {
			point [
				-24.7726 1.27507 -10.541,
				-24.7726 1.27507 -10.541,
			]
		}
		coordIndex [
			0, 1, -1
		]
	}
}
#---------- POLYLINE
Shape {
	appearance Appearance {
		material Material {
			diffuseColor 0.5 0.5 0.5
			emissiveColor 0.5 0.5 0.5
		}
	}
	geometry IndexedLineSet {
		coord Coordinate {
			point [
				-18.2406 -0.327638 -9.86078,
			]
		}
		coordIndex [
			0, -1
		]
	}
}
#---------- POLYLINE
Shape {
	appearance Appearance {
		material Material {
			diffuseColor 0 0 1
			emissiveColor 0 0 1
		}
	}
	geometry IndexedLineSet {
		coord Coordinate {
			point [
				-18.2406 -0.327638 -9.86078,
				-18.4894 -0.0252712 -9.91911,
				-18.5301 0.280963 -10.0392,
				-18.6075 0.492104 -10.2216,
				-18.7353 0.604124 -10.3699,
				-18.883 0.533966 -10.4541,
				-18.9591 0.582992 -10.5828,
				-19.0678 0.625288 -10.6404,
				-19.1374 0.594264 -10.6878,
				-19.2015 0.566983 -10.7139,
				-19.2486 0.528093 -10.7234,
				-19.2996 0.53056 -10.726,
				-19.3248 0.556093 -10.7432,
				-19.3513 0.534622 -10.7383,
				-19.3487 0.545022 -10.7641,
				-19.3337 0.530275 -10.7729,
			]
		}
		coordIndex [
			0, 1, 2, 3, 4, 5, 6, 7, 8, 9, 
			10, 11, 12, 13, 14, 15, -1
		]
	}
}
#---------- POLYLINE
Shape {
	appearance Appearance {
		material Material {
			diffuseColor 0 1 0
			emissiveColor 0 1 0
		}
	}
	geometry IndexedLineSet {
		coord Coordinate {
			point [
				-19.3337 0.530275 -10.7729,
				-15.0411 -0.639395 -10.1419,
				-3.1564 -3.87778 -8.39482,
				0.752873 -4.94299 -7.82016,
				46.8374 -17.5003 -1.04575,
				500 -140.98 65.569,
			]
		}
		coordIndex [
			0, 1, 2, 3, 4, 5, -1
		]
	}
}
#---------- POLYLINE
Shape {
	appearance Appearance {
		material Material {
			diffuseColor 0 1 0
			emissiveColor 0 1 0
		}
	}
	geometry IndexedLineSet {
		coord Coordinate {
			point [
				-19.3337 0.530275 -10.7729,
				-24.5978 1.96468 -11.5467,
				-49.2409 8.67953 -15.1692,
				-500 131.504 -81.4307,
			]
		}
		coordIndex [
			0, 1, 2, 3, -1
		]
	}
}
#---------- POLYLINE
Shape {
	appearance Appearance {
		material Material {
			diffuseColor 0.5 0.5 0.5
			emissiveColor 0.5 0.5 0.5
		}
	}
	geometry IndexedLineSet {
		coord Coordinate {
			point [
				-18.2406 -0.327638 -9.86078,
				-16.0647 -3.08436 -13.7432,
				-9.75594 -11.0772 -25,
				256.453 -348.35 -500,
			]
		}
		coordIndex [
			0, 1, 2, 3, -1
		]
	}
}
#---------- POLYLINE
Shape {
	appearance Appearance {
		material Material {
			diffuseColor 0.5 0.5 0.5
			emissiveColor 0.5 0.5 0.5
		}
	}
	geometry IndexedLineSet {
		coord Coordinate {
			point [
				-18.2406 -0.327638 -9.86078,
				-18.2405 -0.327649 -9.86078,
			]
		}
		coordIndex [
			0, 1, -1
		]
	}
}
#---------- POLYLINE
Shape {
	appearance Appearance {
		material Material {
			diffuseColor 0.5 0.5 0.5
			emissiveColor 0.5 0.5 0.5
		}
	}
	geometry IndexedLineSet {
		coord Coordinate {
			point [
				-16.6357 3.67641 -0.66563,
			]
		}
		coordIndex [
			0, -1
		]
	}
}
#---------- POLYLINE
Shape {
	appearance Appearance {
		material Material {
			diffuseColor 0.5 0.5 0.5
			emissiveColor 0.5 0.5 0.5
		}
	}
	geometry IndexedLineSet {
		coord Coordinate {
			point [
				-16.6357 3.67641 -0.66563,
				-15.0022 -0.14723 2.75826,
				-9.80859 -12.3037 13.6438,
				-6.77598 -19.402 20,
				-4.39043 -24.9858 25,
				198.549 -500 450.353,
			]
		}
		coordIndex [
			0, 1, 2, 3, 4, 5, -1
		]
	}
}
#---------- POLYLINE
Shape {
	appearance Appearance {
		material Material {
			diffuseColor 0.5 0.5 0.5
			emissiveColor 0.5 0.5 0.5
		}
	}
	geometry IndexedLineSet {
		coord Coordinate {
			point [
				-16.6357 3.67641 -0.66563,
				-16.6357 3.67643 -0.665648,
			]
		}
		coordIndex [
			0, 1, -1
		]
	}
}
#---------- POLYLINE
Shape {
	appearance Appearance {
		material Material {
			diffuseColor 1 0 0
			emissiveColor 1 0 0
		}
	}
	geometry IndexedLineSet {
		coord Coordinate {
			point [
				-16.6357 3.67641 -0.66563,
				-16.6357 3.67641 -0.665629,
			]
		}
		coordIndex [
			0, 1, -1
		]
	}
}
#---------- POLYLINE
Shape {
	appearance Appearance {
		material Material {
			diffuseColor 1 0 0
			emissiveColor 1 0 0
		}
	}
	geometry IndexedLineSet {
		coord Coordinate {
			point [
				-16.6357 3.67641 -0.66563,
				-16.6357 3.67641 -0.66563,
			]
		}
		coordIndex [
			0, 1, -1
		]
	}
}
#---------- POLYLINE
Shape {
	appearance Appearance {
		material Material {
			diffuseColor 0.5 0.5 0.5
			emissiveColor 0.5 0.5 0.5
		}
	}
	geometry IndexedLineSet {
		coord Coordinate {
			point [
				-16.5224 0.496135 9.02995,
			]
		}
		coordIndex [
			0, -1
		]
	}
}
#---------- POLYLINE
Shape {
	appearance Appearance {
		material Material {
			diffuseColor 0 0 1
			emissiveColor 0 0 1
		}
	}
	geometry IndexedLineSet {
		coord Coordinate {
			point [
				-16.5224 0.496135 9.02995,
				-16.6649 0.49003 8.9915,
				-16.7717 0.487663 8.93208,
				-16.8509 0.436133 8.89548,
				-16.8448 0.356545 8.91715,
				-16.8745 0.296341 8.93519,
				-16.912 0.267447 8.95335,
				-16.9247 0.239143 8.98508,
				-16.954 0.221366 8.99763,
				-16.9704 0.215957 9.02348,
				-16.9723 0.213206 9.02243,
				-16.9724 0.213108 9.02246,
			]
		}
		coordIndex [
			0, 1, 2, 3, 4, 5, 6, 7, 8, 9, 
			10, 11, -1
		]
	}
}
#---------- POLYLINE
Shape {
	appearance Appearance {
		material Material {
			diffuseColor 0 1 0
			emissiveColor 0 1 0
		}
	}
	geometry IndexedLineSet {
		coord Coordinate {
			point [
				-16.9724 0.213108 9.02246,
				-20.0234 4.99995 7.7804,
				-30.9098 22.08 3.34858,
				-45.0477 21.6958 -9.68018,
				-500 9.33336 -428.941,
			]
		}
		coordIndex [
			0, 1, 2, 3, 4, -1
		]
	}
}
#---------- POLYLINE
Shape {
	appearance Appearance {
		material Material {
			diffuseColor 0 1 0
			emissiveColor 0 1 0
		}
	}
	geometry IndexedLineSet {
		coord Coordinate {
			point [
				-16.9724 0.213108 9.02246,
				-15.4775 -2.13237 9.63105,
				-8.92197 -12.4176 12.2998,
				-5.11898 -18.3843 13.848,
				13.7951 -48.0593 21.5479,
				301.85 -500 138.815,
			]
		}
		coordIndex [
			0, 1, 2, 3, 4, 5, -1
		]
	}
}
#---------- POLYLINE
Shape {
	appearance Appearance {
		material Material {
			diffuseColor 0.5 0.5 0.5
			emissiveColor 0.5 0.5 0.5
		}
	}
	geometry IndexedLineSet {
		coord Coordinate {
			point [
				-16.5224 0.496135 9.02995,
				-19.7112 4.99165 16.2988,
				-23.5282 10.373 25,
				-231.903 304.142 500,
			]
		}
		coordIndex [
			0, 1, 2, 3, -1
		]
	}
}
#---------- POLYLINE
Shape {
	appearance Appearance {
		material Material {
			diffuseColor 0.5 0.5 0.5
			emissiveColor 0.5 0.5 0.5
		}
	}
	geometry IndexedLineSet {
		coord Coordinate {
			point [
				-16.5224 0.496135 9.02995,
				-16.5224 0.496133 9.02995,
			]
		}
		coordIndex [
			0, 1, -1
		]
	}
}
#---------- POLYLINE
Shape {
	appearance Appearance {
		material Material {
			diffuseColor 0.5 0.5 0.5
			emissiveColor 0.5 0.5 0.5
		}
	}
	geometry IndexedLineSet {
		coord Coordinate {
			point [
				-21.6581 -2.53291 -4.83177,
			]
		}
		coordIndex [
			0, -1
		]
	}
}
#---------- POLYLINE
Shape {
	appearance Appearance {
		material Material {
			diffuseColor 0 0 1
			emissiveColor 0 0 1
		}
	}
	geometry IndexedLineSet {
		coord Coordinate {
			point [
				-21.6581 -2.53291 -4.83177,
				-21.6429 -2.52804 -4.85729,
				-21.641 -2.51463 -4.84071,
				-21.6332 -2.51093 -4.84216,
				-21.6331 -2.51065 -4.8425,
			]
		}
		coordIndex [
			0, 1, 2, 3, 4, -1
		]
	}
}
#---------- POLYLINE
Shape {
	appearance Appearance {
		material Material {
			diffuseColor 0 1 0
			emissiveColor 0 1 0
		}
	}
	geometry IndexedLineSet {
		coord Coordinate {
			point [
				-21.6331 -2.51065 -4.8425,
				-21.1758 -4.85979 -4.81648,
				-17.4851 -23.8179 -4.60649,
				-25.8168 -27.1572 -25,
				-219.876 -104.936 -500,
			]
		}
		coordIndex [
			0, 1, 2, 3, 4, -1
		]
	}
}
#---------- POLYLINE
Shape {
	appearance Appearance {
		material Material {
			diffuseColor 0 1 0
			emissiveColor 0 1 0
		}
	}
	geometry IndexedLineSet {
		coord Coordinate {
			point [
				-21.6331 -2.51065 -4.8425,
				-22.913 4.06382 -4.91532,
				-24.6441 12.9561 -5.01382,
				-4.16379 2.76818 -2.8742,
				4.7196 -1.65087 -1.94614,
				45.0413 -21.709 2.26636,
				500 -248.029 49.7968,
			]
		}
		coordIndex [
			0, 1, 2, 3, 4, 5, 6, -1
		]
	}
}
#---------- POLYLINE
Shape {
	appearance Appearance {
		material Material {
			diffuseColor 0.5 0.5 0.5
			emissiveColor 0.5 0.5 0.5
		}
	}
	geometry IndexedLineSet {
		coord Coordinate {
			point [
				-21.6581 -2.53291 -4.83177,
				-21.9297 -4.61263 -5.11372,
				-26.8366 -42.1877 -10.2078,
				-86.6217 -500 -72.274,
			]
		}
		coordIndex [
			0, 1, 2, 3, -1
		]
	}
}
#---------- POLYLINE
Shape {
	appearance Appearance {
		material Material {
			diffuseColor 0.5 0.5 0.5
			emissiveColor 0.5 0.5 0.5
		}
	}
	geometry IndexedLineSet {
		coord Coordinate {
			point [
				-21.6581 -2.53291 -4.83177,
				-21.6581 -2.5329 -4.83177,
			]
		}
		coordIndex [
			0, 1, -1
		]
	}
}
#---------- POLYLINE
Shape {
	appearance Appearance {
		material Material {
			diffuseColor 0.5 0.5 0.5
			emissiveColor 0.5 0.5 0.5
		}
	}
	geometry IndexedLineSet {
		coord Coordinate {
			point [
				-18.955 -4.29295 -7.09342,
			]
		}
		coordIndex [
			0, -1
		]
	}
}
#---------- POLYLINE
Shape {
	appearance Appearance {
		material Material {
			diffuseColor 0 0 1
			emissiveColor 0 0 1
		}
	}
	geometry IndexedLineSet {
		coord Coordinate {
			point [
				-18.955 -4.29295 -7.09342,
				-18.9411 -4.35143 -7.09994,
				-18.9573 -4.39878 -7.08714,
				-18.9927 -4.41955 -7.08027,
				-19.0213 -4.43762 -7.07203,
				-19.034 -4.46082 -7.06106,
				-19.0455 -4.47929 -7.0512,
				-19.0528 -4.47915 -7.03718,
				-19.0523 -4.47976 -7.03731,
			]
		}
		coordIndex [
			0, 1, 2, 3, 4, 5, 6, 7, 8, -1
		]
	}
}
#---------- POLYLINE
Shape {
	appearance Appearance {
		material Material {
			diffuseColor 0 1 0
			emissiveColor 0 1 0
		}
	}
	geometry IndexedLineSet {
		coord Coordinate {
			point [
				-19.0523 -4.47976 -7.03731,
				-21.9993 4.58289 8.60914,
				-25.0865 14.0767 25,
				-114.554 289.203 500,
			]
		}
		coordIndex [
			0, 1, 2, 3, -1
		]
	}
}
#---------- POLYLINE
Shape {
	appearance Appearance {
		material Material {
			diffuseColor 0 1 0
			emissiveColor 0 1 0
		}
	}
	geometry IndexedLineSet {
		coord Coordinate {
			point [
				-19.0523 -4.47976 -7.03731,
				-18.9214 -4.88227 -7.73223,
				-15.669 -14.884 -25,
				73.798 -290.011 -500,
			]
		}
		coordIndex [
			0, 1, 2, 3, -1
		]
	}
}
#---------- POLYLINE
Shape {
	appearance Appearance {
		material Material {
			diffuseColor 0.5 0.5 0.5
			emissiveColor 0.5 0.5 0.5
		}
	}
	geometry IndexedLineSet {
		coord Coordinate {
			point [
				-18.955 -4.29295 -7.09342,
				-18.8449 -4.86474 -6.9889,
				-10.3605 -48.9148 1.06343,
				76.522 -500 83.5215,
			]
		}
		coordIndex [
			0, 1, 2, 3, -1
		]
	}
}
#---------- POLYLINE
Shape {
	appearance Appearance {
		material Material {
			diffuseColor 0.5 0.5 0.5
			emissiveColor 0.5 0.5 0.5
		}
	}
	geometry IndexedLineSet {
		coord Coordinate {
			point [
				-18.955 -4.29295 -7.09342,
				-18.955 -4.29293 -7.09343,
			]
		}
		coordIndex [
			0, 1, -1
		]
	}
}
#---------- POLYLINE
Shape {
	appearance Appearance {
		material Material {
			diffuseColor 0.5 0.5 0.5
			emissiveColor 0.5 0.5 0.5
		}
	}
	geometry IndexedLineSet {
		coord Coordinate {
			point [
				-18.5593 -4.12042 19.9796,
			]
		}
		coordIndex [
			0, -1
		]
	}
}
#---------- POLYLINE
Shape {
	appearance Appearance {
		material Material {
			diffuseColor 0 0 1
			emissiveColor 0 0 1
		}
	}
	geometry IndexedLineSet {
		coord Coordinate {
			point [
				-18.5593 -4.12042 19.9796,
				-18.5602 -4.12231 19.9998,
				-18.5602 -4.12232 20,
				-18.5602 -4.12233 20.0002,
				-18.5602 -4.12234 20.0004,
				-18.5602 -4.12234 20.0005,
				-18.5602 -4.12235 20.0005,
				-18.5602 -4.12235 20.0006,
				-18.5602 -4.12236 20.0008,
				-18.5602 -4.12236 20.0009,
				-18.5602 -4.12238 20.0015,
				-18.5602 -4.12241 20.0022,
				-18.5602 -4.12243 20.0044,
				-18.5604 -4.12237 20.0088,
				-18.5603 -4.12167 20.0175,
				-18.5592 -4.11703 20.0343,
				-18.5789 -4.12803 20.048,
				-18.5934 -4.14649 20.0499,
				-18.6086 -4.16237 20.0538,
				-18.6199 -4.17543 20.0636,
				-18.6299 -4.18679 20.0738,
				-18.6419 -4.19466 20.0824,
				-18.6499 -4.20178 20.0925,
				-18.6583 -4.20549 20.1033,
				-18.6665 -4.20906 20.1131,
				-18.6773 -4.21165 20.1189,
				-18.6878 -4.21271 20.1237,
				-18.6971 -4.21411 20.1296,
				-18.7065 -4.21537 20.1339,
				-18.742 -4.2102 20.1502,
				-18.7731 -4.21031 20.148,
				-18.7968 -4.21444 20.1585,
				-18.8139 -4.20859 20.1458,
				-18.8174 -4.20125 20.1345,
				-18.818 -4.20173 20.1346,
			]
		}
		coordIndex [
			0, 1, 2, 3, 4, 5, 6, 7, 8, 9, 
			10, 11, 12, 13, 14, 15, 16, 17, 18, 19, 
			20, 21, 22, 23, 24, 25, 26, 27, 28, 29, 
			30, 31, 32, 33, 34, -1
		]
	}
}
#---------- POLYLINE
Shape {
	appearance Appearance {
		material Material {
			diffuseColor 0 1 0
			emissiveColor 0 1 0
		}
	}
	geometry IndexedLineSet {
		coord Coordinate {
			point [
				-18.818 -4.20173 20.1346,
				-45.2735 21.2206 21.2462,
				-500 458.189 40.3534,
			]
		}
		coordIndex [
			0, 1, 2, -1
		]
	}
}
#---------- POLYLINE
Shape {
	appearance Appearance {
		material Material {
			diffuseColor 0 1 0
			emissiveColor 0 1 0
		}
	}
	geometry IndexedLineSet {
		coord Coordinate {
			point [
				-18.818 -4.20173 20.1346,
				-10.3759 -12.3142 19.7798,
				-5.00314 -17.4771 19.5541,
				22.4916 -43.8981 18.3988,
				-31.0168 -16.2286 -10.3464,
				-46.698 -17.8689 -19.5404,
				-500 -65.2873 -285.318,
			]
		}
		coordIndex [
			0, 1, 2, 3, 4, 5, 6, -1
		]
	}
}
#---------- POLYLINE
Shape {
	appearance Appearance {
		material Material {
			diffuseColor 0.5 0.5 0.5
			emissiveColor 0.5 0.5 0.5
		}
	}
	geometry IndexedLineSet {
		coord Coordinate {
			point [
				-18.5593 -4.12042 19.9796,
				-18.6062 -4.11932 20,
				-30.1079 -3.85083 25,
				-500 7.1182 229.271,
			]
		}
		coordIndex [
			0, 1, 2, 3, -1
		]
	}
}
#---------- POLYLINE
Shape {
	appearance Appearance {
		material Material {
			diffuseColor 0.5 0.5 0.5
			emissiveColor 0.5 0.5 0.5
		}
	}
	geometry IndexedLineSet {
		coord Coordinate {
			point [
				-18.5593 -4.12042 19.9796,
				-18.5593 -4.12041 19.9796,
			]
		}
		coordIndex [
			0, 1, -1
		]
	}
}
#---------- POLYLINE
Shape {
	appearance Appearance {
		material Material {
			diffuseColor 0.5 0.5 0.5
			emissiveColor 0.5 0.5 0.5
		}
	}
	geometry IndexedLineSet {
		coord Coordinate {
			point [
				-21.6129 -4.24823 -5.46566,
			]
		}
		coordIndex [
			0, -1
		]
	}
}
#---------- POLYLINE
Shape {
	appearance Appearance {
		material Material {
			diffuseColor 0 0 1
			emissiveColor 0 0 1
		}
	}
	geometry IndexedLineSet {
		coord Coordinate {
			point [
				-21.6129 -4.24823 -5.46566,
				-21.5889 -4.29072 -5.49309,
				-21.5655 -4.32299 -5.5235,
				-21.54 -4.34469 -5.55553,
				-21.506 -4.36255 -5.57578,
				-21.4704 -4.37831 -5.58767,
				-21.4345 -4.37762 -5.60074,
				-21.3997 -4.37351 -5.60789,
				-21.3047 -4.3675 -5.62673,
				-21.2636 -4.32202 -5.67978,
				-21.303 -4.30306 -5.73099,
				-21.3458 -4.27713 -5.75197,
				-21.3738 -4.24837 -5.77409,
				-21.3905 -4.21404 -5.77762,
				-21.4047 -4.18783 -5.78886,
				-21.4193 -4.16724 -5.79228,
				-21.4292 -4.15306 -5.78354,
				-21.4338 -4.15495 -5.78503,
				-21.4338 -4.15535 -5.78494,
			]
		}
		coordIndex [
			0, 1, 2, 3, 4, 5, 6, 7, 8, 9, 
			10, 11, 12, 13, 14, 15, 16, 17, 18, -1
		]
	}
}
#---------- POLYLINE
Shape {
	appearance Appearance {
		material Material {
			diffuseColor 0 1 0
			emissiveColor 0 1 0
		}
	}
	geometry IndexedLineSet {
		coord Coordinate {
			point [
				-21.4338 -4.15535 -5.78494,
				-23.8532 -3.1863 -3.13768,
				-49.4956 7.08419 24.9193,
				-483.69 180.991 500,
			]
		}
		coordIndex [
			0, 1, 2, 3, -1
		]
	}
}
#---------- POLYLINE
Shape {
	appearance Appearance {
		material Material {
			diffuseColor 0 1 0
			emissiveColor 0 1 0
		}
	}
	geometry IndexedLineSet {
		coord Coordinate {
			point [
				-21.4338 -4.15535 -5.78494,
				-19.4117 -4.96527 -7.99748,
				-8.95182 -9.15474 -19.4423,
				-4.82057 -11.0531 -25,
				348.266 -173.296 -500,
			]
		}
		coordIndex [
			0, 1, 2, 3, 4, -1
		]
	}
}
#---------- POLYLINE
Shape {
	appearance Appearance {
		material Material {
			diffuseColor 0.5 0.5 0.5
			emissiveColor 0.5 0.5 0.5
		}
	}
	geometry IndexedLineSet {
		coord Coordinate {
			point [
				-21.6129 -4.24823 -5.46566,
				-15.0053 0.230319 3.32226,
				1.29414 11.2779 25,
				358.446 253.35 500,
			]
		}
		coordIndex [
			0, 1, 2, 3, -1
		]
	}
}
#---------- POLYLINE
Shape {
	appearance Appearance {
		material Material {
			diffuseColor 0.5 0.5 0.5
			emissiveColor 0.5 0.5 0.5
		}
	}
	geometry IndexedLineSet {
		coord Coordinate {
			point [
				-21.6129 -4.24823 -5.46566,
				-21.6129 -4.24823 -5.46566,
			]
		}
		coordIndex [
			0, 1, -1
		]
	}
}
#---------- POLYLINE
Shape {
	appearance Appearance {
		material Material {
			diffuseColor 0.5 0.5 0.5
			emissiveColor 0.5 0.5 0.5
		}
	}
	geometry IndexedLineSet {
		coord Coordinate {
			point [
				-16.8069 0.589902 -11.9801,
			]
		}
		coordIndex [
			0, -1
		]
	}
}
#---------- POLYLINE
Shape {
	appearance Appearance {
		material Material {
			diffuseColor 0 0 1
			emissiveColor 0 0 1
		}
	}
	geometry IndexedLineSet {
		coord Coordinate {
			point [
				-16.8069 0.589902 -11.9801,
				-16.8227 0.605073 -11.9491,
				-16.8263 0.631429 -11.9306,
				-16.8395 0.653977 -11.9229,
				-16.8597 0.648946 -11.9148,
				-16.8672 0.646354 -11.9064,
				-16.8665 0.646701 -11.9062,
			]
		}
		coordIndex [
			0, 1, 2, 3, 4, 5, 6, -1
		]
	}
}
#---------- POLYLINE
Shape {
	appearance Appearance {
		material Material {
			diffuseColor 0 1 0
			emissiveColor 0 1 0
		}
	}
	geometry IndexedLineSet {
		coord Coordinate {
			point [
				-16.8665 0.646701 -11.9062,
				-15.0065 -0.254403 -11.7619,
				9.86195 -12.3019 -9.83213,
				14.0077 -14.3103 -9.51043,
				18.7855 -16.6249 -9.13968,
				48.0951 -13.6697 17.6998,
				500 31.8947 431.519,
			]
		}
		coordIndex [
			0, 1, 2, 3, 4, 5, 6, -1
		]
	}
}
#---------- POLYLINE
Shape {
	appearance Appearance {
		material Material {
			diffuseColor 0 1 0
			emissiveColor 0 1 0
		}
	}
	geometry IndexedLineSet {
		coord Coordinate {
			point [
				-16.8665 0.646701 -11.9062,
				-23.2948 3.76088 -12.405,
				-47.5354 15.5042 -14.2861,
				-500 234.701 -49.3964,
			]
		}
		coordIndex [
			0, 1, 2, 3, -1
		]
	}
}
#---------- POLYLINE
Shape {
	appearance Appearance {
		material Material {
			diffuseColor 0.5 0.5 0.5
			emissiveColor 0.5 0.5 0.5
		}
	}
	geometry IndexedLineSet {
		coord Coordinate {
			point [
				-16.8069 0.589902 -11.9801,
				-24.8884 -1.05061 0.57747,
				-40.6056 -4.24115 25,
				-346.295 -66.2948 500,
			]
		}
		coordIndex [
			0, 1, 2, 3, -1
		]
	}
}
#---------- POLYLINE
Shape {
	appearance Appearance {
		material Material {
			diffuseColor 0.5 0.5 0.5
			emissiveColor 0.5 0.5 0.5
		}
	}
	geometry IndexedLineSet {
		coord Coordinate {
			point [
				-16.8069 0.589902 -11.9801,
				-16.8069 0.589901 -11.9801,
			]
		}
		coordIndex [
			0, 1, -1
		]
	}
}
#---------- POLYLINE
Shape {
	appearance Appearance {
		material Material {
			diffuseColor 0.5 0.5 0.5
			emissiveColor 0.5 0.5 0.5
		}
	}
	geometry IndexedLineSet {
		coord Coordinate {
			point [
				-16.0335 2.15639 -9.51653,
			]
		}
		coordIndex [
			0, -1
		]
	}
}
#---------- POLYLINE
Shape {
	appearance Appearance {
		material Material {
			diffuseColor 0 0 1
			emissiveColor 0 0 1
		}
	}
	geometry IndexedLineSet {
		coord Coordinate {
			point [
				-16.0335 2.15639 -9.51653,
				-15.9546 2.07331 -9.52132,
				-15.9055 1.97961 -9.53114,
				-15.8658 1.8944 -9.56581,
				-15.8437 1.81528 -9.61455,
				-15.8438 1.73424 -9.65248,
				-15.8465 1.6524 -9.6756,
				-15.8594 1.57787 -9.69075,
				-15.8803 1.50873 -9.7033,
				-15.9071 1.44961 -9.71493,
				-15.9373 1.40295 -9.74243,
				-15.9762 1.37583 -9.77339,
				-16.0754 1.30692 -9.85657,
				-16.1558 1.40023 -9.85283,
				-16.1335 1.49197 -9.88198,
				-16.1507 1.54902 -9.93504,
				-16.1683 1.56823 -9.99375,
				-16.1709 1.54667 -10.0446,
				-16.1934 1.53434 -10.0858,
				-16.2001 1.50751 -10.1174,
				-16.2172 1.47745 -10.1249,
				-16.2306 1.4562 -10.1167,
				-16.2341 1.44849 -10.0974,
				-16.2365 1.4561 -10.099,
				-16.2364 1.45645 -10.0988,
			]
		}
		coordIndex [
			0, 1, 2, 3, 4, 5, 6, 7, 8, 9, 
			10, 11, 12, 13, 14, 15, 16, 17, 18, 19, 
			20, 21, 22, 23, 24, -1
		]
	}
}
#---------- POLYLINE
Shape {
	appearance Appearance {
		material Material {
			diffuseColor 0 1 0
			emissiveColor 0 1 0
		}
	}
	geometry IndexedLineSet {
		coord Coordinate {
			point [
				-16.2364 1.45645 -10.0988,
				-17.9477 4.55937 -12.0477,
				-29.3208 25.1816 -25,
				-291.182 500 -323.222,
			]
		}
		coordIndex [
			0, 1, 2, 3, -1
		]
	}
}
#---------- POLYLINE
Shape {
	appearance Appearance {
		material Material {
			diffuseColor 0 1 0
			emissiveColor 0 1 0
		}
	}
	geometry IndexedLineSet {
		coord Coordinate {
			point [
				-16.2364 1.45645 -10.0988,
				-15.0488 -0.696933 -8.74633,
				-10.2314 -9.43203 -3.26003,
				5.24294 -15.7604 -10.4695,
				14.4727 -19.535 -14.7696,
				36.4312 -28.515 -25,
				500 -218.095 -240.975,
			]
		}
		coordIndex [
			0, 1, 2, 3, 4, 5, 6, -1
		]
	}
}
#---------- POLYLINE
Shape {
	appearance Appearance {
		material Material {
			diffuseColor 0.5 0.5 0.5
			emissiveColor 0.5 0.5 0.5
		}
	}
	geometry IndexedLineSet {
		coord Coordinate {
			point [
				-16.0335 2.15639 -9.51653,
				-15.4232 2.01314 -9.58545,
				-4.98078 -0.437951 -10.7646,
				4.26574 -2.60834 -11.8088,
				48.2957 -12.9433 -16.7808,
				500 -118.969 -67.7887,
			]
		}
		coordIndex [
			0, 1, 2, 3, 4, 5, -1
		]
	}
}
#---------- POLYLINE
Shape {
	appearance Appearance {
		material Material {
			diffuseColor 0.5 0.5 0.5
			emissiveColor 0.5 0.5 0.5
		}
	}
	geometry IndexedLineSet {
		coord Coordinate {
			point [
				-16.0335 2.15639 -9.51653,
				-16.0335 2.1564 -9.51653,
			]
		}
		coordIndex [
			0, 1, -1
		]
	}
}
#---------- POLYLINE
Shape {
	appearance Appearance {
		material Material {
			diffuseColor 0.5 0.5 0.5
			emissiveColor 0.5 0.5 0.5
		}
	}
	geometry IndexedLineSet {
		coord Coordinate {
			point [
				-24.1556 -0.648502 -13.0315,
			]
		}
		coordIndex [
			0, -1
		]
	}
}
#---------- POLYLINE
Shape {
	appearance Appearance {
		material Material {
			diffuseColor 0 0 1
			emissiveColor 0 0 1
		}
	}
	geometry IndexedLineSet {
		coord Coordinate {
			point [
				-24.1556 -0.648502 -13.0315,
				-24.227 -0.655322 -13.0574,
				-24.2955 -0.66153 -13.0764,
				-24.3609 -0.662737 -13.0864,
				-24.4212 -0.654119 -13.1028,
				-24.4783 -0.642836 -13.1156,
				-24.5291 -0.622232 -13.1124,
				-24.5736 -0.598399 -13.101,
				-24.5989 -0.56432 -13.0787,
				-24.6306 -0.54154 -13.0567,
				-24.6598 -0.516857 -13.0421,
				-24.6822 -0.488361 -13.0282,
				-24.699 -0.460591 -13.0143,
				-24.7136 -0.435044 -13.0005,
				-24.7188 -0.408239 -12.9874,
				-24.7181 -0.386462 -12.9688,
				-24.7176 -0.368094 -12.9493,
				-24.7159 -0.351505 -12.9307,
				-24.7178 -0.344254 -12.9086,
				-24.7199 -0.340818 -12.8872,
				-24.7273 -0.334483 -12.8201,
				-24.743 -0.305221 -12.7772,
				-24.7306 -0.313305 -12.7338,
				-24.7304 -0.308115 -12.6966,
				-24.7204 -0.291875 -12.6752,
				-24.7204 -0.286982 -12.6621,
				-24.7218 -0.286186 -12.6615,
			]
		}
		coordIndex [
			0, 1, 2, 3, 4, 5, 6, 7, 8, 9, 
			10, 11, 12, 13, 14, 15, 16, 17, 18, 19, 
			20, 21, 22, 23, 24, 25, 26, -1
		]
	}
}
#---------- POLYLINE
Shape {
	appearance Appearance {
		material Material {
			diffuseColor 0 1 0
			emissiveColor 0 1 0
		}
	}
	geometry IndexedLineSet {
		coord Coordinate {
			point [
				-24.7218 -0.286186 -12.6615,
				-21.76 4.68002 -10.2687,
				-14.8807 16.2144 -4.71122,
				-14.6579 16.588 -4.53124,
				-13.3434 13.5823 -5.82025,
				6.21585 -31.141 -25,
				211.266 -500 -226.072,
			]
		}
		coordIndex [
			0, 1, 2, 3, 4, 5, 6, -1
		]
	}
}
#---------- POLYLINE
Shape {
	appearance Appearance {
		material Material {
			diffuseColor 0 1 0
			emissiveColor 0 1 0
		}
	}
	geometry IndexedLineSet {
		coord Coordinate {
			point [
				-24.7218 -0.286186 -12.6615,
				-24.9541 -0.675669 -12.8491,
				-29.959 -9.06739 -16.8924,
				-33.0819 -19.9238 -18.7166,
				-23.3253 -3.73398 -14.5948,
				-18.2519 4.68448 -12.4516,
				-13.0411 13.3312 -10.2502,
				-7.91153 21.8429 -8.08323,
				3.4985 40.7763 -3.26301,
				-2.09 5.09243 -18.6358,
				-2.35767 4.40924 -19.0045,
				-3.08023 2.56506 -20,
				-5.96112 -4.78784 -23.969,
				3.85388 1.86415 -20,
				4.45442 2.27115 -19.7572,
				7.32339 4.21556 -18.597,
				16.6194 3.68398 -17.243,
				23.7785 3.2746 -16.2003,
				49.9684 1.77697 -12.3858,
				500 -23.9574 53.1608,
			]
		}
		coordIndex [
			0, 1, 2, 3, 4, 5, 6, 7, 8, 9, 
			10, 11, 12, 13, 14, 15, 16, 17, 18, 19, -1
		]
	}
}
#---------- POLYLINE
Shape {
	appearance Appearance {
		material Material {
			diffuseColor 0.5 0.5 0.5
			emissiveColor 0.5 0.5 0.5
		}
	}
	geometry IndexedLineSet {
		coord Coordinate {
			point [
				-24.1556 -0.648502 -13.0315,
				-15.2278 -1.49193 -2.74809,
				-4.31694 -2.5227 9.81932,
				3.76814 -3.28651 19.132,
				8.86268 -3.7678 25,
				421.25 -42.7267 500,
			]
		}
		coordIndex [
			0, 1, 2, 3, 4, 5, -1
		]
	}
}
#---------- POLYLINE
Shape {
	appearance Appearance {
		material Material {
			diffuseColor 0.5 0.5 0.5
			emissiveColor 0.5 0.5 0.5
		}
	}
	geometry IndexedLineSet {
		coord Coordinate {
			point [
				-24.1556 -0.648502 -13.0315,
				-24.1556 -0.648503 -13.0315,
			]
		}
		coordIndex [
			0, 1, -1
		]
	}
}
#---------- POLYLINE
Shape {
	appearance Appearance {
		material Material {
			diffuseColor 0.5 0.5 0.5
			emissiveColor 0.5 0.5 0.5
		}
	}
	geometry IndexedLineSet {
		coord Coordinate {
			point [
				-20.8094 3.63235 -8.46306,
			]
		}
		coordIndex [
			0, -1
		]
	}
}
#---------- POLYLINE
Shape {
	appearance Appearance {
		material Material {
			diffuseColor 0 0 1
			emissiveColor 0 0 1
		}
	}
	geometry IndexedLineSet {
		coord Coordinate {
			point [
				-20.8094 3.63235 -8.46306,
				-20.8737 3.65631 -8.44054,
				-20.934 3.65036 -8.43122,
				-20.9503 3.64075 -8.41342,
				-20.9532 3.63589 -8.39361,
				-20.9538 3.63434 -8.38956,
				-20.9539 3.63427 -8.38941,
			]
		}
		coordIndex [
			0, 1, 2, 3, 4, 5, 6, -1
		]
	}
}
#---------- POLYLINE
Shape {
	appearance Appearance {
		material Material {
			diffuseColor 0 1 0
			emissiveColor 0 1 0
		}
	}
	geometry IndexedLineSet {
		coord Coordinate {
			point [
				-20.9539 3.63427 -8.38941,
				-20.7443 4.9443 -11.9412,
				-20.1968 8.36607 -21.2184,
				8.37732 12.5706 0.764618,
				12.9162 13.2385 4.25655,
				38.2626 16.9681 23.7563,
				32.5403 18.3423 25,
				-500 146.225 140.741,
			]
		}
		coordIndex [
			0, 1, 2, 3, 4, 5, 6, 7, -1
		]
	}
}
#---------- POLYLINE
Shape {
	appearance Appearance {
		material Material {
			diffuseColor 0 1 0
			emissiveColor 0 1 0
		}
	}
	geometry IndexedLineSet {
		coord Coordinate {
			point [
				-20.9539 3.63427 -8.38941,
				-22.2498 -4.46525 13.5702,
				-22.9243 -8.68096 25,
				-50.9561 -183.878 500,
			]
		}
		coordIndex [
			0, 1, 2, 3, -1
		]
	}
}
#---------- POLYLINE
Shape {
	appearance Appearance {
		material Material {
			diffuseColor 0.5 0.5 0.5
			emissiveColor 0.5 0.5 0.5
		}
	}
	geometry IndexedLineSet {
		coord Coordinate {
			point [
				-20.8094 3.63235 -8.46306,
				-20.3144 4.99011 -8.06728,
				-3.96073 49.8429 5.00699,
				160.17 500 136.225,
			]
		}
		coordIndex [
			0, 1, 2, 3, -1
		]
	}
}
#---------- POLYLINE
Shape {
	appearance Appearance {
		material Material {
			diffuseColor 0.5 0.5 0.5
			emissiveColor 0.5 0.5 0.5
		}
	}
	geometry IndexedLineSet {
		coord Coordinate {
			point [
				-20.8094 3.63235 -8.46306,
				-20.8094 3.63234 -8.46306,
			]
		}
		coordIndex [
			0, 1, -1
		]
	}
}
#---------- POLYLINE
Shape {
	appearance Appearance {
		material Material {
			diffuseColor 0.5 0.5 0.5
			emissiveColor 0.5 0.5 0.5
		}
	}
	geometry IndexedLineSet {
		coord Coordinate {
			point [
				-20.4314 4.93465 8.30004,
			]
		}
		coordIndex [
			0, -1
		]
	}
}
#---------- POLYLINE
Shape {
	appearance Appearance {
		material Material {
			diffuseColor 0 0 1
			emissiveColor 0 0 1
		}
	}
	geometry IndexedLineSet {
		coord Coordinate {
			point [
				-20.4314 4.93465 8.30004,
				-20.4301 4.93366 8.30485,
				-20.4293 4.93251 8.30942,
				-20.4295 4.93236 8.31389,
				-20.4317 4.93211 8.31761,
				-20.443 4.93045 8.33178,
				-20.4424 4.93286 8.33114,
				-20.4422 4.93291 8.33109,
			]
		}
		coordIndex [
			0, 1, 2, 3, 4, 5, 6, 7, -1
		]
	}
}
#---------- POLYLINE
Shape {
	appearance Appearance {
		material Material {
			diffuseColor 0 1 0
			emissiveColor 0 1 0
		}
	}
	geometry IndexedLineSet {
		coord Coordinate {
			point [
				-20.4422 4.93291 8.33109,
				-19.3075 4.95181 8.64671,
				8.98445 5.42303 16.5158,
				29.3892 40.4509 22.2211,
				297.09 500 97.0718,
			]
		}
		coordIndex [
			0, 1, 2, 3, 4, -1
		]
	}
}
#---------- POLYLINE
Shape {
	appearance Appearance {
		material Material {
			diffuseColor 0 1 0
			emissiveColor 0 1 0
		}
	}
	geometry IndexedLineSet {
		coord Coordinate {
			point [
				-20.4422 4.93291 8.33109,
				-20.7373 4.928 8.24903,
				-20.5282 4.97202 9.08591,
				-16.5532 5.80919 25,
				102.092 30.7967 500,
			]
		}
		coordIndex [
			0, 1, 2, 3, 4, -1
		]
	}
}
#---------- POLYLINE
Shape {
	appearance Appearance {
		material Material {
			diffuseColor 0.5 0.5 0.5
			emissiveColor 0.5 0.5 0.5
		}
	}
	geometry IndexedLineSet {
		coord Coordinate {
			point [
				-20.4314 4.93465 8.30004,
				-21.3204 4.82251 8.48483,
				-49.9854 1.20642 14.4433,
				-500 -55.5628 107.986,
			]
		}
		coordIndex [
			0, 1, 2, 3, -1
		]
	}
}
#---------- POLYLINE
Shape {
	appearance Appearance {
		material Material {
			diffuseColor 0.5 0.5 0.5
			emissiveColor 0.5 0.5 0.5
		}
	}
	geometry IndexedLineSet {
		coord Coordinate {
			point [
				-20.4314 4.93465 8.30004,
				-20.4314 4.93466 8.30003,
			]
		}
		coordIndex [
			0, 1, -1
		]
	}
}
#---------- POLYLINE
Shape {
	appearance Appearance {
		material Material {
			diffuseColor 0.5 0.5 0.5
			emissiveColor 0.5 0.5 0.5
		}
	}
	geometry IndexedLineSet {
		coord Coordinate {
			point [
				-19.1356 -2.03096 -10.5166,
			]
		}
		coordIndex [
			0, -1
		]
	}
}
#---------- POLYLINE
Shape {
	appearance Appearance {
		material Material {
			diffuseColor 0 0 1
			emissiveColor 0 0 1
		}
	}
	geometry IndexedLineSet {
		coord Coordinate {
			point [
				-19.1356 -2.03096 -10.5166,
				-19.0828 -1.98767 -10.5315,
				-19.0525 -1.94221 -10.5408,
				-19.0097 -1.94923 -10.5232,
				-18.9805 -1.96024 -10.5028,
				-18.9612 -1.93855 -10.5065,
				-18.9705 -1.91763 -10.5135,
				-18.9841 -1.91205 -10.5248,
				-18.9862 -1.91117 -10.522,
			]
		}
		coordIndex [
			0, 1, 2, 3, 4, 5, 6, 7, 8, -1
		]
	}
}
#---------- POLYLINE
Shape {
	appearance Appearance {
		material Material {
			diffuseColor 0 1 0
			emissiveColor 0 1 0
		}
	}
	geometry IndexedLineSet {
		coord Coordinate {
			point [
				-18.9862 -1.91117 -10.522,
				-15.0064 -0.251931 -11.5737,
				19.8398 14.2758 -20.7816,
				-1.24052 -5.47665 -23.5792,
				-2.12474 -4.86864 -25,
				-297.738 198.402 -500,
			]
		}
		coordIndex [
			0, 1, 2, 3, 4, 5, -1
		]
	}
}
#---------- POLYLINE
Shape {
	appearance Appearance {
		material Material {
			diffuseColor 0 1 0
			emissiveColor 0 1 0
		}
	}
	geometry IndexedLineSet {
		coord Coordinate {
			point [
				-18.9862 -1.91117 -10.522,
				-23.3358 -3.72457 -9.37266,
				-47.9981 -14.0065 -2.85574,
				-500 -202.451 116.584,
			]
		}
		coordIndex [
			0, 1, 2, 3, -1
		]
	}
}
#---------- POLYLINE
Shape {
	appearance Appearance {
		material Material {
			diffuseColor 0.5 0.5 0.5
			emissiveColor 0.5 0.5 0.5
		}
	}
	geometry IndexedLineSet {
		coord Coordinate {
			point [
				-19.1356 -2.03096 -10.5166,
				-24.4276 2.32302 -14.756,
				-37.2148 12.8438 -25,
				-500 393.603 -395.742,
			]
		}
		coordIndex [
			0, 1, 2, 3, -1
		]
	}
}
#---------- POLYLINE
Shape {
	appearance Appearance {
		material Material {
			diffuseColor 0.5 0.5 0.5
			emissiveColor 0.5 0.5 0.5
		}
	}
	geometry IndexedLineSet {
		coord Coordinate {
			point [
				-19.1356 -2.03096 -10.5166,
				-19.1356 -2.03097 -10.5166,
			]
		}
		coordIndex [
			0, 1, -1
		]
	}
}
#---------- POLYLINE
Shape {
	appearance Appearance {
		material Material {
			diffuseColor 0.5 0.5 0.5
			emissiveColor 0.5 0.5 0.5
		}
	}
	geometry IndexedLineSet {
		coord Coordinate {
			point [
				-22.3548 -2.30068 18.18,
			]
		}
		coordIndex [
			0, -1
		]
	}
}
#---------- POLYLINE
Shape {
	appearance Appearance {
		material Material {
			diffuseColor 0 0 1
			emissiveColor 0 0 1
		}
	}
	geometry IndexedLineSet {
		coord Coordinate {
			point [
				-22.3548 -2.30068 18.18,
				-22.358 -2.38038 18.2339,
				-22.3666 -2.45901 18.2298,
				-22.3851 -2.51923 18.2237,
				-22.3773 -2.56677 18.1978,
				-22.3872 -2.59942 18.2127,
				-22.3707 -2.61826 18.217,
				-22.3604 -2.63105 18.2297,
				-22.3573 -2.63383 18.2328,
				-22.3572 -2.63394 18.2328,
			]
		}
		coordIndex [
			0, 1, 2, 3, 4, 5, 6, 7, 8, 9, -1
		]
	}
}
#---------- POLYLINE
Shape {
	appearance Appearance {
		material Material {
			diffuseColor 0 1 0
			emissiveColor 0 1 0
		}
	}
	geometry IndexedLineSet {
		coord Coordinate {
			point [
				-22.3572 -2.63394 18.2328,
				-18.0107 -4.58722 18.2474,
				5.48729 -15.147 18.3267,
				14.6062 -19.245 18.3574,
				39.6281 -30.4896 18.4418,
				500 -237.377 19.9944,
			]
		}
		coordIndex [
			0, 1, 2, 3, 4, 5, -1
		]
	}
}
#---------- POLYLINE
Shape {
	appearance Appearance {
		material Material {
			diffuseColor 0 1 0
			emissiveColor 0 1 0
		}
	}
	geometry IndexedLineSet {
		coord Coordinate {
			point [
				-22.3572 -2.63394 18.2328,
				-24.751 -1.55817 18.2247,
				-49.1106 9.38881 18.1426,
				-500 212.015 16.622,
			]
		}
		coordIndex [
			0, 1, 2, 3, -1
		]
	}
}
#---------- POLYLINE
Shape {
	appearance Appearance {
		material Material {
			diffuseColor 0.5 0.5 0.5
			emissiveColor 0.5 0.5 0.5
		}
	}
	geometry IndexedLineSet {
		coord Coordinate {
			point [
				-22.3548 -2.30068 18.18,
				-15.1141 1.06188 17.8713,
				9.21782 12.3616 16.8341,
				14.2777 14.7114 16.6183,
				41.7717 27.4795 15.4462,
				500 240.28 -4.08851,
			]
		}
		coordIndex [
			0, 1, 2, 3, 4, 5, -1
		]
	}
}
#---------- POLYLINE
Shape {
	appearance Appearance {
		material Material {
			diffuseColor 0.5 0.5 0.5
			emissiveColor 0.5 0.5 0.5
		}
	}
	geometry IndexedLineSet {
		coord Coordinate {
			point [
				-22.3548 -2.30068 18.18,
				-22.3548 -2.30068 18.18,
			]
		}
		coordIndex [
			0, 1, -1
		]
	}
}
#---------- POLYLINE
Shape {
	appearance Appearance {
		material Material {
			diffuseColor 0.5 0.5 0.5
			emissiveColor 0.5 0.5 0.5
		}
	}
	geometry IndexedLineSet {
		coord Coordinate {
			point [
				-24.2291 2.60925 16.7562,
			]
		}
		coordIndex [
			0, -1
		]
	}
}
#---------- POLYLINE
Shape {
	appearance Appearance {
		material Material {
			diffuseColor 0.5 0.5 0.5
			emissiveColor 0.5 0.5 0.5
		}
	}
	geometry IndexedLineSet {
		coord Coordinate {
			point [
				-24.2291 2.60925 16.7562,
				-24.2424 2.64616 16.7624,
				-35.8366 34.8674 22.1267,
				-203.207 500 99.564,
			]
		}
		coordIndex [
			0, 1, 2, 3, -1
		]
	}
}
#---------- POLYLINE
Shape {
	appearance Appearance {
		material Material {
			diffuseColor 0.5 0.5 0.5
			emissiveColor 0.5 0.5 0.5
		}
	}
	geometry IndexedLineSet {
		coord Coordinate {
			point [
				-24.2291 2.60925 16.7562,
				-24.2291 2.60922 16.7562,
			]
		}
		coordIndex [
			0, 1, -1
		]
	}
}
#---------- POLYLINE
Shape {
	appearance Appearance {
		material Material {
			diffuseColor 1 0 0
			emissiveColor 1 0 0
		}
	}
	geometry IndexedLineSet {
		coord Coordinate {
			point [
				-24.2291 2.60925 16.7562,
				-24.2291 2.60925 16.7562,
			]
		}
		coordIndex [
			0, 1, -1
		]
	}
}
#---------- POLYLINE
Shape {
	appearance Appearance {
		material Material {
			diffuseColor 1 0 0
			emissiveColor 1 0 0
		}
	}
	geometry IndexedLineSet {
		coord Coordinate {
			point [
				-24.2291 2.60925 16.7562,
				-24.2291 2.60925 16.7562,
			]
		}
		coordIndex [
			0, 1, -1
		]
	}
}
#---------- POLYLINE
Shape {
	appearance Appearance {
		material Material {
			diffuseColor 0.5 0.5 0.5
			emissiveColor 0.5 0.5 0.5
		}
	}
	geometry IndexedLineSet {
		coord Coordinate {
			point [
				-16.9748 1.40982 7.20853,
			]
		}
		coordIndex [
			0, -1
		]
	}
}
#---------- POLYLINE
Shape {
	appearance Appearance {
		material Material {
			diffuseColor 0 0 1
			emissiveColor 0 0 1
		}
	}
	geometry IndexedLineSet {
		coord Coordinate {
			point [
				-16.9748 1.40982 7.20853,
				-16.9666 1.33302 7.30347,
				-16.9136 1.24691 7.32765,
				-16.9254 1.19831 7.37238,
				-16.9329 1.16109 7.4145,
				-16.9528 1.12787 7.43707,
				-16.9473 1.13375 7.47414,
				-16.9391 1.13199 7.50248,
				-16.9255 1.12975 7.52096,
				-16.9412 1.13462 7.52086,
				-16.9398 1.13499 7.5208,
			]
		}
		coordIndex [
			0, 1, 2, 3, 4, 5, 6, 7, 8, 9, 
			10, -1
		]
	}
}
#---------- POLYLINE
Shape {
	appearance Appearance {
		material Material {
			diffuseColor 0 1 0
			emissiveColor 0 1 0
		}
	}
	geometry IndexedLineSet {
		coord Coordinate {
			point [
				-16.9398 1.13499 7.5208,
				-23.4478 3.62114 14.6839,
				-32.8204 7.20161 25,
				-464.378 172.063 500,
			]
		}
		coordIndex [
			0, 1, 2, 3, -1
		]
	}
}
#---------- POLYLINE
Shape {
	appearance Appearance {
		material Material {
			diffuseColor 0 1 0
			emissiveColor 0 1 0
		}
	}
	geometry IndexedLineSet {
		coord Coordinate {
			point [
				-16.9398 1.13499 7.5208,
				-15.016 0.400072 5.40336,
				-2.1414 -4.51823 -8.76728,
				-1.41646 -4.79517 -9.5652,
				12.6067 -10.1522 -25,
				444.164 -175.014 -500,
			]
		}
		coordIndex [
			0, 1, 2, 3, 4, 5, -1
		]
	}
}
#---------- POLYLINE
Shape {
	appearance Appearance {
		material Material {
			diffuseColor 0.5 0.5 0.5
			emissiveColor 0.5 0.5 0.5
		}
	}
	geometry IndexedLineSet {
		coord Coordinate {
			point [
				-16.9748 1.40982 7.20853,
				-20.6491 -4.95768 -1.42982,
				-30.6749 -22.3317 -25,
				-232.719 -372.464 -500,
			]
		}
		coordIndex [
			0, 1, 2, 3, -1
		]
	}
}
#---------- POLYLINE
Shape {
	appearance Appearance {
		material Material {
			diffuseColor 0.5 0.5 0.5
			emissiveColor 0.5 0.5 0.5
		}
	}
	geometry IndexedLineSet {
		coord Coordinate {
			point [
				-16.9748 1.40982 7.20853,
				-16.9748 1.40983 7.20853,
			]
		}
		coordIndex [
			0, 1, -1
		]
	}
}
#---------- POLYLINE
Shape {
	appearance Appearance {
		material Material {
			diffuseColor 0.5 0.5 0.5
			emissiveColor 0.5 0.5 0.5
		}
	}
	geometry IndexedLineSet {
		coord Coordinate {
			point [
				-17.4493 2.13969 -4.37563,
			]
		}
		coordIndex [
			0, -1
		]
	}
}
#---------- POLYLINE
Shape {
	appearance Appearance {
		material Material {
			diffuseColor 0 0 1
			emissiveColor 0 0 1
		}
	}
	geometry IndexedLineSet {
		coord Coordinate {
			point [
				-17.4493 2.13969 -4.37563,
				-17.2526 2.10802 -4.49372,
				-17.1466 2.1078 -4.65911,
				-17.0701 2.15653 -4.76012,
				-17.0111 2.13509 -4.85588,
				-17.0056 2.11249 -4.9457,
				-16.9482 2.09846 -4.974,
				-16.9204 2.13884 -4.9945,
				-16.8897 2.16735 -4.97898,
				-16.8576 2.18193 -4.9657,
				-16.8533 2.17421 -4.93395,
				-16.8474 2.1618 -4.90998,
				-16.8584 2.16063 -4.89153,
				-16.8657 2.15727 -4.887,
				-16.8656 2.15733 -4.88745,
			]
		}
		coordIndex [
			0, 1, 2, 3, 4, 5, 6, 7, 8, 9, 
			10, 11, 12, 13, 14, -1
		]
	}
}
#---------- POLYLINE
Shape {
	appearance Appearance {
		material Material {
			diffuseColor 0 1 0
			emissiveColor 0 1 0
		}
	}
	geometry IndexedLineSet {
		coord Coordinate {
			point [
				-16.8656 2.15733 -4.88745,
				-15.5015 -2.18247 -1.07287,
				-12.166 -12.7935 8.25399,
				-9.19816 -22.2353 16.5531,
				-6.1774 -31.8453 25,
				140.98 -500 436.496,
			]
		}
		coordIndex [
			0, 1, 2, 3, 4, 5, -1
		]
	}
}
#---------- POLYLINE
Shape {
	appearance Appearance {
		material Material {
			diffuseColor 0 1 0
			emissiveColor 0 1 0
		}
	}
	geometry IndexedLineSet {
		coord Coordinate {
			point [
				-16.8656 2.15733 -4.88745,
				-17.5592 4.36376 -6.82685,
				-22.7927 21.0132 -21.4613,
				-22.4919 20.5587 -25,
				17.8836 -40.4564 -500,
			]
		}
		coordIndex [
			0, 1, 2, 3, 4, -1
		]
	}
}
#---------- POLYLINE
Shape {
	appearance Appearance {
		material Material {
			diffuseColor 0.5 0.5 0.5
			emissiveColor 0.5 0.5 0.5
		}
	}
	geometry IndexedLineSet {
		coord Coordinate {
			point [
				-17.4493 2.13969 -4.37563,
				-15.8452 -1.15319 -20,
				-15.3318 -2.20695 -25,
				33.4349 -102.314 -500,
			]
		}
		coordIndex [
			0, 1, 2, 3, -1
		]
	}
}
#---------- POLYLINE
Shape {
	appearance Appearance {
		material Material {
			diffuseColor 0.5 0.5 0.5
			emissiveColor 0.5 0.5 0.5
		}
	}
	geometry IndexedLineSet {
		coord Coordinate {
			point [
				-17.4493 2.13969 -4.37563,
				-17.4493 2.13969 -4.37562,
			]
		}
		coordIndex [
			0, 1, -1
		]
	}
}
#---------- POLYLINE
Shape {
	appearance Appearance {
		material Material {
			diffuseColor 0.5 0.5 0.5
			emissiveColor 0.5 0.5 0.5
		}
	}
	geometry IndexedLineSet {
		coord Coordinate {
			point [
				-17.9868 -2.44647 -11.4917,
			]
		}
		coordIndex [
			0, -1
		]
	}
}
#---------- POLYLINE
Shape {
	appearance Appearance {
		material Material {
			diffuseColor 0 0 1
			emissiveColor 0 0 1
		}
	}
	geometry IndexedLineSet {
		coord Coordinate {
			point [
				-17.9868 -2.44647 -11.4917,
				-17.9729 -2.51821 -11.5792,
				-18.0401 -2.59175 -11.5704,
				-18.0152 -2.66801 -11.5514,
				-18.0048 -2.71707 -11.595,
				-17.9869 -2.76317 -11.6028,
				-17.981 -2.8015 -11.5921,
				-17.9789 -2.82434 -11.5755,
				-17.9813 -2.83537 -11.5557,
				-17.9815 -2.83659 -11.5539,
				-17.9816 -2.83663 -11.5539,
			]
		}
		coordIndex [
			0, 1, 2, 3, 4, 5, 6, 7, 8, 9, 
			10, -1
		]
	}
}
#---------- POLYLINE
Shape {
	appearance Appearance {
		material Material {
			diffuseColor 0 1 0
			emissiveColor 0 1 0
		}
	}
	geometry IndexedLineSet {
		coord Coordinate {
			point [
				-17.9816 -2.83663 -11.5539,
				-17.5124 4.33724 -5.37675,
				-17.2577 8.23134 -2.02369,
				-15.0865 29.1169 13.4856,
				-16.7739 20.5999 25,
				-86.3838 -330.751 500,
			]
		}
		coordIndex [
			0, 1, 2, 3, 4, 5, -1
		]
	}
}
#---------- POLYLINE
Shape {
	appearance Appearance {
		material Material {
			diffuseColor 0 1 0
			emissiveColor 0 1 0
		}
	}
	geometry IndexedLineSet {
		coord Coordinate {
			point [
				-17.9816 -2.83663 -11.5539,
				-18.0985 -4.62431 -13.0932,
				-19.0029 -18.4524 -25,
				-50.4986 -500 -439.641,
			]
		}
		coordIndex [
			0, 1, 2, 3, -1
		]
	}
}
#---------- POLYLINE
Shape {
	appearance Appearance {
		material Material {
			diffuseColor 0.5 0.5 0.5
			emissiveColor 0.5 0.5 0.5
		}
	}
	geometry IndexedLineSet {
		coord Coordinate {
			point [
				-17.9868 -2.44647 -11.4917,
				-18.9701 -4.89277 12.8186,
				-19.4628 -6.11857 25,
				-38.6749 -53.9169 500,
			]
		}
		coordIndex [
			0, 1, 2, 3, -1
		]
	}
}
#---------- POLYLINE
Shape {
	appearance Appearance {
		material Material {
			diffuseColor 0.5 0.5 0.5
			emissiveColor 0.5 0.5 0.5
		}
	}
	geometry IndexedLineSet {
		coord Coordinate {
			point [
				-17.9868 -2.44647 -11.4917,
				-17.9868 -2.44646 -11.4917,
			]
		}
		coordIndex [
			0, 1, -1
		]
	}
}
#---------- POLYLINE
Shape {
	appearance Appearance {
		material Material {
			diffuseColor 0.5 0.5 0.5
			emissiveColor 0.5 0.5 0.5
		}
	}
	geometry IndexedLineSet {
		coord Coordinate {
			point [
				-21.3503 -0.661026 5.40289,
			]
		}
		coordIndex [
			0, -1
		]
	}
}
#---------- POLYLINE
Shape {
	appearance Appearance {
		material Material {
			diffuseColor 0 0 1
			emissiveColor 0 0 1
		}
	}
	geometry IndexedLineSet {
		coord Coordinate {
			point [
				-21.3503 -0.661026 5.40289,
				-21.2112 -0.372985 5.41255,
				-21.22 -0.117479 5.42495,
				-21.3436 0.0660762 5.43471,
				-21.399 0.0962487 5.259,
				-21.4238 0.132496 5.10662,
				-21.5174 0.137195 5.00872,
				-21.5723 0.0743421 4.92676,
				-21.6081 0.0814615 4.83653,
				-21.6501 0.0595722 4.77026,
				-21.6693 0.0412912 4.70578,
				-21.717 0.00793233 4.70031,
				-21.7591 -0.0145019 4.6904,
				-21.7591 -0.00589398 4.72782,
				-21.7625 -0.00863684 4.76085,
				-21.7675 -0.00452174 4.78892,
				-21.786 -0.008259 4.80317,
				-21.786 -0.0082564 4.80321,
			]
		}
		coordIndex [
			0, 1, 2, 3, 4, 5, 6, 7, 8, 9, 
			10, 11, 12, 13, 14, 15, 16, 17, -1
		]
	}
}
#---------- POLYLINE
Shape {
	appearance Appearance {
		material Material {
			diffuseColor 0 1 0
			emissiveColor 0 1 0
		}
	}
	geometry IndexedLineSet {
		coord Coordinate {
			point [
				-21.786 -0.0082564 4.80321,
				-15.7842 2.68831 6.75497,
				7.3293 13.073 14.2713,
				14.9339 16.4897 16.7443,
				40.3208 27.8958 25,
				500 234.426 174.485,
			]
		}
		coordIndex [
			0, 1, 2, 3, 4, 5, -1
		]
	}
}
#---------- POLYLINE
Shape {
	appearance Appearance {
		material Material {
			diffuseColor 0 1 0
			emissiveColor 0 1 0
		}
	}
	geometry IndexedLineSet {
		coord Coordinate {
			point [
				-21.786 -0.0082564 4.80321,
				-24.8096 -1.36672 3.81997,
				-29.5001 -3.47414 2.29463,
				-49.5104 -6.98031 -15.816,
				-500 -85.9146 -423.54,
			]
		}
		coordIndex [
			0, 1, 2, 3, 4, -1
		]
	}
}
#---------- POLYLINE
Shape {
	appearance Appearance {
		material Material {
			diffuseColor 0.5 0.5 0.5
			emissiveColor 0.5 0.5 0.5
		}
	}
	geometry IndexedLineSet {
		coord Coordinate {
			point [
				-21.3503 -0.661026 5.40289,
				-22.8005 -4.1421 6.24812,
				-35.6711 -35.0367 13.7496,
				-229.373 -500 126.646,
			]
		}
		coordIndex [
			0, 1, 2, 3, -1
		]
	}
}
#---------- POLYLINE
Shape {
	appearance Appearance {
		material Material {
			diffuseColor 0.5 0.5 0.5
			emissiveColor 0.5 0.5 0.5
		}
	}
	geometry IndexedLineSet {
		coord Coordinate {
			point [
				-21.3503 -0.661026 5.40289,
				-21.3503 -0.661036 5.40289,
			]
		}
		coordIndex [
			0, 1, -1
		]
	}
}
#---------- POLYLINE
Shape {
	appearance Appearance {
		material Material {
			diffuseColor 0.5 0.5 0.5
			emissiveColor 0.5 0.5 0.5
		}
	}
	geometry IndexedLineSet {
		coord Coordinate {
			point [
				-22.1614 -4.12239 -12.1945,
			]
		}
		coordIndex [
			0, -1
		]
	}
}
#---------- POLYLINE
Shape {
	appearance Appearance {
		material Material {
			diffuseColor 0 0 1
			emissiveColor 0 0 1
		}
	}
	geometry IndexedLineSet {
		coord Coordinate {
			point [
				-22.1614 -4.12239 -12.1945,
				-22.1669 -4.04399 -12.2177,
				-22.1698 -3.96739 -12.2306,
				-22.1794 -3.89565 -12.2356,
				-22.1788 -3.83034 -12.2326,
				-22.1868 -3.7711 -12.2433,
				-22.1967 -3.71827 -12.2655,
				-22.2235 -3.67936 -12.2911,
				-22.3193 -3.5834 -12.3403,
				-22.3888 -3.48475 -12.354,
				-22.3937 -3.39085 -12.3938,
				-22.4562 -3.33399 -12.4026,
				-22.5011 -3.28299 -12.3848,
				-22.5305 -3.28325 -12.3313,
				-22.5273 -3.28778 -12.2795,
				-22.4997 -3.30489 -12.2596,
				-22.4742 -3.32446 -12.2623,
				-22.456 -3.31232 -12.2787,
				-22.45 -3.30779 -12.2826,
				-22.4497 -3.30774 -12.2826,
			]
		}
		coordIndex [
			0, 1, 2, 3, 4, 5, 6, 7, 8, 9, 
			10, 11, 12, 13, 14, 15, 16, 17, 18, 19, -1
		]
	}
}
#---------- POLYLINE
Shape {
	appearance Appearance {
		material Material {
			diffuseColor 0 1 0
			emissiveColor 0 1 0
		}
	}
	geometry IndexedLineSet {
		coord Coordinate {
			point [
				-22.4497 -3.30774 -12.2826,
				-24.3697 2.43015 -1.58899,
				-29.1438 16.697 25,
				-114.43 271.568 500,
			]
		}
		coordIndex [
			0, 1, 2, 3, -1
		]
	}
}
#---------- POLYLINE
Shape {
	appearance Appearance {
		material Material {
			diffuseColor 0 1 0
			emissiveColor 0 1 0
		}
	}
	geometry IndexedLineSet {
		coord Coordinate {
			point [
				-22.4497 -3.30774 -12.2826,
				-22.0271 -4.57067 -14.6363,
				-20.1663 -10.1315 -25,
				65.1199 -265.003 -500,
			]
		}
		coordIndex [
			0, 1, 2, 3, -1
		]
	}
}
#---------- POLYLINE
Shape {
	appearance Appearance {
		material Material {
			diffuseColor 0.5 0.5 0.5
			emissiveColor 0.5 0.5 0.5
		}
	}
	geometry IndexedLineSet {
		coord Coordinate {
			point [
				-22.1614 -4.12239 -12.1945,
				-22.3908 -4.39134 -12.149,
				-41.9073 -27.2722 -8.27767,
				-445.125 -500 71.7046,
			]
		}
		coordIndex [
			0, 1, 2, 3, -1
		]
	}
}
#---------- POLYLINE
Shape {
	appearance Appearance {
		material Material {
			diffuseColor 0.5 0.5 0.5
			emissiveColor 0.5 0.5 0.5
		}
	}
	geometry IndexedLineSet {
		coord Coordinate {
			point [
				-22.1614 -4.12239 -12.1945,
				-22.1614 -4.1224 -12.1945,
			]
		}
		coordIndex [
			0, 1, -1
		]
	}
}
#---------- POLYLINE
Shape {
	appearance Appearance {
		material Material {
			diffuseColor 0.5 0.5 0.5
			emissiveColor 0.5 0.5 0.5
		}
	}
	geometry IndexedLineSet {
		coord Coordinate {
			point [
				-18.5572 -4.45198 -5.11962,
			]
		}
		coordIndex [
			0, -1
		]
	}
}
#---------- POLYLINE
Shape {
	appearance Appearance {
		material Material {
			diffuseColor 0 0 1
			emissiveColor 0 0 1
		}
	}
	geometry IndexedLineSet {
		coord Coordinate {
			point [
				-18.5572 -4.45198 -5.11962,
				-18.5332 -4.45026 -4.95283,
				-18.6572 -4.49482 -4.93571,
				-18.7691 -4.57305 -4.91021,
				-18.8254 -4.67171 -4.84676,
				-18.8711 -4.7443 -4.76462,
				-18.9223 -4.82794 -4.71166,
				-18.9566 -4.8597 -4.68624,
				-18.9786 -4.87566 -4.67508,
				-18.9911 -4.87547 -4.66208,
				-19.0023 -4.87303 -4.64428,
				-19.015 -4.86932 -4.62204,
				-19.0308 -4.86335 -4.5949,
				-19.0512 -4.85939 -4.55953,
				-19.0776 -4.85141 -4.51926,
				-19.1105 -4.83005 -4.47207,
				-19.155 -4.78211 -4.41551,
				-19.1577 -4.73575 -4.35832,
				-19.1306 -4.70547 -4.30191,
				-19.1053 -4.69256 -4.24397,
				-19.0809 -4.66826 -4.19966,
				-19.0591 -4.64281 -4.1594,
				-19.0505 -4.62722 -4.11606,
				-19.0524 -4.61703 -4.07299,
				-19.0656 -4.60366 -4.03889,
				-19.0787 -4.58636 -4.00962,
				-19.0974 -4.57233 -3.98616,
				-19.1093 -4.57426 -3.95823,
				-19.1072 -4.57794 -3.92851,
				-19.0992 -4.57469 -3.90154,
				-19.0822 -4.55023 -3.82478,
				-19.0489 -4.51539 -3.77683,
				-19.0715 -4.46949 -3.75124,
				-19.0732 -4.42368 -3.76635,
				-19.0996 -4.40154 -3.77951,
				-19.1183 -4.37914 -3.78752,
				-19.1156 -4.35945 -3.8046,
				-19.1128 -4.34137 -3.81215,
				-19.1155 -4.33691 -3.81275,
				-19.1153 -4.33689 -3.81271,
			]
		}
		coordIndex [
			0, 1, 2, 3, 4, 5, 6, 7, 8, 9, 
			10, 11, 12, 13, 14, 15, 16, 17, 18, 19, 
			20, 21, 22, 23, 24, 25, 26, 27, 28, 29, 
			30, 31, 32, 33, 34, 35, 36, 37, 38, 39, -1
		]
	}
}
#---------- POLYLINE
Shape {
	appearance Appearance {
		material Material {
			diffuseColor 0 1 0
			emissiveColor 0 1 0
		}
	}
	geometry IndexedLineSet {
		coord Coordinate {
			point [
				-19.1153 -4.33689 -3.81271,
				-18.1083 -4.62832 -3.68776,
				-16.8145 -5.00274 -3.52724,
				-4.79473 -1.41795 -4.28713,
				4.78814 1.44005 -4.89296,
				5.9472 1.78573 -4.96624,
				12.003 6.28081 -7.31018,
				5.51989 9.93164 -5.41626,
				-7.91112 7.9359 25,
				-217.658 -23.2309 500,
			]
		}
		coordIndex [
			0, 1, 2, 3, 4, 5, 6, 7, 8, 9, -1
		]
	}
}
#---------- POLYLINE
Shape {
	appearance Appearance {
		material Material {
			diffuseColor 0 1 0
			emissiveColor 0 1 0
		}
	}
	geometry IndexedLineSet {
		coord Coordinate {
			point [
				-19.1153 -4.33689 -3.81271,
				-24.0712 -2.90263 -4.42761,
				-26.3595 -2.2404 -4.71152,
				-48.7899 10.9338 -9.87002,
				-500 275.947 -113.638,
			]
		}
		coordIndex [
			0, 1, 2, 3, 4, -1
		]
	}
}
#---------- POLYLINE
Shape {
	appearance Appearance {
		material Material {
			diffuseColor 0.5 0.5 0.5
			emissiveColor 0.5 0.5 0.5
		}
	}
	geometry IndexedLineSet {
		coord Coordinate {
			point [
				-18.5572 -4.45198 -5.11962,
				-24.9222 0.87883 -11.718,
				-37.7342 11.6093 -25,
				-495.927 395.359 -500,
			]
		}
		coordIndex [
			0, 1, 2, 3, -1
		]
	}
}
#---------- POLYLINE
Shape {
	appearance Appearance {
		material Material {
			diffuseColor 0.5 0.5 0.5
			emissiveColor 0.5 0.5 0.5
		}
	}
	geometry IndexedLineSet {
		coord Coordinate {
			point [
				-18.5572 -4.45198 -5.11962,
				-18.5572 -4.45198 -5.11963,
			]
		}
		coordIndex [
			0, 1, -1
		]
	}
}
#---------- POLYLINE
Shape {
	appearance Appearance {
		material Material {
			diffuseColor 0.5 0.5 0.5
			emissiveColor 0.5 0.5 0.5
		}
	}
	geometry IndexedLineSet {
		coord Coordinate {
			point [
				-17.8778 -3.71404 13.5328,
			]
		}
		coordIndex [
			0, -1
		]
	}
}
#---------- POLYLINE
Shape {
	appearance Appearance {
		material Material {
			diffuseColor 0 0 1
			emissiveColor 0 0 1
		}
	}
	geometry IndexedLineSet {
		coord Coordinate {
			point [
				-17.8778 -3.71404 13.5328,
				-17.8068 -3.77147 13.5162,
				-17.7576 -3.83351 13.4778,
				-17.7186 -3.88551 13.4298,
				-17.6625 -3.92782 13.4043,
				-17.5986 -3.95148 13.4232,
				-17.5413 -3.9846 13.4381,
				-17.4853 -4.00752 13.4586,
				-17.4373 -4.03631 13.4462,
				-17.3962 -4.05099 13.4302,
				-17.3579 -4.05069 13.4089,
				-17.325 -4.04401 13.3852,
				-17.292 -4.03339 13.3682,
				-17.259 -4.02819 13.3693,
				-17.2304 -4.02521 13.375,
				-17.2049 -4.01956 13.3743,
				-17.1808 -4.01818 13.3808,
				-17.1613 -4.01921 13.3908,
				-17.1439 -4.01662 13.4016,
				-17.1302 -4.01661 13.4147,
				-17.1175 -4.01425 13.4266,
				-17.1034 -4.01361 13.4359,
				-17.0898 -4.013 13.4443,
				-17.0769 -4.01466 13.4521,
				-17.0665 -4.01626 13.4615,
				-17.0641 -4.0181 13.474,
				-17.0631 -4.02024 13.486,
				-17.0616 -4.02326 13.4969,
				-17.0603 -4.02674 13.5069,
				-17.0598 -4.03031 13.5158,
				-17.0631 -4.03238 13.5239,
				-17.0666 -4.03239 13.5311,
				-17.0692 -4.03077 13.5381,
				-17.0732 -4.0296 13.5441,
				-17.0781 -4.02915 13.5482,
				-17.0827 -4.02491 13.5483,
				-17.0863 -4.02018 13.549,
				-17.0891 -4.01553 13.5482,
				-17.0908 -4.01081 13.5482,
				-17.0927 -4.00653 13.5477,
				-17.096 -4.00447 13.5461,
				-17.1128 -3.99629 13.5309,
				-17.1122 -3.98879 13.5303,
				-17.1122 -3.98891 13.5301,
			]
		}
		coordIndex [
			0, 1, 2, 3, 4, 5, 6, 7, 8, 9, 
			10, 11, 12, 13, 14, 15, 16, 17, 18, 19, 
			20, 21, 22, 23, 24, 25, 26, 27, 28, 29, 
			30, 31, 32, 33, 34, 35, 36, 37, 38, 39, 
			40, 41, 42, 43, -1
		]
	}
}
#---------- POLYLINE
Shape {
	appearance Appearance {
		material Material {
			diffuseColor 0 1 0
			emissiveColor 0 1 0
		}
	}
	geometry IndexedLineSet {
		coord Coordinate {
			point [
				-17.1122 -3.98891 13.5301,
				-17.084 -4.06163 13.4744,
				-14.314 -11.2012 8.00572,
				-10.4749 -12.3226 5.85245,
				-6.92066 -13.3608 3.85897,
				5.02041 -16.8486 -2.83854,
				14.4396 -19.5999 -8.1216,
				41.7143 -27.5666 -23.4194,
				500 -161.428 -280.463,
			]
		}
		coordIndex [
			0, 1, 2, 3, 4, 5, 6, 7, 8, -1
		]
	}
}
#---------- POLYLINE
Shape {
	appearance Appearance {
		material Material {
			diffuseColor 0 1 0
			emissiveColor 0 1 0
		}
	}
	geometry IndexedLineSet {
		coord Coordinate {
			point [
				-17.1122 -3.98891 13.5301,
				-20.3894 4.45785 20,
				-22.922 10.9856 25,
				-212.65 500 399.567,
			]
		}
		coordIndex [
			0, 1, 2, 3, -1
		]
	}
}
#---------- POLYLINE
Shape {
	appearance Appearance {
		material Material {
			diffuseColor 0.5 0.5 0.5
			emissiveColor 0.5 0.5 0.5
		}
	}
	geometry IndexedLineSet {
		coord Coordinate {
			point [
				-17.8778 -3.71404 13.5328,
				-17.0903 4.06619 18.4704,
				-16.049 14.3551 25,
				33.104 500 333.205,
			]
		}
		coordIndex [
			0, 1, 2, 3, -1
		]
	}
}
#---------- POLYLINE
Shape {
	appearance Appearance {
		material Material {
			diffuseColor 0.5 0.5 0.5
			emissiveColor 0.5 0.5 0.5
		}
	}
	geometry IndexedLineSet {
		coord Coordinate {
			point [
				-17.8778 -3.71404 13.5328,
				-17.8778 -3.71403 13.5328,
			]
		}
		coordIndex [
			0, 1, -1
		]
	}
}
#---------- POLYLINE
Shape {
	appearance Appearance {
		material Material {
			diffuseColor 0.5 0.5 0.5
			emissiveColor 0.5 0.5 0.5
		}
	}
	geometry IndexedLineSet {
		coord Coordinate {
			point [
				-21.074 -0.682199 6.54922,
			]
		}
		coordIndex [
			0, -1
		]
	}
}
#---------- POLYLINE
Shape {
	appearance Appearance {
		material Material {
			diffuseColor 0 0 1
			emissiveColor 0 0 1
		}
	}
	geometry IndexedLineSet {
		coord Coordinate {
			point [
				-21.074 -0.682199 6.54922,
				-21.0888 -0.711832 6.52395,
				-21.1091 -0.727982 6.49898,
				-21.1286 -0.745829 6.49975,
				-21.1493 -0.748541 6.49627,
				-21.152 -0.746752 6.48893,
				-21.1525 -0.746646 6.48852,
			]
		}
		coordIndex [
			0, 1, 2, 3, 4, 5, 6, -1
		]
	}
}
#---------- POLYLINE
Shape {
	appearance Appearance {
		material Material {
			diffuseColor 0 1 0
			emissiveColor 0 1 0
		}
	}
	geometry IndexedLineSet {
		coord Coordinate {
			point [
				-21.1525 -0.746646 6.48852,
				-16.1805 3.2267 5.71195,
				-2.94949 13.8003 3.64539,
				-12.5818 44.7933 -19.3653,
				-21.4307 34.6823 23.199,
				-20.1651 40.2484 19.5249,
				-21.5815 41.5877 19.0575,
				-7.87175 -12.7756 11.5679,
				-5.98071 -20.2741 10.5348,
				1.51006 -49.9772 6.44261,
				115 -500 -55.5569,
			]
		}
		coordIndex [
			0, 1, 2, 3, 4, 5, 6, 7, 8, 9, 
			10, -1
		]
	}
}
#---------- POLYLINE
Shape {
	appearance Appearance {
		material Material {
			diffuseColor 0 1 0
			emissiveColor 0 1 0
		}
	}
	geometry IndexedLineSet {
		coord Coordinate {
			point [
				-21.1525 -0.746646 6.48852,
				-23.9896 -3.01387 6.93164,
				-45.6744 -20.3433 10.3186,
				-45.7718 -20.4211 10.3338,
				-454.637 308.834 500,
			]
		}
		coordIndex [
			0, 1, 2, 3, 4, -1
		]
	}
}
#---------- POLYLINE
Shape {
	appearance Appearance {
		material Material {
			diffuseColor 1 0 0
			emissiveColor 1 0 0
		}
	}
	geometry IndexedLineSet {
		coord Coordinate {
			point [
				-45.7718 -20.4211 10.3338,
				-46.5572 -21.9557 9.86706,
				-46.6038 -22.0457 9.8385,
				-46.6542 -22.137 9.81182,
				-46.7897 -22.3818 9.74257,
				-47.613 -23.9937 9.2835,
				-48.7649 -27.016 8.57083,
				-50.8344 -32.1935 7.20168,
				-55.109 -40.9227 4.24143,
				-59.5142 -53.3019 -0.976381,
				-72.3671 -76.5034 -14.3149,
				-111.16 -104.618 -15.1267,
				-124.592 -110.252 -11.6849,
				-134.974 -114.052 -8.9048,
				-138.552 -115.781 -7.79875,
				-152.945 -124.768 -6.37562,
				-156.485 -127.536 -7.52794,
				-179.495 -149.623 -9.59459,
				-202.622 -166.636 -8.10252,
				-216.406 -188.591 -5.40716,
				-217.583 -204.822 -24.6438,
				-220.638 -215.218 -38.4943,
				-211.859 -231.077 -48.2845,
				-192.421 -251.761 -63.0973,
				-185.161 -252.589 -63.0512,
				-152.469 -260.742 -70.9586,
				-129.505 -275.929 -62.8416,
				-113.349 -282.875 -50.5164,
				-102.832 -291.409 -43.2672,
				-102.345 -291.774 -41.9722,
				-96.197 -294.862 -34.8979,
				-88.6719 -297.637 -30.8606,
				-84.2644 -301.16 -31.7575,
				-81.0622 -303.899 -30.9924,
				-77.8348 -305.977 -31.8912,
				-77.016 -307.045 -34.3934,
				-77.4979 -306.127 -36.3941,
				-77.9641 -304.797 -37.7421,
				-77.8274 -303.84 -38.0204,
				-78.146 -302.494 -38.4203,
				-78.0099 -301.392 -38.4844,
				-78.0285 -301.333 -38.4723,
				-78.3691 -300.844 -38.0747,
				-78.7578 -300.57 -37.9458,
				-79.0226 -300.337 -38.091,
				-79.1695 -300.14 -38.1386,
				-79.3564 -300.05 -38.1915,
				-79.5251 -299.935 -38.1976,
				-79.5452 -299.761 -38.2587,
				-79.5577 -299.666 -38.3367,
				-79.57 -299.622 -38.436,
				-79.5829 -299.607 -38.5247,
				-79.5221 -299.641 -38.5709,
				-79.5118 -299.676 -38.6327,
				-79.5009 -299.696 -38.6819,
				-79.4963 -299.724 -38.7211,
				-79.4711 -299.731 -38.7505,
				-79.4564 -299.746 -38.7719,
				-79.456 -299.745 -38.7624,
				-79.4546 -299.746 -38.7562,
				-79.4555 -299.746 -38.7565,
			]
		}
		coordIndex [
			0, 1, 2, 3, 4, 5, 6, 7, 8, 9, 
			10, 11, 12, 13, 14, 15, 16, 17, 18, 19, 
			20, 21, 22, 23, 24, 25, 26, 27, 28, 29, 
			30, 31, 32, 33, 34, 35, 36, 37, 38, 39, 
			40, 41, 42, 43, 44, 45, 46, 47, 48, 49, 
			50, 51, 52, 53, 54, 55, 56, 57, 58, 59, 
			60, -1
		]
	}
}
#---------- POLYLINE
Shape {
	appearance Appearance {
		material Material {
			diffuseColor 1 0 0
			emissiveColor 1 0 0
		}
	}
	geometry IndexedLineSet {
		coord Coordinate {
			point [
				-78.0285 -301.333 -38.4723,
				-78.0244 -301.312 -38.4952,
				-78.0013 -301.316 -38.5076,
				-78.0004 -301.316 -38.5077,
			]
		}
		coordIndex [
			0, 1, 2, 3, -1
		]
	}
}
#---------- POLYLINE
Shape {
	appearance Appearance {
		material Material {
			diffuseColor 1 0 0
			emissiveColor 1 0 0
		}
	}
	geometry IndexedLineSet {
		coord Coordinate {
			point [
				-78.0099 -301.392 -38.4844,
				-78.0098 -301.391 -38.4846,
			]
		}
		coordIndex [
			0, 1, -1
		]
	}
}
#---------- POLYLINE
Shape {
	appearance Appearance {
		material Material {
			diffuseColor 1 0 0
			emissiveColor 1 0 0
		}
	}
	geometry IndexedLineSet {
		coord Coordinate {
			point [
				-77.8274 -303.84 -38.0204,
				-77.7972 -303.831 -38.0132,
				-77.7704 -303.816 -38.0075,
				-77.7617 -303.812 -38.0083,
			]
		}
		coordIndex [
			0, 1, 2, 3, -1
		]
	}
}
#---------- POLYLINE
Shape {
	appearance Appearance {
		material Material {
			diffuseColor 1 0 0
			emissiveColor 1 0 0
		}
	}
	geometry IndexedLineSet {
		coord Coordinate {
			point [
				-88.6719 -297.637 -30.8606,
				-88.7268 -297.702 -30.8812,
				-88.7234 -297.735 -30.9163,
				-88.7554 -297.756 -30.9326,
				-88.769 -297.787 -30.9202,
				-88.7932 -297.803 -30.9114,
				-88.7881 -297.816 -30.9003,
				-88.7877 -297.816 -30.9,
			]
		}
		coordIndex [
			0, 1, 2, 3, 4, 5, 6, 7, -1
		]
	}
}
#---------- POLYLINE
Shape {
	appearance Appearance {
		material Material {
			diffuseColor 1 0 0
			emissiveColor 1 0 0
		}
	}
	geometry IndexedLineSet {
		coord Coordinate {
			point [
				-96.197 -294.862 -34.8979,
				-96.1996 -294.863 -34.8989,
				-96.1995 -294.864 -34.9008,
			]
		}
		coordIndex [
			0, 1, 2, -1
		]
	}
}
#---------- POLYLINE
Shape {
	appearance Appearance {
		material Material {
			diffuseColor 1 0 0
			emissiveColor 1 0 0
		}
	}
	geometry IndexedLineSet {
		coord Coordinate {
			point [
				-102.345 -291.774 -41.9722,
				-102.491 -291.673 -41.7952,
				-102.591 -291.583 -41.6567,
				-102.666 -291.439 -41.6747,
				-102.635 -291.364 -41.5751,
				-102.555 -291.321 -41.5018,
				-102.482 -291.272 -41.4426,
				-102.413 -291.288 -41.384,
				-102.363 -291.269 -41.3462,
				-102.409 -291.239 -41.3434,
				-102.437 -291.224 -41.3025,
				-102.465 -291.214 -41.2705,
				-102.433 -291.209 -41.2478,
				-102.465 -291.191 -41.2608,
				-102.465 -291.181 -41.2648,
				-102.461 -291.185 -41.2627,
				-102.461 -291.185 -41.2623,
			]
		}
		coordIndex [
			0, 1, 2, 3, 4, 5, 6, 7, 8, 9, 
			10, 11, 12, 13, 14, 15, 16, -1
		]
	}
}
#---------- POLYLINE
Shape {
	appearance Appearance {
		material Material {
			diffuseColor 1 0 0
			emissiveColor 1 0 0
		}
	}
	geometry IndexedLineSet {
		coord Coordinate {
			point [
				-102.832 -291.409 -43.2672,
				-102.799 -291.465 -43.2943,
				-102.765 -291.51 -43.3322,
				-102.788 -291.544 -43.3792,
				-102.755 -291.537 -43.4165,
				-102.756 -291.537 -43.4164,
			]
		}
		coordIndex [
			0, 1, 2, 3, 4, 5, -1
		]
	}
}
#---------- POLYLINE
Shape {
	appearance Appearance {
		material Material {
			diffuseColor 1 0 0
			emissiveColor 1 0 0
		}
	}
	geometry IndexedLineSet {
		coord Coordinate {
			point [
				-185.161 -252.589 -63.0512,
				-185.126 -252.547 -62.9329,
				-185.144 -252.487 -62.8886,
				-185.187 -252.453 -62.863,
				-185.217 -252.432 -62.8327,
				-185.25 -252.42 -62.8287,
				-185.281 -252.418 -62.8259,
				-185.282 -252.411 -62.8414,
			]
		}
		coordIndex [
			0, 1, 2, 3, 4, 5, 6, 7, -1
		]
	}
}
#---------- POLYLINE
Shape {
	appearance Appearance {
		material Material {
			diffuseColor 1 0 0
			emissiveColor 1 0 0
		}
	}
	geometry IndexedLineSet {
		coord Coordinate {
			point [
				-185.126 -252.547 -62.9329,
				-185.128 -252.548 -62.9343,
				-185.128 -252.547 -62.9341,
			]
		}
		coordIndex [
			0, 1, 2, -1
		]
	}
}
#---------- POLYLINE
Shape {
	appearance Appearance {
		material Material {
			diffuseColor 1 0 0
			emissiveColor 1 0 0
		}
	}
	geometry IndexedLineSet {
		coord Coordinate {
			point [
				-192.421 -251.761 -63.0973,
				-192.416 -251.735 -63.1147,
				-192.433 -251.736 -63.1369,
				-192.423 -251.735 -63.1149,
				-192.415 -251.731 -63.1101,
			]
		}
		coordIndex [
			0, 1, 2, 3, 4, -1
		]
	}
}
#---------- POLYLINE
Shape {
	appearance Appearance {
		material Material {
			diffuseColor 1 0 0
			emissiveColor 1 0 0
		}
	}
	geometry IndexedLineSet {
		coord Coordinate {
			point [
				-220.638 -215.218 -38.4943,
				-220.615 -215.207 -38.5344,
				-220.616 -215.209 -38.4898,
				-220.608 -215.211 -38.4514,
				-220.598 -215.222 -38.4243,
				-220.578 -215.216 -38.4042,
				-220.577 -215.236 -38.3944,
				-220.589 -215.243 -38.4098,
				-220.597 -215.246 -38.4244,
				-220.598 -215.244 -38.4272,
				-220.599 -215.244 -38.4279,
				-220.598 -215.244 -38.4283,
			]
		}
		coordIndex [
			0, 1, 2, 3, 4, 5, 6, 7, 8, 9, 
			10, 11, -1
		]
	}
}
#---------- POLYLINE
Shape {
	appearance Appearance {
		material Material {
			diffuseColor 1 0 0
			emissiveColor 1 0 0
		}
	}
	geometry IndexedLineSet {
		coord Coordinate {
			point [
				-202.622 -166.636 -8.10252,
				-202.632 -166.631 -8.1343,
				-202.61 -166.644 -8.13917,
				-202.612 -166.646 -8.12191,
				-202.605 -166.65 -8.12321,
				-202.605 -166.651 -8.12308,
			]
		}
		coordIndex [
			0, 1, 2, 3, 4, 5, -1
		]
	}
}
#---------- POLYLINE
Shape {
	appearance Appearance {
		material Material {
			diffuseColor 1 0 0
			emissiveColor 1 0 0
		}
	}
	geometry IndexedLineSet {
		coord Coordinate {
			point [
				-156.485 -127.536 -7.52794,
				-156.521 -127.504 -7.53547,
				-156.521 -127.503 -7.5355,
			]
		}
		coordIndex [
			0, 1, 2, -1
		]
	}
}
#---------- POLYLINE
Shape {
	appearance Appearance {
		material Material {
			diffuseColor 1 0 0
			emissiveColor 1 0 0
		}
	}
	geometry IndexedLineSet {
		coord Coordinate {
			point [
				-152.945 -124.768 -6.37562,
				-153.498 -124.585 -5.24586,
				-153.53 -124.601 -5.1881,
				-154.07 -124.898 -4.69103,
				-154.579 -124.975 -4.25218,
				-154.214 -124.675 -3.97541,
				-153.794 -124.531 -3.80493,
				-153.389 -124.414 -3.79137,
				-153.132 -124.237 -3.7686,
				-152.965 -124.305 -3.58796,
				-153.024 -124.396 -3.69022,
				-153.053 -124.474 -3.71501,
				-153.083 -124.548 -3.73435,
				-153.099 -124.617 -3.72888,
				-153.096 -124.648 -3.70043,
				-153.081 -124.675 -3.70626,
				-153.065 -124.698 -3.70934,
				-153.049 -124.699 -3.70822,
				-153.049 -124.699 -3.70813,
			]
		}
		coordIndex [
			0, 1, 2, 3, 4, 5, 6, 7, 8, 9, 
			10, 11, 12, 13, 14, 15, 16, 17, 18, -1
		]
	}
}
#---------- POLYLINE
Shape {
	appearance Appearance {
		material Material {
			diffuseColor 1 0 0
			emissiveColor 1 0 0
		}
	}
	geometry IndexedLineSet {
		coord Coordinate {
			point [
				-152.965 -124.305 -3.58796,
				-152.99 -124.308 -3.57042,
				-152.974 -124.286 -3.57332,
				-152.961 -124.283 -3.5692,
				-152.955 -124.282 -3.57411,
				-152.955 -124.282 -3.57363,
			]
		}
		coordIndex [
			0, 1, 2, 3, 4, 5, -1
		]
	}
}
#---------- POLYLINE
Shape {
	appearance Appearance {
		material Material {
			diffuseColor 1 0 0
			emissiveColor 1 0 0
		}
	}
	geometry IndexedLineSet {
		coord Coordinate {
			point [
				-152.965 -124.305 -3.58796,
				-152.966 -124.305 -3.5857,
			]
		}
		coordIndex [
			0, 1, -1
		]
	}
}
#---------- POLYLINE
Shape {
	appearance Appearance {
		material Material {
			diffuseColor 1 0 0
			emissiveColor 1 0 0
		}
	}
	geometry IndexedLineSet {
		coord Coordinate {
			point [
				-153.53 -124.601 -5.1881,
				-153.517 -124.592 -5.16833,
				-153.501 -124.587 -5.16339,
				-153.501 -124.586 -5.16288,
			]
		}
		coordIndex [
			0, 1, 2, 3, -1
		]
	}
}
#---------- POLYLINE
Shape {
	appearance Appearance {
		material Material {
			diffuseColor 1 0 0
			emissiveColor 1 0 0
		}
	}
	geometry IndexedLineSet {
		coord Coordinate {
			point [
				-153.53 -124.601 -5.1881,
				-153.53 -124.602 -5.18818,
				-153.531 -124.602 -5.1886,
			]
		}
		coordIndex [
			0, 1, 2, -1
		]
	}
}
#---------- POLYLINE
Shape {
	appearance Appearance {
		material Material {
			diffuseColor 1 0 0
			emissiveColor 1 0 0
		}
	}
	geometry IndexedLineSet {
		coord Coordinate {
			point [
				-138.552 -115.781 -7.79875,
				-138.582 -115.74 -7.80786,
				-138.623 -115.732 -7.78672,
				-138.652 -115.752 -7.77831,
				-138.665 -115.779 -7.77632,
				-138.65 -115.774 -7.78454,
				-138.652 -115.768 -7.77776,
				-138.653 -115.769 -7.77813,
			]
		}
		coordIndex [
			0, 1, 2, 3, 4, 5, 6, 7, -1
		]
	}
}
#---------- POLYLINE
Shape {
	appearance Appearance {
		material Material {
			diffuseColor 1 0 0
			emissiveColor 1 0 0
		}
	}
	geometry IndexedLineSet {
		coord Coordinate {
			point [
				-134.974 -114.052 -8.9048,
				-134.983 -114.034 -8.93316,
				-134.984 -114.013 -8.93856,
				-134.983 -113.996 -8.94342,
				-134.982 -113.995 -8.94368,
			]
		}
		coordIndex [
			0, 1, 2, 3, 4, -1
		]
	}
}
#---------- POLYLINE
Shape {
	appearance Appearance {
		material Material {
			diffuseColor 1 0 0
			emissiveColor 1 0 0
		}
	}
	geometry IndexedLineSet {
		coord Coordinate {
			point [
				-124.592 -110.252 -11.6849,
				-124.587 -110.235 -11.6558,
				-124.561 -110.243 -11.6491,
				-124.54 -110.248 -11.6491,
				-124.529 -110.235 -11.6552,
				-124.525 -110.231 -11.6572,
				-124.524 -110.231 -11.6572,
				-124.524 -110.231 -11.6576,
			]
		}
		coordIndex [
			0, 1, 2, 3, 4, 5, 6, 7, -1
		]
	}
}
#---------- POLYLINE
Shape {
	appearance Appearance {
		material Material {
			diffuseColor 0.5 0.5 0.5
			emissiveColor 0.5 0.5 0.5
		}
	}
	geometry IndexedLineSet {
		coord Coordinate {
			point [
				-21.074 -0.682199 6.54922,
				-24.7605 1.52894 10.2708,
				-39.351 10.2801 25,
				-500 286.571 490.029,
			]
		}
		coordIndex [
			0, 1, 2, 3, -1
		]
	}
}
#---------- POLYLINE
Shape {
	appearance Appearance {
		material Material {
			diffuseColor 0.5 0.5 0.5
			emissiveColor 0.5 0.5 0.5
		}
	}
	geometry IndexedLineSet {
		coord Coordinate {
			point [
				-21.074 -0.682199 6.54922,
				-21.0739 -0.682198 6.54922,
			]
		}
		coordIndex [
			0, 1, -1
		]
	}
}
#---------- POLYLINE
Shape {
	appearance Appearance {
		material Material {
			diffuseColor 0.5 0.5 0.5
			emissiveColor 0.5 0.5 0.5
		}
	}
	geometry IndexedLineSet {
		coord Coordinate {
			point [
				-20.0398 3.16879 9.26296,
			]
		}
		coordIndex [
			0, -1
		]
	}
}
#---------- POLYLINE
Shape {
	appearance Appearance {
		material Material {
			diffuseColor 0 0 1
			emissiveColor 0 0 1
		}
	}
	geometry IndexedLineSet {
		coord Coordinate {
			point [
				-20.0398 3.16879 9.26296,
				-20.0849 3.14999 9.25105,
				-20.1226 3.15251 9.23206,
				-20.1546 3.14464 9.22029,
				-20.1585 3.12165 9.20651,
				-20.1664 3.11426 9.19435,
				-20.1664 3.1142 9.19432,
			]
		}
		coordIndex [
			0, 1, 2, 3, 4, 5, 6, -1
		]
	}
}
#---------- POLYLINE
Shape {
	appearance Appearance {
		material Material {
			diffuseColor 0 1 0
			emissiveColor 0 1 0
		}
	}
	geometry IndexedLineSet {
		coord Coordinate {
			point [
				-20.1664 3.1142 9.19432,
				-15.4103 -1.9835 6.79919,
				23.7769 -43.9847 -12.9349,
				449.24 -500 -227.191,
			]
		}
		coordIndex [
			0, 1, 2, 3, -1
		]
	}
}
#---------- POLYLINE
Shape {
	appearance Appearance {
		material Material {
			diffuseColor 0 1 0
			emissiveColor 0 1 0
		}
	}
	geometry IndexedLineSet {
		coord Coordinate {
			point [
				-20.1664 3.1142 9.19432,
				-21.661 4.71606 9.94694,
				-42.2329 26.7653 20.3067,
				-483.761 500 242.653,
			]
		}
		coordIndex [
			0, 1, 2, 3, -1
		]
	}
}
#---------- POLYLINE
Shape {
	appearance Appearance {
		material Material {
			diffuseColor 0.5 0.5 0.5
			emissiveColor 0.5 0.5 0.5
		}
	}
	geometry IndexedLineSet {
		coord Coordinate {
			point [
				-20.0398 3.16879 9.26296,
				-15.5475 2.27483 -9.40143,
				-11.7931 1.52772 -25,
				102.534 -21.2232 -500,
			]
		}
		coordIndex [
			0, 1, 2, 3, -1
		]
	}
}
#---------- POLYLINE
Shape {
	appearance Appearance {
		material Material {
			diffuseColor 0.5 0.5 0.5
			emissiveColor 0.5 0.5 0.5
		}
	}
	geometry IndexedLineSet {
		coord Coordinate {
			point [
				-20.0398 3.16879 9.26296,
				-20.0398 3.1688 9.26297,
			]
		}
		coordIndex [
			0, 1, -1
		]
	}
}
#---------- POLYLINE
Shape {
	appearance Appearance {
		material Material {
			diffuseColor 0.5 0.5 0.5
			emissiveColor 0.5 0.5 0.5
		}
	}
	geometry IndexedLineSet {
		coord Coordinate {
			point [
				-20.5747 -0.276893 15.1915,
			]
		}
		coordIndex [
			0, -1
		]
	}
}
#---------- POLYLINE
Shape {
	appearance Appearance {
		material Material {
			diffuseColor 0 0 1
			emissiveColor 0 0 1
		}
	}
	geometry IndexedLineSet {
		coord Coordinate {
			point [
				-20.5747 -0.276893 15.1915,
				-20.837 -0.276781 15.2685,
				-21.0249 -0.381254 15.3536,
				-21.0614 -0.4643 15.3507,
			]
		}
		coordIndex [
			0, 1, 2, 3, -1
		]
	}
}
#---------- POLYLINE
Shape {
	appearance Appearance {
		material Material {
			diffuseColor 0 1 0
			emissiveColor 0 1 0
		}
	}
	geometry IndexedLineSet {
		coord Coordinate {
			point [
				-21.0614 -0.4643 15.3507,
				-19.3736 -4.9606 15.2299,
				-14.9646 -16.7058 14.9142,
				-13.3472 -21.0143 14.7984,
				-2.48972 -49.938 14.0211,
				166.457 -500 1.92585,
			]
		}
		coordIndex [
			0, 1, 2, 3, 4, 5, -1
		]
	}
}
#---------- POLYLINE
Shape {
	appearance Appearance {
		material Material {
			diffuseColor 0 1 0
			emissiveColor 0 1 0
		}
	}
	geometry IndexedLineSet {
		coord Coordinate {
			point [
				-21.0614 -0.4643 15.3507,
				-23.5621 0.127723 15.0838,
				-24.4924 -2.19513 17.7334,
				-27.0438 -8.56575 25,
				-193.823 -424.996 500,
			]
		}
		coordIndex [
			0, 1, 2, 3, 4, -1
		]
	}
}
#---------- POLYLINE
Shape {
	appearance Appearance {
		material Material {
			diffuseColor 1 0 0
			emissiveColor 1 0 0
		}
	}
	geometry IndexedLineSet {
		coord Coordinate {
			point [
				-23.5621 0.127723 15.0838,
				-23.7609 0.245055 14.9881,
				-23.8422 0.345611 14.8762,
				-23.9421 0.334898 14.7702,
				-24.0113 0.299511 14.6784,
				-24.0185 0.268045 14.5918,
				-24.0274 0.279112 14.5256,
				-24.05 0.292263 14.4826,
				-24.07 0.287003 14.4477,
				-24.0891 0.27506 14.4257,
				-24.1009 0.266344 14.4039,
				-24.104 0.247715 14.4125,
				-24.1114 0.245616 14.4106,
				-24.1115 0.246072 14.4104,
			]
		}
		coordIndex [
			0, 1, 2, 3, 4, 5, 6, 7, 8, 9, 
			10, 11, 12, 13, -1
		]
	}
}
#---------- POLYLINE
Shape {
	appearance Appearance {
		material Material {
			diffuseColor 0.5 0.5 0.5
			emissiveColor 0.5 0.5 0.5
		}
	}
	geometry IndexedLineSet {
		coord Coordinate {
			point [
				-20.5747 -0.276893 15.1915,
				-18.2866 4.69727 14.2567,
				-13.9182 14.1939 12.4719,
				-10.1911 22.2963 10.9492,
				2.52316 49.9363 5.75463,
				209.551 500 -78.8288,
			]
		}
		coordIndex [
			0, 1, 2, 3, 4, 5, -1
		]
	}
}
#---------- POLYLINE
Shape {
	appearance Appearance {
		material Material {
			diffuseColor 0.5 0.5 0.5
			emissiveColor 0.5 0.5 0.5
		}
	}
	geometry IndexedLineSet {
		coord Coordinate {
			point [
				-20.5747 -0.276893 15.1915,
				-20.5747 -0.276896 15.1915,
			]
		}
		coordIndex [
			0, 1, -1
		]
	}
}
#---------- POLYLINE
Shape {
	appearance Appearance {
		material Material {
			diffuseColor 0.5 0.5 0.5
			emissiveColor 0.5 0.5 0.5
		}
	}
	geometry IndexedLineSet {
		coord Coordinate {
			point [
				-19.4916 -4.02699 7.32218,
			]
		}
		coordIndex [
			0, -1
		]
	}
}
#---------- POLYLINE
Shape {
	appearance Appearance {
		material Material {
			diffuseColor 0 0 1
			emissiveColor 0 0 1
		}
	}
	geometry IndexedLineSet {
		coord Coordinate {
			point [
				-19.4916 -4.02699 7.32218,
				-19.431 -4.05873 7.37581,
				-19.3635 -4.06816 7.4215,
				-19.3029 -4.08342 7.46675,
				-19.2668 -4.09422 7.5262,
				-19.2466 -4.11129 7.58475,
				-19.1792 -4.20557 7.71211,
				-19.1614 -4.34437 7.75167,
				-19.2134 -4.4357 7.6988,
				-19.1909 -4.51588 7.74655,
				-19.191 -4.57558 7.80757,
				-19.1514 -4.6027 7.85839,
				-19.1034 -4.60712 7.8858,
				-19.062 -4.59724 7.90767,
				-19.0254 -4.61509 7.9038,
				-18.9948 -4.61024 7.92051,
				-18.9869 -4.59 7.94051,
				-18.981 -4.56785 7.94387,
				-18.974 -4.57162 7.95386,
				-18.9742 -4.57206 7.95329,
			]
		}
		coordIndex [
			0, 1, 2, 3, 4, 5, 6, 7, 8, 9, 
			10, 11, 12, 13, 14, 15, 16, 17, 18, 19, -1
		]
	}
}
#---------- POLYLINE
Shape {
	appearance Appearance {
		material Material {
			diffuseColor 0 1 0
			emissiveColor 0 1 0
		}
	}
	geometry IndexedLineSet {
		coord Coordinate {
			point [
				-18.9742 -4.57206 7.95329,
				-23.0792 -3.93932 10.9123,
				-42.6229 -0.926875 25,
				-500 69.5728 354.692,
			]
		}
		coordIndex [
			0, 1, 2, 3, -1
		]
	}
}
#---------- POLYLINE
Shape {
	appearance Appearance {
		material Material {
			diffuseColor 0 1 0
			emissiveColor 0 1 0
		}
	}
	geometry IndexedLineSet {
		coord Coordinate {
			point [
				-18.9742 -4.57206 7.95329,
				-18.2499 -4.68371 7.43116,
				26.7414 -11.6186 -25,
				500 -84.5663 -366.14,
			]
		}
		coordIndex [
			0, 1, 2, 3, -1
		]
	}
}
#---------- POLYLINE
Shape {
	appearance Appearance {
		material Material {
			diffuseColor 0.5 0.5 0.5
			emissiveColor 0.5 0.5 0.5
		}
	}
	geometry IndexedLineSet {
		coord Coordinate {
			point [
				-19.4916 -4.02699 7.32218,
				-21.4575 -4.78286 9.13563,
				-38.6556 -11.3954 25,
				-500 -188.779 450.567,
			]
		}
		coordIndex [
			0, 1, 2, 3, -1
		]
	}
}
#---------- POLYLINE
Shape {
	appearance Appearance {
		material Material {
			diffuseColor 0.5 0.5 0.5
			emissiveColor 0.5 0.5 0.5
		}
	}
	geometry IndexedLineSet {
		coord Coordinate {
			point [
				-19.4916 -4.02699 7.32218,
				-19.4916 -4.02698 7.32217,
			]
		}
		coordIndex [
			0, 1, -1
		]
	}
}
#---------- POLYLINE
Shape {
	appearance Appearance {
		material Material {
			diffuseColor 0.5 0.5 0.5
			emissiveColor 0.5 0.5 0.5
		}
	}
	geometry IndexedLineSet {
		coord Coordinate {
			point [
				-10.0267 -20.5755 15.7877,
			]
		}
		coordIndex [
			0, -1
		]
	}
}
#---------- POLYLINE
Shape {
	appearance Appearance {
		material Material {
			diffuseColor 0 0 1
			emissiveColor 0 0 1
		}
	}
	geometry IndexedLineSet {
		coord Coordinate {
			point [
				-10.0267 -20.5755 15.7877,
				-10.009 -20.5579 15.7796,
				-9.99386 -20.546 15.7735,
				-9.99386 -20.546 15.7735,
			]
		}
		coordIndex [
			0, 1, 2, 3, -1
		]
	}
}
#---------- POLYLINE
Shape {
	appearance Appearance {
		material Material {
			diffuseColor 0 1 0
			emissiveColor 0 1 0
		}
	}
	geometry IndexedLineSet {
		coord Coordinate {
			point [
				-9.99386 -20.546 15.7735,
				-11.8115 -21.9603 16.3802,
				-12.5085 -22.5026 16.6128,
				-24.0935 -40.7442 20.2848,
				3.21869 -42.0831 -25,
				289.701 -56.1273 -500,
			]
		}
		coordIndex [
			0, 1, 2, 3, 4, 5, -1
		]
	}
}
#---------- POLYLINE
Shape {
	appearance Appearance {
		material Material {
			diffuseColor 0 1 0
			emissiveColor 0 1 0
		}
	}
	geometry IndexedLineSet {
		coord Coordinate {
			point [
				-9.99386 -20.546 15.7735,
				-5.03743 -16.6893 14.1193,
				15.1045 -1.01682 7.39691,
				22.1888 4.49548 5.03252,
				26.232 7.64155 3.68308,
				13.7482 5.47295 -25,
				-192.986 -30.4397 -500,
			]
		}
		coordIndex [
			0, 1, 2, 3, 4, 5, 6, -1
		]
	}
}
#---------- POLYLINE
Shape {
	appearance Appearance {
		material Material {
			diffuseColor 0.5 0.5 0.5
			emissiveColor 0.5 0.5 0.5
		}
	}
	geometry IndexedLineSet {
		coord Coordinate {
			point [
				-10.0267 -20.5755 15.7877,
				-12.4097 -12.919 18.8836,
				-17.1176 2.20784 25,
				-172.047 500 226.279,
			]
		}
		coordIndex [
			0, 1, 2, 3, -1
		]
	}
}
#---------- POLYLINE
Shape {
	appearance Appearance {
		material Material {
			diffuseColor 0.5 0.5 0.5
			emissiveColor 0.5 0.5 0.5
		}
	}
	geometry IndexedLineSet {
		coord Coordinate {
			point [
				-10.0267 -20.5755 15.7877,
				-10.0267 -20.5755 15.7877,
			]
		}
		coordIndex [
			0, 1, -1
		]
	}
}
#---------- POLYLINE
Shape {
	appearance Appearance {
		material Material {
			diffuseColor 0.5 0.5 0.5
			emissiveColor 0.5 0.5 0.5
		}
	}
	geometry IndexedLineSet {
		coord Coordinate {
			point [
				-13.4877 -14.8467 0.296545,
			]
		}
		coordIndex [
			0, -1
		]
	}
}
#---------- POLYLINE
Shape {
	appearance Appearance {
		material Material {
			diffuseColor 0.5 0.5 0.5
			emissiveColor 0.5 0.5 0.5
		}
	}
	geometry IndexedLineSet {
		coord Coordinate {
			point [
				-13.4877 -14.8467 0.296545,
				-10.0489 -12.3002 1.68797,
				-0.185835 -4.99655 5.67886,
				4.83346 -1.2797 7.70983,
				42.3834 26.5264 22.9037,
				500 365.396 208.069,
			]
		}
		coordIndex [
			0, 1, 2, 3, 4, 5, -1
		]
	}
}
#---------- POLYLINE
Shape {
	appearance Appearance {
		material Material {
			diffuseColor 0.5 0.5 0.5
			emissiveColor 0.5 0.5 0.5
		}
	}
	geometry IndexedLineSet {
		coord Coordinate {
			point [
				-13.4877 -14.8467 0.296545,
				-13.4877 -14.8467 0.296537,
			]
		}
		coordIndex [
			0, 1, -1
		]
	}
}
#---------- POLYLINE
Shape {
	appearance Appearance {
		material Material {
			diffuseColor 1 0 0
			emissiveColor 1 0 0
		}
	}
	geometry IndexedLineSet {
		coord Coordinate {
			point [
				-13.4877 -14.8467 0.296545,
				-13.4877 -14.8467 0.296545,
			]
		}
		coordIndex [
			0, 1, -1
		]
	}
}
#---------- POLYLINE
Shape {
	appearance Appearance {
		material Material {
			diffuseColor 1 0 0
			emissiveColor 1 0 0
		}
	}
	geometry IndexedLineSet {
		coord Coordinate {
			point [
				-13.4877 -14.8467 0.296545,
				-13.4877 -14.8467 0.296545,
			]
		}
		coordIndex [
			0, 1, -1
		]
	}
}
#---------- POLYLINE
Shape {
	appearance Appearance {
		material Material {
			diffuseColor 0.5 0.5 0.5
			emissiveColor 0.5 0.5 0.5
		}
	}
	geometry IndexedLineSet {
		coord Coordinate {
			point [
				-5.9286 -20.055 -10.8097,
			]
		}
		coordIndex [
			0, -1
		]
	}
}
#---------- POLYLINE
Shape {
	appearance Appearance {
		material Material {
			diffuseColor 0 0 1
			emissiveColor 0 0 1
		}
	}
	geometry IndexedLineSet {
		coord Coordinate {
			point [
				-5.9286 -20.055 -10.8097,
				-5.91012 -20.0622 -10.8349,
				-5.8888 -20.0621 -10.8566,
				-5.8667 -20.0603 -10.8765,
				-5.84617 -20.0624 -10.8956,
				-5.83725 -20.0623 -10.9028,
				-5.83386 -20.0619 -10.9051,
				-5.83333 -20.0619 -10.9054,
				-5.83298 -20.0619 -10.9057,
				-5.83278 -20.0618 -10.9058,
				-5.83248 -20.0616 -10.906,
				-5.8323 -20.0615 -10.9061,
				-5.8316 -20.0611 -10.9065,
				-5.83147 -20.061 -10.9066,
				-5.83138 -20.061 -10.9067,
				-5.83111 -20.0609 -10.9068,
				-5.83037 -20.0604 -10.9073,
				-5.82984 -20.0601 -10.9077,
				-5.8298 -20.0601 -10.9077,
				-5.82966 -20.06 -10.9078,
				-5.82926 -20.0597 -10.908,
				-5.82848 -20.0591 -10.9086,
				-5.82746 -20.0584 -10.9092,
				-5.82611 -20.0574 -10.91,
				-5.82443 -20.056 -10.9111,
				-5.8223 -20.0542 -10.9124,
				-5.81939 -20.0521 -10.9138,
				-5.81576 -20.0491 -10.9158,
				-5.81064 -20.0455 -10.9178,
				-5.80324 -20.0414 -10.9203,
				-5.79204 -20.0367 -10.9241,
				-5.7778 -20.0276 -10.931,
				-5.76504 -20.0181 -10.9377,
				-5.75487 -20.0074 -10.9425,
				-5.75047 -20.0057 -10.9302,
				-5.74826 -20.0051 -10.9168,
				-5.74716 -20.0073 -10.9041,
				-5.7492 -20.012 -10.8932,
				-5.75076 -20.0195 -10.8853,
				-5.75176 -20.0274 -10.8791,
				-5.7503 -20.0347 -10.8734,
				-5.75147 -20.0411 -10.8674,
				-5.75277 -20.0473 -10.8622,
				-5.75306 -20.0535 -10.8576,
				-5.75406 -20.0603 -10.8549,
				-5.75497 -20.067 -10.8538,
				-5.75361 -20.0726 -10.8511,
				-5.75209 -20.0777 -10.8479,
				-5.74929 -20.1031 -10.8343,
				-5.74318 -20.1226 -10.8337,
				-5.74315 -20.1278 -10.8323,
				-5.74327 -20.1279 -10.8324,
			]
		}
		coordIndex [
			0, 1, 2, 3, 4, 5, 6, 7, 8, 9, 
			10, 11, 12, 13, 14, 15, 16, 17, 18, 19, 
			20, 21, 22, 23, 24, 25, 26, 27, 28, 29, 
			30, 31, 32, 33, 34, 35, 36, 37, 38, 39, 
			40, 41, 42, 43, 44, 45, 46, 47, 48, 49, 
			50, 51, -1
		]
	}
}
#---------- POLYLINE
Shape {
	appearance Appearance {
		material Material {
			diffuseColor 0 1 0
			emissiveColor 0 1 0
		}
	}
	geometry IndexedLineSet {
		coord Coordinate {
			point [
				-5.74327 -20.1279 -10.8324,
				-5.87443 -20.1248 -10.7871,
				-14.2529 -19.9292 -7.89097,
				-34.434 -19.458 -0.915147,
				-34.4132 -36.2731 0.709828,
				-33.8386 -500 45.5236,
			]
		}
		coordIndex [
			0, 1, 2, 3, 4, 5, -1
		]
	}
}
#---------- POLYLINE
Shape {
	appearance Appearance {
		material Material {
			diffuseColor 0 1 0
			emissiveColor 0 1 0
		}
	}
	geometry IndexedLineSet {
		coord Coordinate {
			point [
				-5.74327 -20.1279 -10.8324,
				6.08011 -20.4039 -14.9193,
				13.7708 -20.5835 -17.5777,
				14.3236 -20.5964 -17.7688,
				13.9545 -20.3597 -17.6434,
				5.56941 -14.9827 -14.7961,
				4.53847 -14.3216 -14.446,
				5.33878 -15.4908 -14.5909,
				9.99939 -22.3 -15.4343,
				24.5498 -43.5581 -18.0676,
				336.967 -500 -74.6079,
			]
		}
		coordIndex [
			0, 1, 2, 3, 4, 5, 6, 7, 8, 9, 
			10, -1
		]
	}
}
#---------- POLYLINE
Shape {
	appearance Appearance {
		material Material {
			diffuseColor 0.5 0.5 0.5
			emissiveColor 0.5 0.5 0.5
		}
	}
	geometry IndexedLineSet {
		coord Coordinate {
			point [
				-5.9286 -20.055 -10.8097,
				-5.82449 -20.0505 -10.841,
				5.53747 -19.5552 -14.2587,
				14.6419 -19.1583 -16.9973,
				41.2467 -17.9985 -25,
				500 2.00019 -162.992,
			]
		}
		coordIndex [
			0, 1, 2, 3, 4, 5, -1
		]
	}
}
#---------- POLYLINE
Shape {
	appearance Appearance {
		material Material {
			diffuseColor 0.5 0.5 0.5
			emissiveColor 0.5 0.5 0.5
		}
	}
	geometry IndexedLineSet {
		coord Coordinate {
			point [
				-5.9286 -20.055 -10.8097,
				-5.92862 -20.055 -10.8097,
			]
		}
		coordIndex [
			0, 1, -1
		]
	}
}
#---------- POLYLINE
Shape {
	appearance Appearance {
		material Material {
			diffuseColor 0.5 0.5 0.5
			emissiveColor 0.5 0.5 0.5
		}
	}
	geometry IndexedLineSet {
		coord Coordinate {
			point [
				-12.2328 -19.8201 -10.15,
			]
		}
		coordIndex [
			0, -1
		]
	}
}
#---------- POLYLINE
Shape {
	appearance Appearance {
		material Material {
			diffuseColor 0 0 1
			emissiveColor 0 0 1
		}
	}
	geometry IndexedLineSet {
		coord Coordinate {
			point [
				-12.2328 -19.8201 -10.15,
				-12.235 -19.82 -10.1066,
				-12.2374 -19.8075 -10.0728,
				-12.2374 -19.8075 -10.0728,
			]
		}
		coordIndex [
			0, 1, 2, 3, -1
		]
	}
}
#---------- POLYLINE
Shape {
	appearance Appearance {
		material Material {
			diffuseColor 0 1 0
			emissiveColor 0 1 0
		}
	}
	geometry IndexedLineSet {
		coord Coordinate {
			point [
				-12.2374 -19.8075 -10.0728,
				-14.9625 -16.6888 -9.1098,
				-46.2168 19.0789 1.93538,
				-466.452 500 150.445,
			]
		}
		coordIndex [
			0, 1, 2, 3, -1
		]
	}
}
#---------- POLYLINE
Shape {
	appearance Appearance {
		material Material {
			diffuseColor 0 1 0
			emissiveColor 0 1 0
		}
	}
	geometry IndexedLineSet {
		coord Coordinate {
			point [
				-12.2374 -19.8075 -10.0728,
				-10.0597 -22.2996 -10.8424,
				10.3234 -45.6263 -18.0458,
				22.4958 -44.6536 -22.8768,
				500 -6.49456 -212.39,
			]
		}
		coordIndex [
			0, 1, 2, 3, 4, -1
		]
	}
}
#---------- POLYLINE
Shape {
	appearance Appearance {
		material Material {
			diffuseColor 0.5 0.5 0.5
			emissiveColor 0.5 0.5 0.5
		}
	}
	geometry IndexedLineSet {
		coord Coordinate {
			point [
				-12.2328 -19.8201 -10.15,
				-12.3928 -21.6903 -10.1545,
				-14.6276 -47.8125 -10.2169,
				-53.3132 -500 -11.2983,
			]
		}
		coordIndex [
			0, 1, 2, 3, -1
		]
	}
}
#---------- POLYLINE
Shape {
	appearance Appearance {
		material Material {
			diffuseColor 0.5 0.5 0.5
			emissiveColor 0.5 0.5 0.5
		}
	}
	geometry IndexedLineSet {
		coord Coordinate {
			point [
				-12.2328 -19.8201 -10.15,
				-12.2328 -19.8201 -10.15,
			]
		}
		coordIndex [
			0, 1, -1
		]
	}
}
#---------- POLYLINE
Shape {
	appearance Appearance {
		material Material {
			diffuseColor 0.5 0.5 0.5
			emissiveColor 0.5 0.5 0.5
		}
	}
	geometry IndexedLineSet {
		coord Coordinate {
			point [
				-12.6865 -19.3977 -18.3122,
			]
		}
		coordIndex [
			0, -1
		]
	}
}
#---------- POLYLINE
Shape {
	appearance Appearance {
		material Material {
			diffuseColor 0 0 1
			emissiveColor 0 0 1
		}
	}
	geometry IndexedLineSet {
		coord Coordinate {
			point [
				-12.6865 -19.3977 -18.3122,
				-12.6443 -19.4509 -18.3741,
				-12.6274 -19.4632 -18.4411,
				-12.6323 -19.4729 -18.5021,
				-12.6468 -19.4767 -18.5265,
				-12.6394 -19.4851 -18.5445,
				-12.6395 -19.4854 -18.5448,
			]
		}
		coordIndex [
			0, 1, 2, 3, 4, 5, 6, -1
		]
	}
}
#---------- POLYLINE
Shape {
	appearance Appearance {
		material Material {
			diffuseColor 0 1 0
			emissiveColor 0 1 0
		}
	}
	geometry IndexedLineSet {
		coord Coordinate {
			point [
				-12.6395 -19.4854 -18.5448,
				-9.00174 -19.5448 -20,
				3.49777 -19.7487 -25,
				500 -27.8482 -223.609,
			]
		}
		coordIndex [
			0, 1, 2, 3, -1
		]
	}
}
#---------- POLYLINE
Shape {
	appearance Appearance {
		material Material {
			diffuseColor 0 1 0
			emissiveColor 0 1 0
		}
	}
	geometry IndexedLineSet {
		coord Coordinate {
			point [
				-12.6395 -19.4854 -18.5448,
				-14.5118 -19.4549 -17.7959,
				-46.2753 -18.9367 -5.09,
				-500 -11.535 176.407,
			]
		}
		coordIndex [
			0, 1, 2, 3, -1
		]
	}
}
#---------- POLYLINE
Shape {
	appearance Appearance {
		material Material {
			diffuseColor 0.5 0.5 0.5
			emissiveColor 0.5 0.5 0.5
		}
	}
	geometry IndexedLineSet {
		coord Coordinate {
			point [
				-12.6865 -19.3977 -18.3122,
				-5.0146 -16.9182 -17.952,
				8.05087 -12.6956 -17.3386,
				8.88568 -12.4258 -17.2994,
				49.9926 0.859716 -15.3693,
				500 146.299 5.75949,
			]
		}
		coordIndex [
			0, 1, 2, 3, 4, 5, -1
		]
	}
}
#---------- POLYLINE
Shape {
	appearance Appearance {
		material Material {
			diffuseColor 0.5 0.5 0.5
			emissiveColor 0.5 0.5 0.5
		}
	}
	geometry IndexedLineSet {
		coord Coordinate {
			point [
				-12.6865 -19.3977 -18.3122,
				-12.6865 -19.3977 -18.3122,
			]
		}
		coordIndex [
			0, 1, -1
		]
	}
}
#---------- POLYLINE
Shape {
	appearance Appearance {
		material Material {
			diffuseColor 0.5 0.5 0.5
			emissiveColor 0.5 0.5 0.5
		}
	}
	geometry IndexedLineSet {
		coord Coordinate {
			point [
				-9.47515 -20.1898 6.806,
			]
		}
		coordIndex [
			0, -1
		]
	}
}
#---------- POLYLINE
Shape {
	appearance Appearance {
		material Material {
			diffuseColor 0 0 1
			emissiveColor 0 0 1
		}
	}
	geometry IndexedLineSet {
		coord Coordinate {
			point [
				-9.47515 -20.1898 6.806,
				-9.4022 -20.2256 6.87689,
				-9.36228 -20.2685 6.94031,
				-9.33103 -20.3368 6.94257,
				-9.34279 -20.3911 6.95787,
				-9.36918 -20.4038 6.99437,
				-9.40355 -20.4194 7.00148,
				-9.43139 -20.4214 7.01838,
				-9.41456 -20.4014 7.01328,
				-9.41255 -20.4011 7.01425,
				-9.41251 -20.4011 7.01431,
			]
		}
		coordIndex [
			0, 1, 2, 3, 4, 5, 6, 7, 8, 9, 
			10, -1
		]
	}
}
#---------- POLYLINE
Shape {
	appearance Appearance {
		material Material {
			diffuseColor 0 1 0
			emissiveColor 0 1 0
		}
	}
	geometry IndexedLineSet {
		coord Coordinate {
			point [
				-9.41251 -20.4011 7.01431,
				-8.34108 -22.0168 2.51582,
				-1.78747 -31.8993 -25,
				111.346 -202.499 -500,
			]
		}
		coordIndex [
			0, 1, 2, 3, -1
		]
	}
}
#---------- POLYLINE
Shape {
	appearance Appearance {
		material Material {
			diffuseColor 0 1 0
			emissiveColor 0 1 0
		}
	}
	geometry IndexedLineSet {
		coord Coordinate {
			point [
				-9.41251 -20.4011 7.01431,
				-12.5054 -15.7372 20,
				-13.6963 -13.9414 25,
				-126.83 156.659 500,
			]
		}
		coordIndex [
			0, 1, 2, 3, -1
		]
	}
}
#---------- POLYLINE
Shape {
	appearance Appearance {
		material Material {
			diffuseColor 0.5 0.5 0.5
			emissiveColor 0.5 0.5 0.5
		}
	}
	geometry IndexedLineSet {
		coord Coordinate {
			point [
				-9.47515 -20.1898 6.806,
				-10.0445 -22.2998 11.8266,
				-11.5384 -27.8362 25,
				-65.4051 -227.465 500,
			]
		}
		coordIndex [
			0, 1, 2, 3, -1
		]
	}
}
#---------- POLYLINE
Shape {
	appearance Appearance {
		material Material {
			diffuseColor 0.5 0.5 0.5
			emissiveColor 0.5 0.5 0.5
		}
	}
	geometry IndexedLineSet {
		coord Coordinate {
			point [
				-9.47515 -20.1898 6.806,
				-9.47515 -20.1898 6.80598,
			]
		}
		coordIndex [
			0, 1, -1
		]
	}
}
#---------- POLYLINE
Shape {
	appearance Appearance {
		material Material {
			diffuseColor 0.5 0.5 0.5
			emissiveColor 0.5 0.5 0.5
		}
	}
	geometry IndexedLineSet {
		coord Coordinate {
			point [
				-14.0061 -20.0875 -12.6899,
			]
		}
		coordIndex [
			0, -1
		]
	}
}
#---------- POLYLINE
Shape {
	appearance Appearance {
		material Material {
			diffuseColor 0 0 1
			emissiveColor 0 0 1
		}
	}
	geometry IndexedLineSet {
		coord Coordinate {
			point [
				-14.0061 -20.0875 -12.6899,
				-13.9885 -20.0688 -12.6474,
				-13.9743 -20.0475 -12.6089,
				-13.9638 -20.0359 -12.5676,
				-13.9555 -20.0333 -12.5306,
				-13.9477 -20.0336 -12.496,
				-13.9451 -20.0338 -12.462,
				-13.9433 -20.0369 -12.4298,
				-13.9423 -20.0367 -12.3999,
				-13.9355 -20.0339 -12.3736,
				-13.9291 -20.0384 -12.3491,
				-13.924 -20.0532 -12.3308,
				-13.9241 -20.0687 -12.3163,
				-13.9259 -20.082 -12.3024,
				-13.9276 -20.0912 -12.2904,
				-13.9294 -20.1198 -12.2487,
				-13.9511 -20.1379 -12.2168,
				-13.9698 -20.1307 -12.2053,
				-13.9755 -20.12 -12.197,
				-13.9761 -20.1195 -12.1966,
			]
		}
		coordIndex [
			0, 1, 2, 3, 4, 5, 6, 7, 8, 9, 
			10, 11, 12, 13, 14, 15, 16, 17, 18, 19, -1
		]
	}
}
#---------- POLYLINE
Shape {
	appearance Appearance {
		material Material {
			diffuseColor 0 1 0
			emissiveColor 0 1 0
		}
	}
	geometry IndexedLineSet {
		coord Coordinate {
			point [
				-13.9761 -20.1195 -12.1966,
				-11.6828 -20.5327 -20,
				-10.2134 -20.7975 -25,
				129.382 -45.9504 -500,
			]
		}
		coordIndex [
			0, 1, 2, 3, -1
		]
	}
}
#---------- POLYLINE
Shape {
	appearance Appearance {
		material Material {
			diffuseColor 0 1 0
			emissiveColor 0 1 0
		}
	}
	geometry IndexedLineSet {
		coord Coordinate {
			point [
				-13.9761 -20.1195 -12.1966,
				-14.1505 -20.088 -11.6031,
				-24.9076 -18.1498 25,
				-164.502 7.00321 500,
			]
		}
		coordIndex [
			0, 1, 2, 3, -1
		]
	}
}
#---------- POLYLINE
Shape {
	appearance Appearance {
		material Material {
			diffuseColor 0.5 0.5 0.5
			emissiveColor 0.5 0.5 0.5
		}
	}
	geometry IndexedLineSet {
		coord Coordinate {
			point [
				-14.0061 -20.0875 -12.6899,
				-10.045 -22.2998 -15.016,
				6.95691 -31.7958 -25,
				500 -307.173 -314.529,
			]
		}
		coordIndex [
			0, 1, 2, 3, -1
		]
	}
}
#---------- POLYLINE
Shape {
	appearance Appearance {
		material Material {
			diffuseColor 0.5 0.5 0.5
			emissiveColor 0.5 0.5 0.5
		}
	}
	geometry IndexedLineSet {
		coord Coordinate {
			point [
				-14.0061 -20.0875 -12.6899,
				-14.0061 -20.0875 -12.6899,
			]
		}
		coordIndex [
			0, 1, -1
		]
	}
}
#---------- POLYLINE
Shape {
	appearance Appearance {
		material Material {
			diffuseColor 0.5 0.5 0.5
			emissiveColor 0.5 0.5 0.5
		}
	}
	geometry IndexedLineSet {
		coord Coordinate {
			point [
				-13.8486 -16.7645 16.8378,
			]
		}
		coordIndex [
			0, -1
		]
	}
}
#---------- POLYLINE
Shape {
	appearance Appearance {
		material Material {
			diffuseColor 0 0 1
			emissiveColor 0 0 1
		}
	}
	geometry IndexedLineSet {
		coord Coordinate {
			point [
				-13.8486 -16.7645 16.8378,
				-13.7392 -16.8477 16.7136,
				-13.7389 -16.8477 16.7135,
			]
		}
		coordIndex [
			0, 1, 2, -1
		]
	}
}
#---------- POLYLINE
Shape {
	appearance Appearance {
		material Material {
			diffuseColor 0 1 0
			emissiveColor 0 1 0
		}
	}
	geometry IndexedLineSet {
		coord Coordinate {
			point [
				-13.7389 -16.8477 16.7135,
				-8.89224 -12.4243 18.1353,
				14.5094 8.93387 25,
				500 452.03 167.416,
			]
		}
		coordIndex [
			0, 1, 2, 3, -1
		]
	}
}
#---------- POLYLINE
Shape {
	appearance Appearance {
		material Material {
			diffuseColor 0 1 0
			emissiveColor 0 1 0
		}
	}
	geometry IndexedLineSet {
		coord Coordinate {
			point [
				-13.7389 -16.8477 16.7135,
				-14.9564 -17.9589 16.3564,
				-34.7108 -35.9883 10.5615,
				-500 -460.647 -125.929,
			]
		}
		coordIndex [
			0, 1, 2, 3, -1
		]
	}
}
#---------- POLYLINE
Shape {
	appearance Appearance {
		material Material {
			diffuseColor 0.5 0.5 0.5
			emissiveColor 0.5 0.5 0.5
		}
	}
	geometry IndexedLineSet {
		coord Coordinate {
			point [
				-13.8486 -16.7645 16.8378,
				-5.25161 -18.8661 18.5036,
				28.2754 -27.0624 25,
				500 -142.383 116.404,
			]
		}
		coordIndex [
			0, 1, 2, 3, -1
		]
	}
}
#---------- POLYLINE
Shape {
	appearance Appearance {
		material Material {
			diffuseColor 0.5 0.5 0.5
			emissiveColor 0.5 0.5 0.5
		}
	}
	geometry IndexedLineSet {
		coord Coordinate {
			point [
				-13.8486 -16.7645 16.8378,
				-13.8486 -16.7645 16.8378,
			]
		}
		coordIndex [
			0, 1, -1
		]
	}
}
#---------- POLYLINE
Shape {
	appearance Appearance {
		material Material {
			diffuseColor 0.5 0.5 0.5
			emissiveColor 0.5 0.5 0.5
		}
	}
	geometry IndexedLineSet {
		coord Coordinate {
			point [
				-7.60308 -15.36 17.0899,
			]
		}
		coordIndex [
			0, -1
		]
	}
}
#---------- POLYLINE
Shape {
	appearance Appearance {
		material Material {
			diffuseColor 0 0 1
			emissiveColor 0 0 1
		}
	}
	geometry IndexedLineSet {
		coord Coordinate {
			point [
				-7.60308 -15.36 17.0899,
				-7.59935 -15.384 17.0901,
				-7.60171 -15.3983 17.0884,
				-7.60178 -15.3984 17.0885,
			]
		}
		coordIndex [
			0, 1, 2, 3, -1
		]
	}
}
#---------- POLYLINE
Shape {
	appearance Appearance {
		material Material {
			diffuseColor 0 1 0
			emissiveColor 0 1 0
		}
	}
	geometry IndexedLineSet {
		coord Coordinate {
			point [
				-7.60178 -15.3984 17.0885,
				-5.00756 -17.5749 19.155,
				-3.47956 -18.8569 20.3722,
				-3.51709 -19.8127 20.1825,
				-5.75582 -19.9433 19.7135,
				-13.9079 -20.419 18.0057,
				-18.2106 -20.67 17.1043,
				-17.7666 -15.2755 25,
				8.93987 309.255 500,
			]
		}
		coordIndex [
			0, 1, 2, 3, 4, 5, 6, 7, 8, -1
		]
	}
}
#---------- POLYLINE
Shape {
	appearance Appearance {
		material Material {
			diffuseColor 0 1 0
			emissiveColor 0 1 0
		}
	}
	geometry IndexedLineSet {
		coord Coordinate {
			point [
				-7.60178 -15.3984 17.0885,
				-11.1383 -12.4313 14.2713,
				-19.9959 -5 7.21556,
				-22.2127 -3.14014 5.4497,
				-19.6126 4.98497 2.64506,
				-5.29759 49.7186 -12.7962,
				138.795 500 -168.225,
			]
		}
		coordIndex [
			0, 1, 2, 3, 4, 5, 6, -1
		]
	}
}
#---------- POLYLINE
Shape {
	appearance Appearance {
		material Material {
			diffuseColor 0.5 0.5 0.5
			emissiveColor 0.5 0.5 0.5
		}
	}
	geometry IndexedLineSet {
		coord Coordinate {
			point [
				-7.60308 -15.36 17.0899,
				-5.01791 -16.8772 12.8979,
				18.3536 -30.5933 -25,
				311.285 -202.506 -500,
			]
		}
		coordIndex [
			0, 1, 2, 3, -1
		]
	}
}
#---------- POLYLINE
Shape {
	appearance Appearance {
		material Material {
			diffuseColor 0.5 0.5 0.5
			emissiveColor 0.5 0.5 0.5
		}
	}
	geometry IndexedLineSet {
		coord Coordinate {
			point [
				-7.60308 -15.36 17.0899,
				-7.60309 -15.36 17.0899,
			]
		}
		coordIndex [
			0, 1, -1
		]
	}
}
#---------- POLYLINE
Shape {
	appearance Appearance {
		material Material {
			diffuseColor 0.5 0.5 0.5
			emissiveColor 0.5 0.5 0.5
		}
	}
	geometry IndexedLineSet {
		coord Coordinate {
			point [
				-7.37599 -13.6042 17.3359,
			]
		}
		coordIndex [
			0, -1
		]
	}
}
#---------- POLYLINE
Shape {
	appearance Appearance {
		material Material {
			diffuseColor 0 0 1
			emissiveColor 0 0 1
		}
	}
	geometry IndexedLineSet {
		coord Coordinate {
			point [
				-7.37599 -13.6042 17.3359,
				-7.42289 -13.643 17.2764,
				-7.49 -13.6632 17.2511,
				-7.49494 -13.7282 17.2602,
				-7.46809 -13.7682 17.2432,
				-7.4357 -13.7627 17.2142,
				-7.42787 -13.7756 17.1796,
				-7.40277 -13.7953 17.1796,
				-7.38068 -13.8076 17.1785,
				-7.36878 -13.7924 17.1861,
				-7.36948 -13.7862 17.1865,
				-7.36935 -13.7862 17.1864,
			]
		}
		coordIndex [
			0, 1, 2, 3, 4, 5, 6, 7, 8, 9, 
			10, 11, -1
		]
	}
}
#---------- POLYLINE
Shape {
	appearance Appearance {
		material Material {
			diffuseColor 0 1 0
			emissiveColor 0 1 0
		}
	}
	geometry IndexedLineSet {
		coord Coordinate {
			point [
				-7.36935 -13.7862 17.1864,
				-5.04546 -16.6273 15.7639,
				8.65233 -33.374 7.37873,
				11.2122 -33.8904 6.78532,
				13.0984 -39.4036 25,
				62.2867 -183.177 500,
			]
		}
		coordIndex [
			0, 1, 2, 3, 4, 5, -1
		]
	}
}
#---------- POLYLINE
Shape {
	appearance Appearance {
		material Material {
			diffuseColor 0 1 0
			emissiveColor 0 1 0
		}
	}
	geometry IndexedLineSet {
		coord Coordinate {
			point [
				-7.36935 -13.7862 17.1864,
				-8.35819 -12.5772 17.7918,
				-20.1334 1.81891 25,
				-427.616 500 274.442,
			]
		}
		coordIndex [
			0, 1, 2, 3, -1
		]
	}
}
#---------- POLYLINE
Shape {
	appearance Appearance {
		material Material {
			diffuseColor 0.5 0.5 0.5
			emissiveColor 0.5 0.5 0.5
		}
	}
	geometry IndexedLineSet {
		coord Coordinate {
			point [
				-7.37599 -13.6042 17.3359,
				-14.4347 -19.6094 12.8028,
				-34.2275 -36.4483 0.0916763,
				-500 -432.706 -299.031,
			]
		}
		coordIndex [
			0, 1, 2, 3, -1
		]
	}
}
#---------- POLYLINE
Shape {
	appearance Appearance {
		material Material {
			diffuseColor 0.5 0.5 0.5
			emissiveColor 0.5 0.5 0.5
		}
	}
	geometry IndexedLineSet {
		coord Coordinate {
			point [
				-7.37599 -13.6042 17.3359,
				-7.37598 -13.6042 17.3359,
			]
		}
		coordIndex [
			0, 1, -1
		]
	}
}
#---------- POLYLINE
Shape {
	appearance Appearance {
		material Material {
			diffuseColor 0.5 0.5 0.5
			emissiveColor 0.5 0.5 0.5
		}
	}
	geometry IndexedLineSet {
		coord Coordinate {
			point [
				-13.5673 -17.4926 -0.230872,
			]
		}
		coordIndex [
			0, -1
		]
	}
}
#---------- POLYLINE
Shape {
	appearance Appearance {
		material Material {
			diffuseColor 0 0 1
			emissiveColor 0 0 1
		}
	}
	geometry IndexedLineSet {
		coord Coordinate {
			point [
				-13.5673 -17.4926 -0.230872,
				-13.4598 -17.5566 -0.222279,
				-13.3818 -17.5999 -0.167436,
				-13.3549 -17.6374 -0.13628,
				-13.3254 -17.6649 -0.116149,
				-13.2951 -17.6789 -0.100108,
				-13.2983 -17.7059 -0.0927872,
				-13.2869 -17.7229 -0.0962088,
				-13.2763 -17.7249 -0.094186,
				-13.2762 -17.7242 -0.0944454,
			]
		}
		coordIndex [
			0, 1, 2, 3, 4, 5, 6, 7, 8, 9, -1
		]
	}
}
#---------- POLYLINE
Shape {
	appearance Appearance {
		material Material {
			diffuseColor 0 1 0
			emissiveColor 0 1 0
		}
	}
	geometry IndexedLineSet {
		coord Coordinate {
			point [
				-13.2762 -17.7242 -0.0944454,
				-8.79134 -12.4483 8.84141,
				-0.681431 -2.9079 25,
				237.719 277.542 500,
			]
		}
		coordIndex [
			0, 1, 2, 3, -1
		]
	}
}
#---------- POLYLINE
Shape {
	appearance Appearance {
		material Material {
			diffuseColor 0 1 0
			emissiveColor 0 1 0
		}
	}
	geometry IndexedLineSet {
		coord Coordinate {
			point [
				-13.2762 -17.7242 -0.0944454,
				-14.5938 -19.2742 -2.71962,
				-25.7762 -32.429 -25,
				-264.176 -312.879 -500,
			]
		}
		coordIndex [
			0, 1, 2, 3, -1
		]
	}
}
#---------- POLYLINE
Shape {
	appearance Appearance {
		material Material {
			diffuseColor 0.5 0.5 0.5
			emissiveColor 0.5 0.5 0.5
		}
	}
	geometry IndexedLineSet {
		coord Coordinate {
			point [
				-13.5673 -17.4926 -0.230872,
				-13.983 -20.3226 -0.560753,
				-17.8576 -46.7023 -3.63573,
				-84.4371 -500 -56.4747,
			]
		}
		coordIndex [
			0, 1, 2, 3, -1
		]
	}
}
#---------- POLYLINE
Shape {
	appearance Appearance {
		material Material {
			diffuseColor 0.5 0.5 0.5
			emissiveColor 0.5 0.5 0.5
		}
	}
	geometry IndexedLineSet {
		coord Coordinate {
			point [
				-13.5673 -17.4926 -0.230872,
				-13.5673 -17.4926 -0.230871,
			]
		}
		coordIndex [
			0, 1, -1
		]
	}
}
#---------- POLYLINE
Shape {
	appearance Appearance {
		material Material {
			diffuseColor 0.5 0.5 0.5
			emissiveColor 0.5 0.5 0.5
		}
	}
	geometry IndexedLineSet {
		coord Coordinate {
			point [
				-11.0281 -14.7674 7.31998,
			]
		}
		coordIndex [
			0, -1
		]
	}
}
#---------- POLYLINE
Shape {
	appearance Appearance {
		material Material {
			diffuseColor 0 0 1
			emissiveColor 0 0 1
		}
	}
	geometry IndexedLineSet {
		coord Coordinate {
			point [
				-11.0281 -14.7674 7.31998,
				-11.1162 -14.7573 7.1787,
				-11.0764 -14.862 7.09199,
				-10.9985 -14.9128 7.02557,
				-10.9158 -14.8946 6.98041,
				-10.8444 -14.8723 6.94696,
				-10.7938 -14.846 6.90469,
				-10.79 -14.7906 6.87812,
				-10.8139 -14.7599 6.8437,
				-10.8264 -14.727 6.82184,
				-10.8316 -14.7481 6.80016,
				-10.8341 -14.7659 6.78149,
				-10.8317 -14.7772 6.76315,
				-10.838 -14.7742 6.761,
				-10.838 -14.7742 6.76094,
			]
		}
		coordIndex [
			0, 1, 2, 3, 4, 5, 6, 7, 8, 9, 
			10, 11, 12, 13, 14, -1
		]
	}
}
#---------- POLYLINE
Shape {
	appearance Appearance {
		material Material {
			diffuseColor 0 1 0
			emissiveColor 0 1 0
		}
	}
	geometry IndexedLineSet {
		coord Coordinate {
			point [
				-10.838 -14.7742 6.76094,
				-13.2604 -13.5092 5.28828,
				-38.6595 -0.246168 -10.1529,
				-38.3344 9.32462 25,
				-33.9414 138.649 500,
			]
		}
		coordIndex [
			0, 1, 2, 3, 4, -1
		]
	}
}
#---------- POLYLINE
Shape {
	appearance Appearance {
		material Material {
			diffuseColor 0 1 0
			emissiveColor 0 1 0
		}
	}
	geometry IndexedLineSet {
		coord Coordinate {
			point [
				-10.838 -14.7742 6.76094,
				-5.02599 -17.8091 10.2943,
				-4.04699 -18.3203 10.8895,
				8.27049 -21.9914 11.5757,
				8.87909 -22.1727 11.6096,
				39.0899 -31.1766 13.2928,
				500 -168.543 38.9722,
			]
		}
		coordIndex [
			0, 1, 2, 3, 4, 5, 6, -1
		]
	}
}
#---------- POLYLINE
Shape {
	appearance Appearance {
		material Material {
			diffuseColor 0.5 0.5 0.5
			emissiveColor 0.5 0.5 0.5
		}
	}
	geometry IndexedLineSet {
		coord Coordinate {
			point [
				-11.0281 -14.7674 7.31998,
				-7.96363 -21.8665 1.67253,
				4.10791 -49.831 -20.5737,
				198.435 -500 -378.691,
			]
		}
		coordIndex [
			0, 1, 2, 3, -1
		]
	}
}
#---------- POLYLINE
Shape {
	appearance Appearance {
		material Material {
			diffuseColor 0.5 0.5 0.5
			emissiveColor 0.5 0.5 0.5
		}
	}
	geometry IndexedLineSet {
		coord Coordinate {
			point [
				-11.0281 -14.7674 7.31998,
				-11.0281 -14.7674 7.31999,
			]
		}
		coordIndex [
			0, 1, -1
		]
	}
}
#---------- POLYLINE
Shape {
	appearance Appearance {
		material Material {
			diffuseColor 0.5 0.5 0.5
			emissiveColor 0.5 0.5 0.5
		}
	}
	geometry IndexedLineSet {
		coord Coordinate {
			point [
				-13.9908 -17.0664 12.3558,
			]
		}
		coordIndex [
			0, -1
		]
	}
}
#---------- POLYLINE
Shape {
	appearance Appearance {
		material Material {
			diffuseColor 0 0 1
			emissiveColor 0 0 1
		}
	}
	geometry IndexedLineSet {
		coord Coordinate {
			point [
				-13.9908 -17.0664 12.3558,
				-13.9577 -16.9866 12.3513,
				-13.9157 -16.956 12.4153,
				-13.9312 -16.9217 12.4748,
				-13.9765 -16.9208 12.5139,
				-14.0193 -16.9388 12.5212,
				-14.0533 -16.96 12.5157,
				-14.0796 -16.9798 12.5076,
				-14.1049 -16.9875 12.5,
				-14.0871 -16.9986 12.4888,
				-14.0913 -16.9941 12.4742,
				-14.0917 -16.9936 12.4736,
			]
		}
		coordIndex [
			0, 1, 2, 3, 4, 5, 6, 7, 8, 9, 
			10, 11, -1
		]
	}
}
#---------- POLYLINE
Shape {
	appearance Appearance {
		material Material {
			diffuseColor 0 1 0
			emissiveColor 0 1 0
		}
	}
	geometry IndexedLineSet {
		coord Coordinate {
			point [
				-14.0917 -16.9936 12.4736,
				-14.3987 -14.9227 10.6064,
				-16.1397 -3.17778 0.0169697,
				-17.2276 4.161 -6.59984,
				-20.2529 24.5688 -25,
				-90.7305 500 -453.659,
			]
		}
		coordIndex [
			0, 1, 2, 3, 4, 5, -1
		]
	}
}
#---------- POLYLINE
Shape {
	appearance Appearance {
		material Material {
			diffuseColor 0 1 0
			emissiveColor 0 1 0
		}
	}
	geometry IndexedLineSet {
		coord Coordinate {
			point [
				-14.0917 -16.9936 12.4736,
				-13.5198 -20.8512 15.9517,
				-12.0322 -30.8868 25,
				57.5089 -500 447.963,
			]
		}
		coordIndex [
			0, 1, 2, 3, -1
		]
	}
}
#---------- POLYLINE
Shape {
	appearance Appearance {
		material Material {
			diffuseColor 0 1 0
			emissiveColor 0 1 0
		}
	}
	geometry IndexedLineSet {
		coord Coordinate {
			point [
				-13.9577 -16.9866 12.3513,
				-9.73252 -12.3072 11.2195,
				-2.51965 -4.31872 9.28742,
				4.03986 2.94611 7.53032,
				24.8471 25.9907 1.95667,
				12.4116 10.2931 3.33843,
				7.98987 11.663 9.52197,
				-21.06 -7.63902 21.5012,
			]
		}
		coordIndex [
			0, 1, 2, 3, 4, 5, 6, 7, -1
		]
	}
}
#---------- POLYLINE
Shape {
	appearance Appearance {
		material Material {
			diffuseColor 0.5 0.5 0.5
			emissiveColor 0.5 0.5 0.5
		}
	}
	geometry IndexedLineSet {
		coord Coordinate {
			point [
				-13.9908 -17.0664 12.3558,
				-14.9676 -17.868 13.2979,
				-27.1012 -27.8255 25,
				-500 -415.914 481.084,
			]
		}
		coordIndex [
			0, 1, 2, 3, -1
		]
	}
}
#---------- POLYLINE
Shape {
	appearance Appearance {
		material Material {
			diffuseColor 0.5 0.5 0.5
			emissiveColor 0.5 0.5 0.5
		}
	}
	geometry IndexedLineSet {
		coord Coordinate {
			point [
				-13.9908 -17.0664 12.3558,
				-13.9908 -17.0664 12.3558,
			]
		}
		coordIndex [
			0, 1, -1
		]
	}
}
#---------- POLYLINE
Shape {
	appearance Appearance {
		material Material {
			diffuseColor 0.5 0.5 0.5
			emissiveColor 0.5 0.5 0.5
		}
	}
	geometry IndexedLineSet {
		coord Coordinate {
			point [
				-12.8956 -16.0032 8.68301,
			]
		}
		coordIndex [
			0, -1
		]
	}
}
#---------- POLYLINE
Shape {
	appearance Appearance {
		material Material {
			diffuseColor 0 0 1
			emissiveColor 0 0 1
		}
	}
	geometry IndexedLineSet {
		coord Coordinate {
			point [
				-12.8956 -16.0032 8.68301,
				-12.9679 -15.9552 8.56985,
				-13.0555 -15.8775 8.54383,
				-13.1299 -15.8227 8.52165,
				-13.1714 -15.7618 8.53372,
				-13.2192 -15.7305 8.55692,
				-13.2592 -15.698 8.55179,
				-13.2882 -15.7177 8.55856,
				-13.2772 -15.7213 8.5842,
				-13.2636 -15.7114 8.59628,
				-13.2613 -15.7138 8.60366,
				-13.2611 -15.7139 8.60393,
			]
		}
		coordIndex [
			0, 1, 2, 3, 4, 5, 6, 7, 8, 9, 
			10, 11, -1
		]
	}
}
#---------- POLYLINE
Shape {
	appearance Appearance {
		material Material {
			diffuseColor 0 1 0
			emissiveColor 0 1 0
		}
	}
	geometry IndexedLineSet {
		coord Coordinate {
			point [
				-13.2611 -15.7139 8.60393,
				-5.35496 -15.4497 6.39008,
				5.51673 -15.0863 3.34582,
				14.3255 -14.7919 0.879225,
				37.6476 -14.0125 -5.65138,
				49.277 8.47198 15.0291,
				303.504 500 467.121,
			]
		}
		coordIndex [
			0, 1, 2, 3, 4, 5, 6, -1
		]
	}
}
#---------- POLYLINE
Shape {
	appearance Appearance {
		material Material {
			diffuseColor 0 1 0
			emissiveColor 0 1 0
		}
	}
	geometry IndexedLineSet {
		coord Coordinate {
			point [
				-13.2611 -15.7139 8.60393,
				-14.7582 -15.764 9.02315,
				-47.0773 -16.8441 18.073,
				-500 -31.9815 144.899,
			]
		}
		coordIndex [
			0, 1, 2, 3, -1
		]
	}
}
#---------- POLYLINE
Shape {
	appearance Appearance {
		material Material {
			diffuseColor 0.5 0.5 0.5
			emissiveColor 0.5 0.5 0.5
		}
	}
	geometry IndexedLineSet {
		coord Coordinate {
			point [
				-12.8956 -16.0032 8.68301,
				-10.9055 -12.3827 6.89279,
				-4.82325 -1.31766 1.42148,
				-1.47241 4.77829 -1.59278,
				5.04454 16.6341 -7.45512,
				7.90648 21.8406 -10.0296,
				20.8752 45.4337 -21.6957,
				270.743 500 -246.465,
			]
		}
		coordIndex [
			0, 1, 2, 3, 4, 5, 6, 7, -1
		]
	}
}
#---------- POLYLINE
Shape {
	appearance Appearance {
		material Material {
			diffuseColor 0.5 0.5 0.5
			emissiveColor 0.5 0.5 0.5
		}
	}
	geometry IndexedLineSet {
		coord Coordinate {
			point [
				-12.8956 -16.0032 8.68301,
				-12.8956 -16.0032 8.68302,
			]
		}
		coordIndex [
			0, 1, -1
		]
	}
}
#---------- POLYLINE
Shape {
	appearance Appearance {
		material Material {
			diffuseColor 0.5 0.5 0.5
			emissiveColor 0.5 0.5 0.5
		}
	}
	geometry IndexedLineSet {
		coord Coordinate {
			point [
				-12.7616 -17.0529 8.46641,
			]
		}
		coordIndex [
			0, -1
		]
	}
}
#---------- POLYLINE
Shape {
	appearance Appearance {
		material Material {
			diffuseColor 0 0 1
			emissiveColor 0 0 1
		}
	}
	geometry IndexedLineSet {
		coord Coordinate {
			point [
				-12.7616 -17.0529 8.46641,
				-13.0065 -17.2618 8.29068,
				-12.9471 -17.5286 8.15982,
				-12.8268 -17.7458 8.10554,
				-12.7508 -17.9301 8.05472,
				-12.613 -17.9933 7.97742,
				-12.5525 -18.0717 7.90543,
				-12.497 -18.1422 7.84856,
				-12.439 -18.2012 7.80933,
				-12.3813 -18.2478 7.81594,
				-12.3444 -18.283 7.78147,
				-12.3596 -18.3275 7.77203,
				-12.3888 -18.3521 7.7802,
				-12.4172 -18.3403 7.77149,
				-12.4382 -18.3536 7.77032,
				-12.4499 -18.3556 7.75801,
				-12.4494 -18.3562 7.75705,
			]
		}
		coordIndex [
			0, 1, 2, 3, 4, 5, 6, 7, 8, 9, 
			10, 11, 12, 13, 14, 15, 16, -1
		]
	}
}
#---------- POLYLINE
Shape {
	appearance Appearance {
		material Material {
			diffuseColor 0 1 0
			emissiveColor 0 1 0
		}
	}
	geometry IndexedLineSet {
		coord Coordinate {
			point [
				-12.4494 -18.3562 7.75705,
				-13.9164 -20.4083 8.16266,
				-28.6306 -40.9913 12.2311,
				-356.763 -500 102.958,
			]
		}
		coordIndex [
			0, 1, 2, 3, -1
		]
	}
}
#---------- POLYLINE
Shape {
	appearance Appearance {
		material Material {
			diffuseColor 0 1 0
			emissiveColor 0 1 0
		}
	}
	geometry IndexedLineSet {
		coord Coordinate {
			point [
				-12.4494 -18.3562 7.75705,
				-11.9966 -17.7227 7.63183,
				-6.69982 -13.5438 12.5306,
				6.78239 -2.907 25,
				500 386.218 481.164,
			]
		}
		coordIndex [
			0, 1, 2, 3, 4, -1
		]
	}
}
#---------- POLYLINE
Shape {
	appearance Appearance {
		material Material {
			diffuseColor 0.5 0.5 0.5
			emissiveColor 0.5 0.5 0.5
		}
	}
	geometry IndexedLineSet {
		coord Coordinate {
			point [
				-12.7616 -17.0529 8.46641,
				-7.0271 -13.2798 9.74808,
				15.1807 1.33192 14.7115,
				20.6841 4.95297 15.9415,
				45.3053 21.1526 21.4443,
				500 320.322 123.068,
			]
		}
		coordIndex [
			0, 1, 2, 3, 4, 5, -1
		]
	}
}
#---------- POLYLINE
Shape {
	appearance Appearance {
		material Material {
			diffuseColor 0.5 0.5 0.5
			emissiveColor 0.5 0.5 0.5
		}
	}
	geometry IndexedLineSet {
		coord Coordinate {
			point [
				-12.7616 -17.0529 8.46641,
				-12.7616 -17.0529 8.46642,
			]
		}
		coordIndex [
			0, 1, -1
		]
	}
}
#---------- POLYLINE
Shape {
	appearance Appearance {
		material Material {
			diffuseColor 0.5 0.5 0.5
			emissiveColor 0.5 0.5 0.5
		}
	}
	geometry IndexedLineSet {
		coord Coordinate {
			point [
				-12.0095 -17.1388 17.6305,
			]
		}
		coordIndex [
			0, -1
		]
	}
}
#---------- POLYLINE
Shape {
	appearance Appearance {
		material Material {
			diffuseColor 0 0 1
			emissiveColor 0 0 1
		}
	}
	geometry IndexedLineSet {
		coord Coordinate {
			point [
				-12.0095 -17.1388 17.6305,
				-11.6975 -17.0753 17.4251,
				-11.5462 -17.1982 17.1818,
				-11.3769 -17.3356 17.0249,
				-11.1611 -17.3804 17.0136,
				-11.1189 -17.3447 16.8393,
				-11.1081 -17.2739 16.703,
				-11.0857 -17.235 16.5775,
				-11.1143 -17.1408 16.5304,
				-11.1272 -17.0688 16.4785,
				-11.1562 -17.003 16.4503,
				-11.1511 -16.938 16.4422,
				-11.1261 -16.8863 16.4407,
				-11.1582 -16.852 16.4517,
				-11.1791 -16.8209 16.4619,
				-11.1791 -16.8209 16.4619,
			]
		}
		coordIndex [
			0, 1, 2, 3, 4, 5, 6, 7, 8, 9, 
			10, 11, 12, 13, 14, 15, -1
		]
	}
}
#---------- POLYLINE
Shape {
	appearance Appearance {
		material Material {
			diffuseColor 0 1 0
			emissiveColor 0 1 0
		}
	}
	geometry IndexedLineSet {
		coord Coordinate {
			point [
				-11.1791 -16.8209 16.4619,
				-10.589 -12.3348 17.6994,
				-7.10741 14.1303 25,
				56.8102 500 159.031,
			]
		}
		coordIndex [
			0, 1, 2, 3, -1
		]
	}
}
#---------- POLYLINE
Shape {
	appearance Appearance {
		material Material {
			diffuseColor 0 1 0
			emissiveColor 0 1 0
		}
	}
	geometry IndexedLineSet {
		coord Coordinate {
			point [
				-11.1791 -16.8209 16.4619,
				-11.8531 -21.9439 15.0486,
				-14.4796 -41.9091 9.5411,
				-17.8179 -46.7175 0.980521,
				-213.183 -328.11 -500,
			]
		}
		coordIndex [
			0, 1, 2, 3, 4, -1
		]
	}
}
#---------- POLYLINE
Shape {
	appearance Appearance {
		material Material {
			diffuseColor 0.5 0.5 0.5
			emissiveColor 0.5 0.5 0.5
		}
	}
	geometry IndexedLineSet {
		coord Coordinate {
			point [
				-12.0095 -17.1388 17.6305,
				-14.9464 -18.0303 10.9017,
				-30.6162 -22.7867 -25,
				-237.937 -85.7165 -500,
			]
		}
		coordIndex [
			0, 1, 2, 3, -1
		]
	}
}
#---------- POLYLINE
Shape {
	appearance Appearance {
		material Material {
			diffuseColor 0.5 0.5 0.5
			emissiveColor 0.5 0.5 0.5
		}
	}
	geometry IndexedLineSet {
		coord Coordinate {
			point [
				-12.0095 -17.1388 17.6305,
				-12.0095 -17.1388 17.6305,
			]
		}
		coordIndex [
			0, 1, -1
		]
	}
}
#---------- POLYLINE
Shape {
	appearance Appearance {
		material Material {
			diffuseColor 0.5 0.5 0.5
			emissiveColor 0.5 0.5 0.5
		}
	}
	geometry IndexedLineSet {
		coord Coordinate {
			point [
				-9.22857 -20.185 7.88907,
			]
		}
		coordIndex [
			0, -1
		]
	}
}
#---------- POLYLINE
Shape {
	appearance Appearance {
		material Material {
			diffuseColor 0 0 1
			emissiveColor 0 0 1
		}
	}
	geometry IndexedLineSet {
		coord Coordinate {
			point [
				-9.22857 -20.185 7.88907,
				-9.07683 -20.0989 7.70092,
				-9.01315 -20.1472 7.52685,
				-8.87245 -20.159 7.4413,
			]
		}
		coordIndex [
			0, 1, 2, 3, -1
		]
	}
}
#---------- POLYLINE
Shape {
	appearance Appearance {
		material Material {
			diffuseColor 0 1 0
			emissiveColor 0 1 0
		}
	}
	geometry IndexedLineSet {
		coord Coordinate {
			point [
				-8.87245 -20.159 7.4413,
				-12.8628 -13.2007 4.29001,
				-17.8455 -4.51198 0.355065,
				-22.8061 4.13832 -3.56249,
				-35.7678 26.7407 -13.7987,
				-40.5847 29.2041 -10.4605,
				-500 264.155 307.912,
			]
		}
		coordIndex [
			0, 1, 2, 3, 4, 5, 6, -1
		]
	}
}
#---------- POLYLINE
Shape {
	appearance Appearance {
		material Material {
			diffuseColor 0 1 0
			emissiveColor 0 1 0
		}
	}
	geometry IndexedLineSet {
		coord Coordinate {
			point [
				-8.87245 -20.159 7.4413,
				-7.90775 -21.8412 8.20314,
				7.88186 -49.3749 20.6726,
				266.3 -500 224.752,
			]
		}
		coordIndex [
			0, 1, 2, 3, -1
		]
	}
}
#---------- POLYLINE
Shape {
	appearance Appearance {
		material Material {
			diffuseColor 0.5 0.5 0.5
			emissiveColor 0.5 0.5 0.5
		}
	}
	geometry IndexedLineSet {
		coord Coordinate {
			point [
				-9.22857 -20.185 7.88907,
				-8.98764 -12.4036 1.28026,
				-8.21255 12.6304 -19.9811,
				-8.21186 12.6526 -20,
				-8.02958 18.5398 -25,
				6.87729 500 -433.905,
			]
		}
		coordIndex [
			0, 1, 2, 3, 4, 5, -1
		]
	}
}
#---------- POLYLINE
Shape {
	appearance Appearance {
		material Material {
			diffuseColor 0.5 0.5 0.5
			emissiveColor 0.5 0.5 0.5
		}
	}
	geometry IndexedLineSet {
		coord Coordinate {
			point [
				-9.22857 -20.185 7.88907,
				-9.22858 -20.185 7.88908,
			]
		}
		coordIndex [
			0, 1, -1
		]
	}
}
#---------- POLYLINE
Shape {
	appearance Appearance {
		material Material {
			diffuseColor 0.5 0.5 0.5
			emissiveColor 0.5 0.5 0.5
		}
	}
	geometry IndexedLineSet {
		coord Coordinate {
			point [
				-12.6071 -18.0558 11.5997,
			]
		}
		coordIndex [
			0, -1
		]
	}
}
#---------- POLYLINE
Shape {
	appearance Appearance {
		material Material {
			diffuseColor 0 0 1
			emissiveColor 0 0 1
		}
	}
	geometry IndexedLineSet {
		coord Coordinate {
			point [
				-12.6071 -18.0558 11.5997,
				-12.6993 -18.0267 11.7071,
				-12.7857 -17.9419 11.6831,
				-12.8659 -17.9077 11.6259,
				-12.9169 -17.9037 11.5754,
				-12.9261 -17.8697 11.5231,
				-12.9526 -17.8275 11.5043,
				-12.9854 -17.8179 11.4737,
				-12.9836 -17.8083 11.4377,
				-12.9875 -17.7883 11.4172,
				-12.9979 -17.7708 11.4083,
				-12.9995 -17.7653 11.407,
				-12.9991 -17.7653 11.4073,
			]
		}
		coordIndex [
			0, 1, 2, 3, 4, 5, 6, 7, 8, 9, 
			10, 11, 12, -1
		]
	}
}
#---------- POLYLINE
Shape {
	appearance Appearance {
		material Material {
			diffuseColor 0 1 0
			emissiveColor 0 1 0
		}
	}
	geometry IndexedLineSet {
		coord Coordinate {
			point [
				-12.9991 -17.7653 11.4073,
				-13.7322 -20.6272 12.7467,
				-20.1681 -45.752 24.505,
				-136.527 -500 237.092,
			]
		}
		coordIndex [
			0, 1, 2, 3, -1
		]
	}
}
#---------- POLYLINE
Shape {
	appearance Appearance {
		material Material {
			diffuseColor 0 1 0
			emissiveColor 0 1 0
		}
	}
	geometry IndexedLineSet {
		coord Coordinate {
			point [
				-12.9991 -17.7653 11.4073,
				-11.673 -12.5882 8.98439,
				4.31173 49.8137 -20.2196,
				119.63 500 -230.906,
			]
		}
		coordIndex [
			0, 1, 2, 3, -1
		]
	}
}
#---------- POLYLINE
Shape {
	appearance Appearance {
		material Material {
			diffuseColor 0.5 0.5 0.5
			emissiveColor 0.5 0.5 0.5
		}
	}
	geometry IndexedLineSet {
		coord Coordinate {
			point [
				-12.6071 -18.0558 11.5997,
				-8.39281 -12.5653 4.26669,
				-2.19595 -4.49197 -6.51595,
				3.77156 3.28258 -16.8995,
				8.42698 9.34774 -25,
				281.413 364.998 -500,
			]
		}
		coordIndex [
			0, 1, 2, 3, 4, 5, -1
		]
	}
}
#---------- POLYLINE
Shape {
	appearance Appearance {
		material Material {
			diffuseColor 0.5 0.5 0.5
			emissiveColor 0.5 0.5 0.5
		}
	}
	geometry IndexedLineSet {
		coord Coordinate {
			point [
				-12.6071 -18.0558 11.5997,
				-12.6071 -18.0559 11.5997,
			]
		}
		coordIndex [
			0, 1, -1
		]
	}
}
#---------- POLYLINE
Shape {
	appearance Appearance {
		material Material {
			diffuseColor 0.5 0.5 0.5
			emissiveColor 0.5 0.5 0.5
		}
	}
	geometry IndexedLineSet {
		coord Coordinate {
			point [
				-13.9833 -16.8939 1.1829,
			]
		}
		coordIndex [
			0, -1
		]
	}
}
#---------- POLYLINE
Shape {
	appearance Appearance {
		material Material {
			diffuseColor 0 0 1
			emissiveColor 0 0 1
		}
	}
	geometry IndexedLineSet {
		coord Coordinate {
			point [
				-13.9833 -16.8939 1.1829,
				-14.0265 -16.8056 1.04424,
				-14.1534 -16.7814 0.996611,
				-14.2193 -16.7905 0.90192,
				-14.2812 -16.7964 0.832591,
				-14.3036 -16.8056 0.757763,
				-14.3203 -16.785 0.695881,
				-14.3446 -16.7969 0.644518,
				-14.3734 -16.8099 0.60892,
				-14.4102 -16.8111 0.611506,
				-14.4386 -16.8109 0.624546,
				-14.4508 -16.7953 0.609125,
				-14.4453 -16.7914 0.590782,
				-14.4451 -16.7911 0.590389,
			]
		}
		coordIndex [
			0, 1, 2, 3, 4, 5, 6, 7, 8, 9, 
			10, 11, 12, 13, -1
		]
	}
}
#---------- POLYLINE
Shape {
	appearance Appearance {
		material Material {
			diffuseColor 0 1 0
			emissiveColor 0 1 0
		}
	}
	geometry IndexedLineSet {
		coord Coordinate {
			point [
				-14.4451 -16.7911 0.590389,
				-15 -17.279 1.63326,
				-27.4331 -28.2098 25,
				-280.174 -250.412 500,
			]
		}
		coordIndex [
			0, 1, 2, 3, -1
		]
	}
}
#---------- POLYLINE
Shape {
	appearance Appearance {
		material Material {
			diffuseColor 0 1 0
			emissiveColor 0 1 0
		}
	}
	geometry IndexedLineSet {
		coord Coordinate {
			point [
				-14.4451 -16.7911 0.590389,
				-9.38052 -12.3385 -8.92788,
				-4.90178 -8.40095 -17.3452,
				-7.1732 2.81239 -25,
				-107.885 500 -364.406,
			]
		}
		coordIndex [
			0, 1, 2, 3, 4, -1
		]
	}
}
#---------- POLYLINE
Shape {
	appearance Appearance {
		material Material {
			diffuseColor 0.5 0.5 0.5
			emissiveColor 0.5 0.5 0.5
		}
	}
	geometry IndexedLineSet {
		coord Coordinate {
			point [
				-13.9833 -16.8939 1.1829,
				-13.3657 -20.9976 1.36044,
				-9.12741 -49.1598 2.57883,
				58.722 -500 22.0835,
			]
		}
		coordIndex [
			0, 1, 2, 3, -1
		]
	}
}
#---------- POLYLINE
Shape {
	appearance Appearance {
		material Material {
			diffuseColor 0.5 0.5 0.5
			emissiveColor 0.5 0.5 0.5
		}
	}
	geometry IndexedLineSet {
		coord Coordinate {
			point [
				-13.9833 -16.8939 1.1829,
				-13.9833 -16.8939 1.18291,
			]
		}
		coordIndex [
			0, 1, -1
		]
	}
}
#---------- POLYLINE
Shape {
	appearance Appearance {
		material Material {
			diffuseColor 0.5 0.5 0.5
			emissiveColor 0.5 0.5 0.5
		}
	}
	geometry IndexedLineSet {
		coord Coordinate {
			point [
				-14.0148 -16.8647 12.3074,
			]
		}
		coordIndex [
			0, -1
		]
	}
}
#---------- POLYLINE
Shape {
	appearance Appearance {
		material Material {
			diffuseColor 0 0 1
			emissiveColor 0 0 1
		}
	}
	geometry IndexedLineSet {
		coord Coordinate {
			point [
				-14.0148 -16.8647 12.3074,
				-14.019 -16.8528 12.2347,
				-14.0241 -16.8202 12.1812,
				-14.0522 -16.8068 12.1399,
				-14.0688 -16.843 12.125,
				-14.0888 -16.8642 12.1178,
				-14.0973 -16.8755 12.1029,
				-14.1048 -16.8789 12.1058,
				-14.1049 -16.8795 12.1057,
			]
		}
		coordIndex [
			0, 1, 2, 3, 4, 5, 6, 7, 8, -1
		]
	}
}
#---------- POLYLINE
Shape {
	appearance Appearance {
		material Material {
			diffuseColor 0 1 0
			emissiveColor 0 1 0
		}
	}
	geometry IndexedLineSet {
		coord Coordinate {
			point [
				-14.1049 -16.8795 12.1057,
				-14.9704 -16.7566 12.9809,
				-26.8573 -15.068 25,
				-496.633 51.6662 500,
			]
		}
		coordIndex [
			0, 1, 2, 3, -1
		]
	}
}
#---------- POLYLINE
Shape {
	appearance Appearance {
		material Material {
			diffuseColor 0 1 0
			emissiveColor 0 1 0
		}
	}
	geometry IndexedLineSet {
		coord Coordinate {
			point [
				-14.1049 -16.8795 12.1057,
				-5.07492 -18.1623 2.97537,
				5.60226 -19.679 -7.82053,
				13.5612 -20.8097 -15.868,
				22.5928 -22.0926 -25,
				492.369 -88.8269 -500,
			]
		}
		coordIndex [
			0, 1, 2, 3, 4, 5, -1
		]
	}
}
#---------- POLYLINE
Shape {
	appearance Appearance {
		material Material {
			diffuseColor 0.5 0.5 0.5
			emissiveColor 0.5 0.5 0.5
		}
	}
	geometry IndexedLineSet {
		coord Coordinate {
			point [
				-14.0148 -16.8647 12.3074,
				-9.76606 -12.3055 9.69547,
				-2.3909 -4.39131 5.16149,
				4.21204 2.6942 1.10224,
				34.9878 35.7191 -17.8176,
				467.648 500 -283.802,
			]
		}
		coordIndex [
			0, 1, 2, 3, 4, 5, -1
		]
	}
}
#---------- POLYLINE
Shape {
	appearance Appearance {
		material Material {
			diffuseColor 0.5 0.5 0.5
			emissiveColor 0.5 0.5 0.5
		}
	}
	geometry IndexedLineSet {
		coord Coordinate {
			point [
				-14.0148 -16.8647 12.3074,
				-14.0148 -16.8647 12.3074,
			]
		}
		coordIndex [
			0, 1, -1
		]
	}
}
#---------- POLYLINE
Shape {
	appearance Appearance {
		material Material {
			diffuseColor 0.5 0.5 0.5
			emissiveColor 0.5 0.5 0.5
		}
	}
	geometry IndexedLineSet {
		coord Coordinate {
			point [
				-13.9433 -15.8004 18.4407,
			]
		}
		coordIndex [
			0, -1
		]
	}
}
#---------- POLYLINE
Shape {
	appearance Appearance {
		material Material {
			diffuseColor 0 0 1
			emissiveColor 0 0 1
		}
	}
	geometry IndexedLineSet {
		coord Coordinate {
			point [
				-13.9433 -15.8004 18.4407,
				-13.7894 -15.8324 18.3771,
				-13.7721 -15.921 18.2668,
				-13.8336 -16.0199 18.2277,
				-13.8714 -16.0117 18.3225,
				-13.8812 -15.9801 18.4026,
				-13.876 -15.9357 18.4581,
				-13.8656 -15.9205 18.4792,
				-13.862 -15.8968 18.4791,
				-13.859 -15.8802 18.4872,
				-13.8561 -15.881 18.4865,
				-13.8564 -15.8809 18.4864,
			]
		}
		coordIndex [
			0, 1, 2, 3, 4, 5, 6, 7, 8, 9, 
			10, 11, -1
		]
	}
}
#---------- POLYLINE
Shape {
	appearance Appearance {
		material Material {
			diffuseColor 0 1 0
			emissiveColor 0 1 0
		}
	}
	geometry IndexedLineSet {
		coord Coordinate {
			point [
				-13.8564 -15.8809 18.4864,
				-12.6338 -13.0499 19.3934,
				-5.07712 4.44815 25,
				208.93 500 183.78,
			]
		}
		coordIndex [
			0, 1, 2, 3, -1
		]
	}
}
#---------- POLYLINE
Shape {
	appearance Appearance {
		material Material {
			diffuseColor 0 1 0
			emissiveColor 0 1 0
		}
	}
	geometry IndexedLineSet {
		coord Coordinate {
			point [
				-13.8564 -15.8809 18.4864,
				-14.8996 -18.2967 17.7123,
				-25.557 -42.9749 9.80517,
				-222.926 -500 -136.631,
			]
		}
		coordIndex [
			0, 1, 2, 3, -1
		]
	}
}
#---------- POLYLINE
Shape {
	appearance Appearance {
		material Material {
			diffuseColor 0.5 0.5 0.5
			emissiveColor 0.5 0.5 0.5
		}
	}
	geometry IndexedLineSet {
		coord Coordinate {
			point [
				-13.9433 -15.8004 18.4407,
				-14.7892 -15.8636 18.5317,
				-46.5552 -18.2376 21.9497,
				-500 -52.1253 70.7398,
			]
		}
		coordIndex [
			0, 1, 2, 3, -1
		]
	}
}
#---------- POLYLINE
Shape {
	appearance Appearance {
		material Material {
			diffuseColor 0.5 0.5 0.5
			emissiveColor 0.5 0.5 0.5
		}
	}
	geometry IndexedLineSet {
		coord Coordinate {
			point [
				-13.9433 -15.8004 18.4407,
				-13.9434 -15.8004 18.4407,
			]
		}
		coordIndex [
			0, 1, -1
		]
	}
}
#---------- POLYLINE
Shape {
	appearance Appearance {
		material Material {
			diffuseColor 0.5 0.5 0.5
			emissiveColor 0.5 0.5 0.5
		}
	}
	geometry IndexedLineSet {
		coord Coordinate {
			point [
				-13.1574 -15.816 1.08426,
			]
		}
		coordIndex [
			0, -1
		]
	}
}
#---------- POLYLINE
Shape {
	appearance Appearance {
		material Material {
			diffuseColor 0 0 1
			emissiveColor 0 0 1
		}
	}
	geometry IndexedLineSet {
		coord Coordinate {
			point [
				-13.1574 -15.816 1.08426,
				-13.1225 -15.9205 1.20859,
				-13.1381 -15.9722 1.31782,
				-13.1183 -16.0107 1.39048,
				-13.069 -16.0307 1.4327,
				-13.0513 -16.0447 1.48556,
				-13.036 -16.0661 1.52601,
				-13.0064 -16.0914 1.53614,
				-12.9821 -16.0973 1.51626,
				-12.9604 -16.102 1.50308,
				-12.9604 -16.102 1.50308,
			]
		}
		coordIndex [
			0, 1, 2, 3, 4, 5, 6, 7, 8, 9, 
			10, -1
		]
	}
}
#---------- POLYLINE
Shape {
	appearance Appearance {
		material Material {
			diffuseColor 0 1 0
			emissiveColor 0 1 0
		}
	}
	geometry IndexedLineSet {
		coord Coordinate {
			point [
				-12.9604 -16.102 1.50308,
				-9.98013 -12.3 1.59514,
				-3.28994 -3.76514 1.80181,
				2.8705 4.09392 1.99212,
				5.93642 8.00521 2.08683,
				29.9036 19.8288 8.00728,
				15.8598 -47.418 13.0506,
				-78.6572 -500 46.9928,
			]
		}
		coordIndex [
			0, 1, 2, 3, 4, 5, 6, 7, -1
		]
	}
}
#---------- POLYLINE
Shape {
	appearance Appearance {
		material Material {
			diffuseColor 0 1 0
			emissiveColor 0 1 0
		}
	}
	geometry IndexedLineSet {
		coord Coordinate {
			point [
				-12.9604 -16.102 1.50308,
				-14.8505 -18.5134 1.44469,
				-23.491 -29.5362 1.17777,
				-33.5246 -37.0959 8.74644,
				-500 -388.554 360.623,
			]
		}
		coordIndex [
			0, 1, 2, 3, 4, -1
		]
	}
}
#---------- POLYLINE
Shape {
	appearance Appearance {
		material Material {
			diffuseColor 0.5 0.5 0.5
			emissiveColor 0.5 0.5 0.5
		}
	}
	geometry IndexedLineSet {
		coord Coordinate {
			point [
				-13.1574 -15.816 1.08426,
				-13.0388 -13.3294 3.9251,
				-12.1596 5.11693 25,
				7.65682 420.873 500,
			]
		}
		coordIndex [
			0, 1, 2, 3, -1
		]
	}
}
#---------- POLYLINE
Shape {
	appearance Appearance {
		material Material {
			diffuseColor 0.5 0.5 0.5
			emissiveColor 0.5 0.5 0.5
		}
	}
	geometry IndexedLineSet {
		coord Coordinate {
			point [
				-13.1574 -15.816 1.08426,
				-13.1574 -15.816 1.08424,
			]
		}
		coordIndex [
			0, 1, -1
		]
	}
}
#---------- POLYLINE
Shape {
	appearance Appearance {
		material Material {
			diffuseColor 0.5 0.5 0.5
			emissiveColor 0.5 0.5 0.5
		}
	}
	geometry IndexedLineSet {
		coord Coordinate {
			point [
				-11.214 -14.2249 6.09828,
			]
		}
		coordIndex [
			0, -1
		]
	}
}
#---------- POLYLINE
Shape {
	appearance Appearance {
		material Material {
			diffuseColor 0 0 1
			emissiveColor 0 0 1
		}
	}
	geometry IndexedLineSet {
		coord Coordinate {
			point [
				-11.214 -14.2249 6.09828,
				-11.2246 -14.1328 5.97675,
				-11.2011 -14.1217 5.89805,
				-11.193 -14.1376 5.83041,
				-11.2303 -14.1444 5.78222,
				-11.231 -14.1795 5.74238,
				-11.2697 -14.1704 5.73066,
				-11.2994 -14.1857 5.72117,
				-11.3208 -14.2005 5.71169,
				-11.3339 -14.2159 5.71234,
				-11.3385 -14.2168 5.7128,
				-11.3388 -14.2166 5.71303,
			]
		}
		coordIndex [
			0, 1, 2, 3, 4, 5, 6, 7, 8, 9, 
			10, 11, -1
		]
	}
}
#---------- POLYLINE
Shape {
	appearance Appearance {
		material Material {
			diffuseColor 0 1 0
			emissiveColor 0 1 0
		}
	}
	geometry IndexedLineSet {
		coord Coordinate {
			point [
				-11.3388 -14.2166 5.71303,
				-11.6227 -14.1374 5.52096,
				-13.483 -13.7127 5.98351,
				-49.7029 -5.44263 14.9897,
				-500 97.3732 126.957,
			]
		}
		coordIndex [
			0, 1, 2, 3, 4, -1
		]
	}
}
#---------- POLYLINE
Shape {
	appearance Appearance {
		material Material {
			diffuseColor 0 1 0
			emissiveColor 0 1 0
		}
	}
	geometry IndexedLineSet {
		coord Coordinate {
			point [
				-11.3388 -14.2166 5.71303,
				-5.19123 -15.9304 9.87122,
				5.24283 -18.8393 16.9288,
				9.78332 -20.1051 20,
				17.1754 -22.1658 25,
				500 -156.769 351.582,
			]
		}
		coordIndex [
			0, 1, 2, 3, 4, 5, -1
		]
	}
}
#---------- POLYLINE
Shape {
	appearance Appearance {
		material Material {
			diffuseColor 0.5 0.5 0.5
			emissiveColor 0.5 0.5 0.5
		}
	}
	geometry IndexedLineSet {
		coord Coordinate {
			point [
				-11.214 -14.2249 6.09828,
				-14.2207 -14.6194 6.32787,
				-46.3183 -18.8311 8.77885,
				-500 -78.3617 43.4221,
			]
		}
		coordIndex [
			0, 1, 2, 3, -1
		]
	}
}
#---------- POLYLINE
Shape {
	appearance Appearance {
		material Material {
			diffuseColor 0.5 0.5 0.5
			emissiveColor 0.5 0.5 0.5
		}
	}
	geometry IndexedLineSet {
		coord Coordinate {
			point [
				-11.214 -14.2249 6.09828,
				-11.214 -14.2249 6.09829,
			]
		}
		coordIndex [
			0, 1, -1
		]
	}
}
#---------- POLYLINE
Shape {
	appearance Appearance {
		material Material {
			diffuseColor 0.5 0.5 0.5
			emissiveColor 0.5 0.5 0.5
		}
	}
	geometry IndexedLineSet {
		coord Coordinate {
			point [
				-12.1904 -13.9083 2.38544,
			]
		}
		coordIndex [
			0, -1
		]
	}
}
#---------- POLYLINE
Shape {
	appearance Appearance {
		material Material {
			diffuseColor 0 0 1
			emissiveColor 0 0 1
		}
	}
	geometry IndexedLineSet {
		coord Coordinate {
			point [
				-12.1904 -13.9083 2.38544,
				-12.2697 -13.9156 2.45268,
				-12.3217 -13.9297 2.53595,
				-12.357 -13.9543 2.6164,
				-12.385 -13.9569 2.69782,
				-12.4056 -13.9556 2.77706,
				-12.4598 -13.9574 2.94952,
				-12.5893 -13.9421 3.0346,
				-12.6659 -13.8791 3.11948,
				-12.77 -13.8455 3.12525,
				-12.8382 -13.8048 3.15412,
				-12.8932 -13.7673 3.18147,
				-12.9308 -13.7534 3.22358,
				-12.9707 -13.7373 3.24835,
				-13.0115 -13.7399 3.24498,
				-13.0428 -13.7529 3.24343,
				-13.0695 -13.7521 3.23601,
				-13.0893 -13.754 3.22954,
				-13.0968 -13.7528 3.22579,
				-13.0967 -13.7528 3.22585,
			]
		}
		coordIndex [
			0, 1, 2, 3, 4, 5, 6, 7, 8, 9, 
			10, 11, 12, 13, 14, 15, 16, 17, 18, 19, -1
		]
	}
}
#---------- POLYLINE
Shape {
	appearance Appearance {
		material Material {
			diffuseColor 0 1 0
			emissiveColor 0 1 0
		}
	}
	geometry IndexedLineSet {
		coord Coordinate {
			point [
				-13.0967 -13.7528 3.22585,
				-13.9655 -14.2546 3.61609,
				-40.3681 -29.5028 15.4749,
				-500 -294.954 221.92,
			]
		}
		coordIndex [
			0, 1, 2, 3, -1
		]
	}
}
#---------- POLYLINE
Shape {
	appearance Appearance {
		material Material {
			diffuseColor 0 1 0
			emissiveColor 0 1 0
		}
	}
	geometry IndexedLineSet {
		coord Coordinate {
			point [
				-13.0967 -13.7528 3.22585,
				-10.656 -12.3432 2.12958,
				16.071 3.09238 -9.87493,
				17.3931 3.85593 -10.4688,
				18.3649 4.72508 -11.4187,
				32.2588 17.1515 -25,
				500 435.489 -482.218,
			]
		}
		coordIndex [
			0, 1, 2, 3, 4, 5, 6, -1
		]
	}
}
#---------- POLYLINE
Shape {
	appearance Appearance {
		material Material {
			diffuseColor 0.5 0.5 0.5
			emissiveColor 0.5 0.5 0.5
		}
	}
	geometry IndexedLineSet {
		coord Coordinate {
			point [
				-12.1904 -13.9083 2.38544,
				-11.6285 -12.5726 3.71203,
				-2.61034 8.86189 25,
				198.612 487.132 500,
			]
		}
		coordIndex [
			0, 1, 2, 3, -1
		]
	}
}
#---------- POLYLINE
Shape {
	appearance Appearance {
		material Material {
			diffuseColor 0.5 0.5 0.5
			emissiveColor 0.5 0.5 0.5
		}
	}
	geometry IndexedLineSet {
		coord Coordinate {
			point [
				-12.1904 -13.9083 2.38544,
				-12.1904 -13.9083 2.38543,
			]
		}
		coordIndex [
			0, 1, -1
		]
	}
}
#---------- POLYLINE
Shape {
	appearance Appearance {
		material Material {
			diffuseColor 0.5 0.5 0.5
			emissiveColor 0.5 0.5 0.5
		}
	}
	geometry IndexedLineSet {
		coord Coordinate {
			point [
				-9.40082 -19.7897 -12.4461,
			]
		}
		coordIndex [
			0, -1
		]
	}
}
#---------- POLYLINE
Shape {
	appearance Appearance {
		material Material {
			diffuseColor 0 0 1
			emissiveColor 0 0 1
		}
	}
	geometry IndexedLineSet {
		coord Coordinate {
			point [
				-9.40082 -19.7897 -12.4461,
				-9.22078 -19.6609 -12.8299,
				-9.25928 -19.6373 -13.1945,
				-9.23045 -19.7308 -13.4716,
				-9.35408 -19.7949 -13.6482,
				-9.38379 -19.8938 -13.8058,
				-9.39522 -19.9986 -13.9166,
				-9.38856 -20.1045 -13.9936,
				-9.39303 -20.1403 -14.0056,
				-9.39767 -20.1532 -14.0339,
				-9.37933 -20.1543 -14.0503,
				-9.39017 -20.1715 -14.051,
				-9.39032 -20.1712 -14.0514,
			]
		}
		coordIndex [
			0, 1, 2, 3, 4, 5, 6, 7, 8, 9, 
			10, 11, 12, -1
		]
	}
}
#---------- POLYLINE
Shape {
	appearance Appearance {
		material Material {
			diffuseColor 0 1 0
			emissiveColor 0 1 0
		}
	}
	geometry IndexedLineSet {
		coord Coordinate {
			point [
				-9.39032 -20.1712 -14.0514,
				-10.4016 -12.3162 -6.68179,
				-13.7954 14.045 18.0503,
				-14.063 16.1231 20,
				-14.7491 21.4525 25,
				-76.3588 500 473.974,
			]
		}
		coordIndex [
			0, 1, 2, 3, 4, 5, -1
		]
	}
}
#---------- POLYLINE
Shape {
	appearance Appearance {
		material Material {
			diffuseColor 0 1 0
			emissiveColor 0 1 0
		}
	}
	geometry IndexedLineSet {
		coord Coordinate {
			point [
				-9.39032 -20.1712 -14.0514,
				-9.12616 -22.223 -15.9765,
				-7.88792 -31.841 -25,
				52.3844 -500 -464.228,
			]
		}
		coordIndex [
			0, 1, 2, 3, -1
		]
	}
}
#---------- POLYLINE
Shape {
	appearance Appearance {
		material Material {
			diffuseColor 0.5 0.5 0.5
			emissiveColor 0.5 0.5 0.5
		}
	}
	geometry IndexedLineSet {
		coord Coordinate {
			point [
				-9.40082 -19.7897 -12.4461,
				-11.5597 -20.055 -20,
				-12.9886 -20.2306 -25,
				-148.741 -36.9119 -500,
			]
		}
		coordIndex [
			0, 1, 2, 3, -1
		]
	}
}
#---------- POLYLINE
Shape {
	appearance Appearance {
		material Material {
			diffuseColor 0.5 0.5 0.5
			emissiveColor 0.5 0.5 0.5
		}
	}
	geometry IndexedLineSet {
		coord Coordinate {
			point [
				-9.40082 -19.7897 -12.4461,
				-9.40082 -19.7897 -12.4461,
			]
		}
		coordIndex [
			0, 1, -1
		]
	}
}
#---------- POLYLINE
Shape {
	appearance Appearance {
		material Material {
			diffuseColor 0.5 0.5 0.5
			emissiveColor 0.5 0.5 0.5
		}
	}
	geometry IndexedLineSet {
		coord Coordinate {
			point [
				-12.4941 -18.1797 11.8899,
			]
		}
		coordIndex [
			0, -1
		]
	}
}
#---------- POLYLINE
Shape {
	appearance Appearance {
		material Material {
			diffuseColor 0 0 1
			emissiveColor 0 0 1
		}
	}
	geometry IndexedLineSet {
		coord Coordinate {
			point [
				-12.4941 -18.1797 11.8899,
				-12.5294 -18.1697 11.8775,
				-12.5595 -18.1587 11.8664,
				-12.5586 -18.1313 11.8763,
				-12.5501 -18.1133 11.865,
				-12.5476 -18.1135 11.8778,
				-12.5471 -18.1137 11.8784,
			]
		}
		coordIndex [
			0, 1, 2, 3, 4, 5, 6, -1
		]
	}
}
#---------- POLYLINE
Shape {
	appearance Appearance {
		material Material {
			diffuseColor 0 1 0
			emissiveColor 0 1 0
		}
	}
	geometry IndexedLineSet {
		coord Coordinate {
			point [
				-12.5471 -18.1137 11.8784,
				-11.6465 -16.1368 18.0885,
				-10.9633 -13.5711 20,
				-9.17592 -6.8597 25,
				125.807 500 402.612,
			]
		}
		coordIndex [
			0, 1, 2, 3, 4, -1
		]
	}
}
#---------- POLYLINE
Shape {
	appearance Appearance {
		material Material {
			diffuseColor 0 1 0
			emissiveColor 0 1 0
		}
	}
	geometry IndexedLineSet {
		coord Coordinate {
			point [
				-12.5471 -18.1137 11.8784,
				-13.7056 -20.6568 3.88953,
				-17.8951 -29.8533 -25,
				-86.7782 -181.061 -500,
			]
		}
		coordIndex [
			0, 1, 2, 3, -1
		]
	}
}
#---------- POLYLINE
Shape {
	appearance Appearance {
		material Material {
			diffuseColor 0.5 0.5 0.5
			emissiveColor 0.5 0.5 0.5
		}
	}
	geometry IndexedLineSet {
		coord Coordinate {
			point [
				-12.4941 -18.1797 11.8899,
				-5.41633 -15.3025 11.8045,
				19.9287 -4.99949 11.4987,
				23.5393 -3.53174 11.4552,
				49.5043 7.02329 11.1419,
				500 190.155 5.70741,
			]
		}
		coordIndex [
			0, 1, 2, 3, 4, 5, -1
		]
	}
}
#---------- POLYLINE
Shape {
	appearance Appearance {
		material Material {
			diffuseColor 0.5 0.5 0.5
			emissiveColor 0.5 0.5 0.5
		}
	}
	geometry IndexedLineSet {
		coord Coordinate {
			point [
				-12.4941 -18.1797 11.8899,
				-12.4941 -18.1797 11.8899,
			]
		}
		coordIndex [
			0, 1, -1
		]
	}
}
#---------- POLYLINE
Shape {
	appearance Appearance {
		material Material {
			diffuseColor 0.5 0.5 0.5
			emissiveColor 0.5 0.5 0.5
		}
	}
	geometry IndexedLineSet {
		coord Coordinate {
			point [
				-13.3634 -14.1457 -13.4715,
			]
		}
		coordIndex [
			0, -1
		]
	}
}
#---------- POLYLINE
Shape {
	appearance Appearance {
		material Material {
			diffuseColor 0 0 1
			emissiveColor 0 0 1
		}
	}
	geometry IndexedLineSet {
		coord Coordinate {
			point [
				-13.3634 -14.1457 -13.4715,
				-13.3884 -14.0732 -13.4403,
				-13.4065 -14.001 -13.417,
				-13.4284 -13.941 -13.4008,
				-13.4596 -13.8902 -13.4029,
				-13.4984 -13.8481 -13.4116,
				-13.5341 -13.8067 -13.4239,
				-13.554 -13.7852 -13.4332,
				-13.5546 -13.7846 -13.4335,
				-13.5551 -13.7841 -13.4337,
				-13.5553 -13.7839 -13.4338,
				-13.5554 -13.7838 -13.4339,
				-13.556 -13.7831 -13.4342,
				-13.5564 -13.7827 -13.4344,
				-13.5576 -13.7813 -13.4349,
				-13.5601 -13.7786 -13.4359,
				-13.5651 -13.7735 -13.4379,
				-13.5746 -13.7633 -13.4422,
				-13.5919 -13.7434 -13.4527,
				-13.6043 -13.712 -13.4617,
				-13.619 -13.6807 -13.4582,
				-13.6321 -13.6506 -13.4592,
				-13.6364 -13.6246 -13.4751,
				-13.6331 -13.6004 -13.4898,
				-13.6321 -13.5776 -13.5005,
				-13.6362 -13.5577 -13.5114,
				-13.6428 -13.538 -13.518,
				-13.6503 -13.5246 -13.5312,
				-13.6706 -13.4849 -13.5761,
				-13.6793 -13.4422 -13.5674,
				-13.6884 -13.4158 -13.5441,
				-13.6907 -13.3972 -13.5198,
				-13.6864 -13.383 -13.5001,
				-13.6841 -13.3853 -13.4808,
				-13.6847 -13.3855 -13.4802,
			]
		}
		coordIndex [
			0, 1, 2, 3, 4, 5, 6, 7, 8, 9, 
			10, 11, 12, 13, 14, 15, 16, 17, 18, 19, 
			20, 21, 22, 23, 24, 25, 26, 27, 28, 29, 
			30, 31, 32, 33, 34, -1
		]
	}
}
#---------- POLYLINE
Shape {
	appearance Appearance {
		material Material {
			diffuseColor 0 1 0
			emissiveColor 0 1 0
		}
	}
	geometry IndexedLineSet {
		coord Coordinate {
			point [
				-13.6847 -13.3855 -13.4802,
				-49.2501 -8.62691 20.4497,
				-500 51.6827 450.472,
			]
		}
		coordIndex [
			0, 1, 2, -1
		]
	}
}
#---------- POLYLINE
Shape {
	appearance Appearance {
		material Material {
			diffuseColor 0 1 0
			emissiveColor 0 1 0
		}
	}
	geometry IndexedLineSet {
		coord Coordinate {
			point [
				-13.6847 -13.3855 -13.4802,
				-13.1919 -13.4514 -13.9503,
				-6.85066 -14.2999 -20,
				-1.60965 -15.0011 -25,
				496.286 -81.6188 -500,
			]
		}
		coordIndex [
			0, 1, 2, 3, 4, -1
		]
	}
}
#---------- POLYLINE
Shape {
	appearance Appearance {
		material Material {
			diffuseColor 0.5 0.5 0.5
			emissiveColor 0.5 0.5 0.5
		}
	}
	geometry IndexedLineSet {
		coord Coordinate {
			point [
				-13.3634 -14.1457 -13.4715,
				-14.4972 -15.1147 -7.82653,
				-21.09 -20.7498 25,
				-116.489 -102.29 500,
			]
		}
		coordIndex [
			0, 1, 2, 3, -1
		]
	}
}
#---------- POLYLINE
Shape {
	appearance Appearance {
		material Material {
			diffuseColor 0.5 0.5 0.5
			emissiveColor 0.5 0.5 0.5
		}
	}
	geometry IndexedLineSet {
		coord Coordinate {
			point [
				-13.3634 -14.1457 -13.4715,
				-13.3634 -14.1457 -13.4715,
			]
		}
		coordIndex [
			0, 1, -1
		]
	}
}
#---------- POLYLINE
Shape {
	appearance Appearance {
		material Material {
			diffuseColor 0.5 0.5 0.5
			emissiveColor 0.5 0.5 0.5
		}
	}
	geometry IndexedLineSet {
		coord Coordinate {
			point [
				-12.9584 -14.5444 18.1735,
			]
		}
		coordIndex [
			0, -1
		]
	}
}
#---------- POLYLINE
Shape {
	appearance Appearance {
		material Material {
			diffuseColor 0 0 1
			emissiveColor 0 0 1
		}
	}
	geometry IndexedLineSet {
		coord Coordinate {
			point [
				-12.9584 -14.5444 18.1735,
				-12.9872 -14.6154 18.1584,
				-13.0127 -14.6707 18.1434,
				-13.0399 -14.7118 18.1508,
				-13.0674 -14.7385 18.165,
				-13.065 -14.7719 18.166,
				-13.0584 -14.7934 18.1844,
				-13.0452 -14.7924 18.2042,
				-13.0355 -14.787 18.215,
				-13.035 -14.7865 18.2152,
			]
		}
		coordIndex [
			0, 1, 2, 3, 4, 5, 6, 7, 8, 9, -1
		]
	}
}
#---------- POLYLINE
Shape {
	appearance Appearance {
		material Material {
			diffuseColor 0 1 0
			emissiveColor 0 1 0
		}
	}
	geometry IndexedLineSet {
		coord Coordinate {
			point [
				-13.035 -14.7865 18.2152,
				-14.8495 -17.0195 20,
				-19.9329 -23.2752 25,
				-407.321 -500 406.033,
			]
		}
		coordIndex [
			0, 1, 2, 3, -1
		]
	}
}
#---------- POLYLINE
Shape {
	appearance Appearance {
		material Material {
			diffuseColor 0 1 0
			emissiveColor 0 1 0
		}
	}
	geometry IndexedLineSet {
		coord Coordinate {
			point [
				-13.035 -14.7865 18.2152,
				-11.1172 -12.4264 16.3289,
				-3.72748 -3.33255 9.06039,
				2.49947 4.33043 2.93558,
				9.04963 12.3912 -3.50713,
				14.6106 19.2345 -8.97687,
				19.9706 25.8307 -14.249,
				8.14625 47.6325 -20.1753,
				14.5633 47.8321 -20.5977,
				500 62.9324 -52.5486,
			]
		}
		coordIndex [
			0, 1, 2, 3, 4, 5, 6, 7, 8, 9, -1
		]
	}
}
#---------- POLYLINE
Shape {
	appearance Appearance {
		material Material {
			diffuseColor 0.5 0.5 0.5
			emissiveColor 0.5 0.5 0.5
		}
	}
	geometry IndexedLineSet {
		coord Coordinate {
			point [
				-12.9584 -14.5444 18.1735,
				-10.215 -15.2747 20,
				-2.70528 -17.2736 25,
				500 -151.082 359.701,
			]
		}
		coordIndex [
			0, 1, 2, 3, -1
		]
	}
}
#---------- POLYLINE
Shape {
	appearance Appearance {
		material Material {
			diffuseColor 0.5 0.5 0.5
			emissiveColor 0.5 0.5 0.5
		}
	}
	geometry IndexedLineSet {
		coord Coordinate {
			point [
				-12.9584 -14.5444 18.1735,
				-12.9584 -14.5444 18.1735,
			]
		}
		coordIndex [
			0, 1, -1
		]
	}
}
#---------- POLYLINE
Shape {
	appearance Appearance {
		material Material {
			diffuseColor 0.5 0.5 0.5
			emissiveColor 0.5 0.5 0.5
		}
	}
	geometry IndexedLineSet {
		coord Coordinate {
			point [
				-10.8148 -18.9952 -17.4685,
			]
		}
		coordIndex [
			0, -1
		]
	}
}
#---------- POLYLINE
Shape {
	appearance Appearance {
		material Material {
			diffuseColor 0 0 1
			emissiveColor 0 0 1
		}
	}
	geometry IndexedLineSet {
		coord Coordinate {
			point [
				-10.8148 -18.9952 -17.4685,
				-10.6239 -19.109 -17.3813,
				-10.5113 -19.1531 -17.3403,
				-10.4231 -19.2048 -17.3148,
				-10.4049 -19.2881 -17.3359,
				-10.4206 -19.3577 -17.3496,
				-10.4105 -19.4157 -17.3605,
				-10.4294 -19.4576 -17.372,
				-10.4253 -19.4856 -17.3445,
				-10.4402 -19.4991 -17.3394,
				-10.4347 -19.5054 -17.3374,
				-10.4346 -19.5056 -17.3372,
			]
		}
		coordIndex [
			0, 1, 2, 3, 4, 5, 6, 7, 8, 9, 
			10, 11, -1
		]
	}
}
#---------- POLYLINE
Shape {
	appearance Appearance {
		material Material {
			diffuseColor 0 1 0
			emissiveColor 0 1 0
		}
	}
	geometry IndexedLineSet {
		coord Coordinate {
			point [
				-10.4346 -19.5056 -17.3372,
				-10.9734 -17.1599 -17.7032,
				-8.46822 -18.4138 -20,
				-3.01458 -21.1436 -25,
				500 -272.923 -486.173,
			]
		}
		coordIndex [
			0, 1, 2, 3, 4, -1
		]
	}
}
#---------- POLYLINE
Shape {
	appearance Appearance {
		material Material {
			diffuseColor 0 1 0
			emissiveColor 0 1 0
		}
	}
	geometry IndexedLineSet {
		coord Coordinate {
			point [
				-10.4346 -19.5056 -17.3372,
				-9.79371 -22.2957 -16.9019,
				-3.45783 -49.8803 -12.598,
				99.93 -500 57.632,
			]
		}
		coordIndex [
			0, 1, 2, 3, -1
		]
	}
}
#---------- POLYLINE
Shape {
	appearance Appearance {
		material Material {
			diffuseColor 0.5 0.5 0.5
			emissiveColor 0.5 0.5 0.5
		}
	}
	geometry IndexedLineSet {
		coord Coordinate {
			point [
				-10.8148 -18.9952 -17.4685,
				-11.7027 -22.0011 -17.9216,
				-18.8799 -46.2985 -21.5837,
				-152.898 -500 -89.9662,
			]
		}
		coordIndex [
			0, 1, 2, 3, -1
		]
	}
}
#---------- POLYLINE
Shape {
	appearance Appearance {
		material Material {
			diffuseColor 0.5 0.5 0.5
			emissiveColor 0.5 0.5 0.5
		}
	}
	geometry IndexedLineSet {
		coord Coordinate {
			point [
				-10.8148 -18.9952 -17.4685,
				-10.8148 -18.9951 -17.4685,
			]
		}
		coordIndex [
			0, 1, -1
		]
	}
}
#---------- POLYLINE
Shape {
	appearance Appearance {
		material Material {
			diffuseColor 0.5 0.5 0.5
			emissiveColor 0.5 0.5 0.5
		}
	}
	geometry IndexedLineSet {
		coord Coordinate {
			point [
				-9.67992 -15.361 -3.76355,
			]
		}
		coordIndex [
			0, -1
		]
	}
}
#---------- POLYLINE
Shape {
	appearance Appearance {
		material Material {
			diffuseColor 0.5 0.5 0.5
			emissiveColor 0.5 0.5 0.5
		}
	}
	geometry IndexedLineSet {
		coord Coordinate {
			point [
				-9.67992 -15.361 -3.76355,
				-14.992 -17.5822 -18.0272,
				-17.5889 -18.6681 -25,
				-194.49 -92.6385 -500,
			]
		}
		coordIndex [
			0, 1, 2, 3, -1
		]
	}
}
#---------- POLYLINE
Shape {
	appearance Appearance {
		material Material {
			diffuseColor 0.5 0.5 0.5
			emissiveColor 0.5 0.5 0.5
		}
	}
	geometry IndexedLineSet {
		coord Coordinate {
			point [
				-9.67992 -15.361 -3.76355,
				-9.67991 -15.361 -3.76353,
			]
		}
		coordIndex [
			0, 1, -1
		]
	}
}
#---------- POLYLINE
Shape {
	appearance Appearance {
		material Material {
			diffuseColor 1 0 0
			emissiveColor 1 0 0
		}
	}
	geometry IndexedLineSet {
		coord Coordinate {
			point [
				-9.67992 -15.361 -3.76355,
				-9.67992 -15.361 -3.76355,
			]
		}
		coordIndex [
			0, 1, -1
		]
	}
}
#---------- POLYLINE
Shape {
	appearance Appearance {
		material Material {
			diffuseColor 0.5 0.5 0.5
			emissiveColor 0.5 0.5 0.5
		}
	}
	geometry IndexedLineSet {
		coord Coordinate {
			point [
				-13.0577 -13.5703 8.05437,
			]
		}
		coordIndex [
			0, -1
		]
	}
}
#---------- POLYLINE
Shape {
	appearance Appearance {
		material Material {
			diffuseColor 0 0 1
			emissiveColor 0 0 1
		}
	}
	geometry IndexedLineSet {
		coord Coordinate {
			point [
				-13.0577 -13.5703 8.05437,
				-13.0632 -13.588 8.04217,
				-13.0652 -13.6052 8.03044,
				-13.0665 -13.6235 8.02239,
				-13.0752 -13.6379 8.01454,
				-13.0806 -13.6545 8.01021,
				-13.0927 -13.7091 7.99775,
				-13.0981 -13.7535 7.97679,
				-13.0619 -13.7531 7.95464,
				-13.063 -13.7493 7.99013,
				-13.0423 -13.7489 8.00993,
				-13.0414 -13.7498 8.03447,
				-13.0249 -13.7407 8.03609,
				-13.0265 -13.7402 8.03531,
			]
		}
		coordIndex [
			0, 1, 2, 3, 4, 5, 6, 7, 8, 9, 
			10, 11, 12, 13, -1
		]
	}
}
#---------- POLYLINE
Shape {
	appearance Appearance {
		material Material {
			diffuseColor 0 1 0
			emissiveColor 0 1 0
		}
	}
	geometry IndexedLineSet {
		coord Coordinate {
			point [
				-13.0265 -13.7402 8.03531,
				-13.4025 -13.6363 8.45766,
				-28.1294 -9.56735 25,
				-451 107.268 500,
			]
		}
		coordIndex [
			0, 1, 2, 3, -1
		]
	}
}
#---------- POLYLINE
Shape {
	appearance Appearance {
		material Material {
			diffuseColor 0 1 0
			emissiveColor 0 1 0
		}
	}
	geometry IndexedLineSet {
		coord Coordinate {
			point [
				-13.0265 -13.7402 8.03531,
				-5.19919 -15.9028 -0.756928,
				5.22496 -18.7829 -12.4661,
				11.932 -20.636 -20,
				16.3833 -21.8659 -25,
				439.254 -138.702 -500,
			]
		}
		coordIndex [
			0, 1, 2, 3, 4, 5, -1
		]
	}
}
#---------- POLYLINE
Shape {
	appearance Appearance {
		material Material {
			diffuseColor 0.5 0.5 0.5
			emissiveColor 0.5 0.5 0.5
		}
	}
	geometry IndexedLineSet {
		coord Coordinate {
			point [
				-13.0577 -13.5703 8.05437,
				-12.9522 -13.2646 10.1604,
				-12.2086 -11.1107 25,
				11.5934 57.8332 500,
			]
		}
		coordIndex [
			0, 1, 2, 3, -1
		]
	}
}
#---------- POLYLINE
Shape {
	appearance Appearance {
		material Material {
			diffuseColor 0.5 0.5 0.5
			emissiveColor 0.5 0.5 0.5
		}
	}
	geometry IndexedLineSet {
		coord Coordinate {
			point [
				-13.0577 -13.5703 8.05437,
				-13.0577 -13.5703 8.05437,
			]
		}
		coordIndex [
			0, 1, -1
		]
	}
}
#---------- POLYLINE
Shape {
	appearance Appearance {
		material Material {
			diffuseColor 0.5 0.5 0.5
			emissiveColor 0.5 0.5 0.5
		}
	}
	geometry IndexedLineSet {
		coord Coordinate {
			point [
				-8.34265 -15.3643 -3.58302,
			]
		}
		coordIndex [
			0, -1
		]
	}
}
#---------- POLYLINE
Shape {
	appearance Appearance {
		material Material {
			diffuseColor 0.5 0.5 0.5
			emissiveColor 0.5 0.5 0.5
		}
	}
	geometry IndexedLineSet {
		coord Coordinate {
			point [
				-8.34265 -15.3643 -3.58302,
				-11.3337 -12.4812 -3.67201,
				-19.1674 -4.9302 -3.90507,
				-24.9575 0.650869 -4.07733,
				-45.5878 20.5367 -4.69111,
				-500 458.549 -18.2104,
			]
		}
		coordIndex [
			0, 1, 2, 3, 4, 5, -1
		]
	}
}
#---------- POLYLINE
Shape {
	appearance Appearance {
		material Material {
			diffuseColor 0.5 0.5 0.5
			emissiveColor 0.5 0.5 0.5
		}
	}
	geometry IndexedLineSet {
		coord Coordinate {
			point [
				-8.34265 -15.3643 -3.58302,
				-8.34263 -15.3643 -3.58302,
			]
		}
		coordIndex [
			0, 1, -1
		]
	}
}
#---------- POLYLINE
Shape {
	appearance Appearance {
		material Material {
			diffuseColor 1 0 0
			emissiveColor 1 0 0
		}
	}
	geometry IndexedLineSet {
		coord Coordinate {
			point [
				-8.34265 -15.3643 -3.58302,
				-8.34265 -15.3643 -3.58302,
			]
		}
		coordIndex [
			0, 1, -1
		]
	}
}
#---------- POLYLINE
Shape {
	appearance Appearance {
		material Material {
			diffuseColor 1 0 0
			emissiveColor 1 0 0
		}
	}
	geometry IndexedLineSet {
		coord Coordinate {
			point [
				-8.34265 -15.3643 -3.58302,
				-8.34265 -15.3643 -3.58302,
			]
		}
		coordIndex [
			0, 1, -1
		]
	}
}
#---------- POLYLINE
Shape {
	appearance Appearance {
		material Material {
			diffuseColor 0.5 0.5 0.5
			emissiveColor 0.5 0.5 0.5
		}
	}
	geometry IndexedLineSet {
		coord Coordinate {
			point [
				-8.49596 -18.095 -16.6701,
			]
		}
		coordIndex [
			0, -1
		]
	}
}
#---------- POLYLINE
Shape {
	appearance Appearance {
		material Material {
			diffuseColor 0 0 1
			emissiveColor 0 0 1
		}
	}
	geometry IndexedLineSet {
		coord Coordinate {
			point [
				-8.49596 -18.095 -16.6701,
				-8.44752 -17.765 -16.5796,
				-8.41501 -17.588 -16.5171,
				-8.38096 -17.4339 -16.5064,
				-8.42744 -17.3181 -16.5349,
				-8.48069 -17.2323 -16.5015,
				-8.48075 -17.1952 -16.4873,
				-8.47533 -17.1745 -16.4615,
				-8.47092 -17.1643 -16.4368,
				-8.47799 -17.1661 -16.4162,
				-8.49053 -17.1711 -16.416,
				-8.48995 -17.1716 -16.4154,
				-8.48995 -17.1716 -16.4154,
			]
		}
		coordIndex [
			0, 1, 2, 3, 4, 5, 6, 7, 8, 9, 
			10, 11, 12, -1
		]
	}
}
#---------- POLYLINE
Shape {
	appearance Appearance {
		material Material {
			diffuseColor 0 1 0
			emissiveColor 0 1 0
		}
	}
	geometry IndexedLineSet {
		coord Coordinate {
			point [
				-8.48995 -17.1716 -16.4154,
				-5.40736 -19.2768 -10.4961,
				-0.782075 -22.4356 -1.61455,
				-3.12078 -21.8581 -2.18761,
				-17.0288 -28.1951 25,
				-260.018 -138.909 500,
			]
		}
		coordIndex [
			0, 1, 2, 3, 4, 5, -1
		]
	}
}
#---------- POLYLINE
Shape {
	appearance Appearance {
		material Material {
			diffuseColor 0 1 0
			emissiveColor 0 1 0
		}
	}
	geometry IndexedLineSet {
		coord Coordinate {
			point [
				-8.48995 -17.1716 -16.4154,
				-10.3567 -15.8967 -20,
				-12.9606 -14.1184 -25,
				-260.327 154.818 -500,
			]
		}
		coordIndex [
			0, 1, 2, 3, -1
		]
	}
}
#---------- POLYLINE
Shape {
	appearance Appearance {
		material Material {
			diffuseColor 0.5 0.5 0.5
			emissiveColor 0.5 0.5 0.5
		}
	}
	geometry IndexedLineSet {
		coord Coordinate {
			point [
				-8.49596 -18.095 -16.6701,
				-10.7629 -21.0466 -20,
				-14.1669 -25.4784 -25,
				-337.543 -446.506 -500,
			]
		}
		coordIndex [
			0, 1, 2, 3, -1
		]
	}
}
#---------- POLYLINE
Shape {
	appearance Appearance {
		material Material {
			diffuseColor 0.5 0.5 0.5
			emissiveColor 0.5 0.5 0.5
		}
	}
	geometry IndexedLineSet {
		coord Coordinate {
			point [
				-8.49596 -18.095 -16.6701,
				-8.49596 -18.095 -16.6701,
			]
		}
		coordIndex [
			0, 1, -1
		]
	}
}
#---------- POLYLINE
Shape {
	appearance Appearance {
		material Material {
			diffuseColor 0.5 0.5 0.5
			emissiveColor 0.5 0.5 0.5
		}
	}
	geometry IndexedLineSet {
		coord Coordinate {
			point [
				-10.826 -17.5952 9.03109,
			]
		}
		coordIndex [
			0, -1
		]
	}
}
#---------- POLYLINE
Shape {
	appearance Appearance {
		material Material {
			diffuseColor 0 0 1
			emissiveColor 0 0 1
		}
	}
	geometry IndexedLineSet {
		coord Coordinate {
			point [
				-10.826 -17.5952 9.03109,
				-10.9678 -17.7325 9.16469,
				-10.9913 -17.78 9.21662,
				-10.9937 -17.8075 9.27234,
				-11.0184 -17.8333 9.31175,
				-11.0428 -17.8546 9.34093,
				-11.0284 -17.8703 9.37103,
				-11.018 -17.8859 9.39365,
				-11.0062 -17.9032 9.38487,
				-11.0089 -17.9079 9.37823,
				-11.0091 -17.9083 9.37831,
			]
		}
		coordIndex [
			0, 1, 2, 3, 4, 5, 6, 7, 8, 9, 
			10, -1
		]
	}
}
#---------- POLYLINE
Shape {
	appearance Appearance {
		material Material {
			diffuseColor 0 1 0
			emissiveColor 0 1 0
		}
	}
	geometry IndexedLineSet {
		coord Coordinate {
			point [
				-11.0091 -17.9083 9.37831,
				-14.8127 -18.6556 11.9821,
				-33.8295 -22.3917 25,
				-500 -113.977 344.118,
			]
		}
		coordIndex [
			0, 1, 2, 3, -1
		]
	}
}
#---------- POLYLINE
Shape {
	appearance Appearance {
		material Material {
			diffuseColor 0 1 0
			emissiveColor 0 1 0
		}
	}
	geometry IndexedLineSet {
		coord Coordinate {
			point [
				-11.0091 -17.9083 9.37831,
				-5.03213 -16.7341 5.28674,
				5.7861 -14.6087 -2.1189,
				12.8825 -13.2145 -6.97676,
				22.6216 -11.3012 -13.6437,
				-8.12997 -11.4341 -25,
				-500 -13.5608 -206.643,
			]
		}
		coordIndex [
			0, 1, 2, 3, 4, 5, 6, -1
		]
	}
}
#---------- POLYLINE
Shape {
	appearance Appearance {
		material Material {
			diffuseColor 0.5 0.5 0.5
			emissiveColor 0.5 0.5 0.5
		}
	}
	geometry IndexedLineSet {
		coord Coordinate {
			point [
				-10.826 -17.5952 9.03109,
				-7.55887 -21.6636 9.97156,
				13.6677 -48.0957 16.0818,
				376.574 -500 120.547,
			]
		}
		coordIndex [
			0, 1, 2, 3, -1
		]
	}
}
#---------- POLYLINE
Shape {
	appearance Appearance {
		material Material {
			diffuseColor 0.5 0.5 0.5
			emissiveColor 0.5 0.5 0.5
		}
	}
	geometry IndexedLineSet {
		coord Coordinate {
			point [
				-10.826 -17.5952 9.03109,
				-10.826 -17.5952 9.03108,
			]
		}
		coordIndex [
			0, 1, -1
		]
	}
}
#---------- POLYLINE
Shape {
	appearance Appearance {
		material Material {
			diffuseColor 0.5 0.5 0.5
			emissiveColor 0.5 0.5 0.5
		}
	}
	geometry IndexedLineSet {
		coord Coordinate {
			point [
				-7.58998 -19.938 14.7059,
			]
		}
		coordIndex [
			0, -1
		]
	}
}
#---------- POLYLINE
Shape {
	appearance Appearance {
		material Material {
			diffuseColor 0 0 1
			emissiveColor 0 0 1
		}
	}
	geometry IndexedLineSet {
		coord Coordinate {
			point [
				-7.58998 -19.938 14.7059,
				-7.63268 -19.9303 14.6168,
				-7.63602 -19.8989 14.5485,
				-7.62039 -19.8459 14.5609,
				-7.5864 -19.8137 14.56,
				-7.58822 -19.8504 14.5623,
				-7.5943 -19.8744 14.5804,
				-7.59103 -19.8706 14.6059,
				-7.57417 -19.858 14.6089,
				-7.57381 -19.8577 14.6087,
			]
		}
		coordIndex [
			0, 1, 2, 3, 4, 5, 6, 7, 8, 9, -1
		]
	}
}
#---------- POLYLINE
Shape {
	appearance Appearance {
		material Material {
			diffuseColor 0 1 0
			emissiveColor 0 1 0
		}
	}
	geometry IndexedLineSet {
		coord Coordinate {
			point [
				-7.57381 -19.8577 14.6087,
				-14.1038 -14.4436 3.60117,
				-28.1451 -2.80191 -20.0681,
				-28.05 8.34746 -21.6296,
				-31.9107 0.236321 -25,
				-270.009 -500 -232.865,
			]
		}
		coordIndex [
			0, 1, 2, 3, 4, 5, -1
		]
	}
}
#---------- POLYLINE
Shape {
	appearance Appearance {
		material Material {
			diffuseColor 0 1 0
			emissiveColor 0 1 0
		}
	}
	geometry IndexedLineSet {
		coord Coordinate {
			point [
				-7.57381 -19.8577 14.6087,
				-6.43288 -20.8037 16.5319,
				-1.40935 -24.9687 25,
				280.376 -258.598 500,
			]
		}
		coordIndex [
			0, 1, 2, 3, -1
		]
	}
}
#---------- POLYLINE
Shape {
	appearance Appearance {
		material Material {
			diffuseColor 0.5 0.5 0.5
			emissiveColor 0.5 0.5 0.5
		}
	}
	geometry IndexedLineSet {
		coord Coordinate {
			point [
				-7.58998 -19.938 14.7059,
				-14.4862 -15.0923 5.90714,
				-38.7105 1.92894 -25,
				-411.005 263.522 -500,
			]
		}
		coordIndex [
			0, 1, 2, 3, -1
		]
	}
}
#---------- POLYLINE
Shape {
	appearance Appearance {
		material Material {
			diffuseColor 0.5 0.5 0.5
			emissiveColor 0.5 0.5 0.5
		}
	}
	geometry IndexedLineSet {
		coord Coordinate {
			point [
				-7.58998 -19.938 14.7059,
				-7.58997 -19.938 14.7059,
			]
		}
		coordIndex [
			0, 1, -1
		]
	}
}
#---------- POLYLINE
Shape {
	appearance Appearance {
		material Material {
			diffuseColor 0.5 0.5 0.5
			emissiveColor 0.5 0.5 0.5
		}
	}
	geometry IndexedLineSet {
		coord Coordinate {
			point [
				-10.835 -17.6952 -12.4101,
			]
		}
		coordIndex [
			0, -1
		]
	}
}
#---------- POLYLINE
Shape {
	appearance Appearance {
		material Material {
			diffuseColor 0 0 1
			emissiveColor 0 0 1
		}
	}
	geometry IndexedLineSet {
		coord Coordinate {
			point [
				-10.835 -17.6952 -12.4101,
				-10.6831 -17.4106 -12.3662,
				-10.5417 -17.1947 -12.372,
				-10.4089 -17.1292 -12.5338,
				-10.2382 -17.0813 -12.5887,
				-10.1232 -17.0107 -12.6758,
				-9.99609 -17.0061 -12.7278,
				-10.0124 -17.1176 -12.7283,
				-10.0274 -17.1628 -12.6824,
				-10.0481 -17.2039 -12.65,
				-10.0523 -17.1993 -12.6466,
				-10.0522 -17.1996 -12.6463,
			]
		}
		coordIndex [
			0, 1, 2, 3, 4, 5, 6, 7, 8, 9, 
			10, 11, -1
		]
	}
}
#---------- POLYLINE
Shape {
	appearance Appearance {
		material Material {
			diffuseColor 0 1 0
			emissiveColor 0 1 0
		}
	}
	geometry IndexedLineSet {
		coord Coordinate {
			point [
				-10.0522 -17.1996 -12.6463,
				-10.171 -12.3029 -14.1614,
				-11.0212 22.7272 -25,
				-22.604 500 -172.672,
			]
		}
		coordIndex [
			0, 1, 2, 3, -1
		]
	}
}
#---------- POLYLINE
Shape {
	appearance Appearance {
		material Material {
			diffuseColor 0 1 0
			emissiveColor 0 1 0
		}
	}
	geometry IndexedLineSet {
		coord Coordinate {
			point [
				-10.0522 -17.1996 -12.6463,
				-9.92843 -22.2995 -11.0684,
				-9.27724 -49.1318 -2.76627,
				1.66477 -500 136.736,
			]
		}
		coordIndex [
			0, 1, 2, 3, -1
		]
	}
}
#---------- POLYLINE
Shape {
	appearance Appearance {
		material Material {
			diffuseColor 0.5 0.5 0.5
			emissiveColor 0.5 0.5 0.5
		}
	}
	geometry IndexedLineSet {
		coord Coordinate {
			point [
				-10.835 -17.6952 -12.4101,
				-9.41644 -22.2658 -14.1788,
				-0.810807 -49.9934 -24.9088,
				138.855 -500 -199.051,
			]
		}
		coordIndex [
			0, 1, 2, 3, -1
		]
	}
}
#---------- POLYLINE
Shape {
	appearance Appearance {
		material Material {
			diffuseColor 0.5 0.5 0.5
			emissiveColor 0.5 0.5 0.5
		}
	}
	geometry IndexedLineSet {
		coord Coordinate {
			point [
				-10.835 -17.6952 -12.4101,
				-10.835 -17.6952 -12.4101,
			]
		}
		coordIndex [
			0, 1, -1
		]
	}
}
#---------- POLYLINE
Shape {
	appearance Appearance {
		material Material {
			diffuseColor 0.5 0.5 0.5
			emissiveColor 0.5 0.5 0.5
		}
	}
	geometry IndexedLineSet {
		coord Coordinate {
			point [
				-11.5321 -21.2758 4.73673,
			]
		}
		coordIndex [
			0, -1
		]
	}
}
#---------- POLYLINE
Shape {
	appearance Appearance {
		material Material {
			diffuseColor 0 0 1
			emissiveColor 0 0 1
		}
	}
	geometry IndexedLineSet {
		coord Coordinate {
			point [
				-11.5321 -21.2758 4.73673,
				-11.537 -21.2192 4.80862,
				-11.5639 -21.1668 4.87192,
				-11.5862 -21.1232 4.93658,
				-11.6047 -21.0719 4.98636,
				-11.679 -20.9651 5.12126,
				-11.7238 -20.9624 5.26804,
				-11.8123 -20.9718 5.36266,
				-11.881 -20.988 5.4501,
				-11.9279 -20.9709 5.53147,
				-11.915 -21.0228 5.59155,
				-11.926 -20.9919 5.65149,
				-11.9638 -20.975 5.69363,
				-11.9886 -20.9516 5.72677,
				-11.9762 -20.9378 5.74702,
				-11.9873 -20.9203 5.74699,
				-11.9923 -20.9133 5.74319,
				-11.9924 -20.9133 5.74329,
			]
		}
		coordIndex [
			0, 1, 2, 3, 4, 5, 6, 7, 8, 9, 
			10, 11, 12, 13, 14, 15, 16, 17, -1
		]
	}
}
#---------- POLYLINE
Shape {
	appearance Appearance {
		material Material {
			diffuseColor 0 1 0
			emissiveColor 0 1 0
		}
	}
	geometry IndexedLineSet {
		coord Coordinate {
			point [
				-11.9924 -20.9133 5.74329,
				-5.35479 -15.4501 12.6572,
				6.49488 -5.69721 25,
				462.516 369.634 500,
			]
		}
		coordIndex [
			0, 1, 2, 3, -1
		]
	}
}
#---------- POLYLINE
Shape {
	appearance Appearance {
		material Material {
			diffuseColor 0 1 0
			emissiveColor 0 1 0
		}
	}
	geometry IndexedLineSet {
		coord Coordinate {
			point [
				-11.9924 -20.9133 5.74329,
				-12.7086 -21.5028 4.99728,
				-21.0076 -28.3332 -3.64702,
				-31.9781 -38.4369 -13.3776,
				-500 -469.476 -428.501,
			]
		}
		coordIndex [
			0, 1, 2, 3, 4, -1
		]
	}
}
#---------- POLYLINE
Shape {
	appearance Appearance {
		material Material {
			diffuseColor 0.5 0.5 0.5
			emissiveColor 0.5 0.5 0.5
		}
	}
	geometry IndexedLineSet {
		coord Coordinate {
			point [
				-11.5321 -21.2758 4.73673,
				-12.0197 -21.8739 5.73734,
				-21.408 -33.3876 25,
				-252.915 -317.304 500,
			]
		}
		coordIndex [
			0, 1, 2, 3, -1
		]
	}
}
#---------- POLYLINE
Shape {
	appearance Appearance {
		material Material {
			diffuseColor 0.5 0.5 0.5
			emissiveColor 0.5 0.5 0.5
		}
	}
	geometry IndexedLineSet {
		coord Coordinate {
			point [
				-11.5321 -21.2758 4.73673,
				-11.5321 -21.2758 4.73671,
			]
		}
		coordIndex [
			0, 1, -1
		]
	}
}
#---------- POLYLINE
Shape {
	appearance Appearance {
		material Material {
			diffuseColor 0.5 0.5 0.5
			emissiveColor 0.5 0.5 0.5
		}
	}
	geometry IndexedLineSet {
		coord Coordinate {
			point [
				-14.0131 -17.5951 -13.9058,
			]
		}
		coordIndex [
			0, -1
		]
	}
}
#---------- POLYLINE
Shape {
	appearance Appearance {
		material Material {
			diffuseColor 0 0 1
			emissiveColor 0 0 1
		}
	}
	geometry IndexedLineSet {
		coord Coordinate {
			point [
				-14.0131 -17.5951 -13.9058,
				-14.0198 -17.6581 -13.967,
				-14.0498 -17.7116 -13.9901,
				-14.0816 -17.7595 -13.9895,
				-14.1083 -17.8002 -13.9833,
				-14.0887 -17.8311 -13.9665,
				-14.1097 -17.848 -13.9464,
				-14.1004 -17.8645 -13.9263,
				-14.1152 -17.8776 -13.9268,
				-14.1167 -17.8835 -13.9286,
				-14.1165 -17.8837 -13.9286,
			]
		}
		coordIndex [
			0, 1, 2, 3, 4, 5, 6, 7, 8, 9, 
			10, -1
		]
	}
}
#---------- POLYLINE
Shape {
	appearance Appearance {
		material Material {
			diffuseColor 0 1 0
			emissiveColor 0 1 0
		}
	}
	geometry IndexedLineSet {
		coord Coordinate {
			point [
				-14.1165 -17.8837 -13.9286,
				-10.5201 -16.0004 -20,
				-7.55833 -14.4494 -25,
				273.81 132.889 -500,
			]
		}
		coordIndex [
			0, 1, 2, 3, -1
		]
	}
}
#---------- POLYLINE
Shape {
	appearance Appearance {
		material Material {
			diffuseColor 0 1 0
			emissiveColor 0 1 0
		}
	}
	geometry IndexedLineSet {
		coord Coordinate {
			point [
				-14.1165 -17.8837 -13.9286,
				-14.9002 -18.294 -12.6056,
				-17.4396 -19.6238 -8.31874,
				-18.8876 -19.601 -3.21022,
				27.9664 -41.4473 -15.5966,
				500 -261.54 -140.384,
			]
		}
		coordIndex [
			0, 1, 2, 3, 4, 5, -1
		]
	}
}
#---------- POLYLINE
Shape {
	appearance Appearance {
		material Material {
			diffuseColor 0.5 0.5 0.5
			emissiveColor 0.5 0.5 0.5
		}
	}
	geometry IndexedLineSet {
		coord Coordinate {
			point [
				-14.0131 -17.5951 -13.9058,
				-5.39277 -19.2425 -10.0463,
				7.71569 -21.7477 -4.17726,
				10.4832 -22.2766 -2.93816,
				41.3106 -28.168 10.8641,
				500 -115.828 216.232,
			]
		}
		coordIndex [
			0, 1, 2, 3, 4, 5, -1
		]
	}
}
#---------- POLYLINE
Shape {
	appearance Appearance {
		material Material {
			diffuseColor 0.5 0.5 0.5
			emissiveColor 0.5 0.5 0.5
		}
	}
	geometry IndexedLineSet {
		coord Coordinate {
			point [
				-14.0131 -17.5951 -13.9058,
				-14.0131 -17.5951 -13.9058,
			]
		}
		coordIndex [
			0, 1, -1
		]
	}
}
#---------- POLYLINE
Shape {
	appearance Appearance {
		material Material {
			diffuseColor 0.5 0.5 0.5
			emissiveColor 0.5 0.5 0.5
		}
	}
	geometry IndexedLineSet {
		coord Coordinate {
			point [
				-8.23597 -15.0643 6.8534,
			]
		}
		coordIndex [
			0, -1
		]
	}
}
#---------- POLYLINE
Shape {
	appearance Appearance {
		material Material {
			diffuseColor 0 0 1
			emissiveColor 0 0 1
		}
	}
	geometry IndexedLineSet {
		coord Coordinate {
			point [
				-8.23597 -15.0643 6.8534,
				-8.16653 -15.0351 6.86315,
				-8.10127 -15.0406 6.86285,
				-8.07088 -15.0703 6.90112,
				-8.05845 -15.0809 6.94208,
				-8.0336 -15.0758 6.96587,
				-8.01765 -15.0573 6.98126,
				-8.00265 -15.0466 6.99678,
				-7.99603 -15.0557 6.98793,
				-7.99451 -15.0558 6.98663,
				-7.99439 -15.0557 6.98679,
			]
		}
		coordIndex [
			0, 1, 2, 3, 4, 5, 6, 7, 8, 9, 
			10, -1
		]
	}
}
#---------- POLYLINE
Shape {
	appearance Appearance {
		material Material {
			diffuseColor 0 1 0
			emissiveColor 0 1 0
		}
	}
	geometry IndexedLineSet {
		coord Coordinate {
			point [
				-7.99439 -15.0557 6.98679,
				-5.21272 -15.8571 7.40401,
				5.25369 -18.8724 8.97385,
				13.1822 -21.1566 10.163,
				40.6756 -29.0774 14.2867,
				500 -161.408 83.1802,
			]
		}
		coordIndex [
			0, 1, 2, 3, 4, 5, -1
		]
	}
}
#---------- POLYLINE
Shape {
	appearance Appearance {
		material Material {
			diffuseColor 0 1 0
			emissiveColor 0 1 0
		}
	}
	geometry IndexedLineSet {
		coord Coordinate {
			point [
				-7.99439 -15.0557 6.98679,
				-13.2858 -13.5313 6.19314,
				-49.9111 -2.97957 0.699752,
				-500 126.69 -66.8085,
			]
		}
		coordIndex [
			0, 1, 2, 3, -1
		]
	}
}
#---------- POLYLINE
Shape {
	appearance Appearance {
		material Material {
			diffuseColor 0.5 0.5 0.5
			emissiveColor 0.5 0.5 0.5
		}
	}
	geometry IndexedLineSet {
		coord Coordinate {
			point [
				-8.23597 -15.0643 6.8534,
				-9.94224 -12.3003 8.89774,
				-15.8313 -2.76077 15.9536,
				-19.2085 2.70994 20,
				-23.3817 9.46995 25,
				-326.2 500 387.818,
			]
		}
		coordIndex [
			0, 1, 2, 3, 4, 5, -1
		]
	}
}
#---------- POLYLINE
Shape {
	appearance Appearance {
		material Material {
			diffuseColor 0.5 0.5 0.5
			emissiveColor 0.5 0.5 0.5
		}
	}
	geometry IndexedLineSet {
		coord Coordinate {
			point [
				-8.23597 -15.0643 6.8534,
				-8.23597 -15.0643 6.8534,
			]
		}
		coordIndex [
			0, 1, -1
		]
	}
}
#---------- POLYLINE
Shape {
	appearance Appearance {
		material Material {
			diffuseColor 0.5 0.5 0.5
			emissiveColor 0.5 0.5 0.5
		}
	}
	geometry IndexedLineSet {
		coord Coordinate {
			point [
				-7.22795 -14.3133 4.43554,
			]
		}
		coordIndex [
			0, -1
		]
	}
}
#---------- POLYLINE
Shape {
	appearance Appearance {
		material Material {
			diffuseColor 0 0 1
			emissiveColor 0 0 1
		}
	}
	geometry IndexedLineSet {
		coord Coordinate {
			point [
				-7.22795 -14.3133 4.43554,
				-7.23754 -14.3424 4.32855,
				-7.23184 -14.3758 4.22922,
				-7.24179 -14.4295 4.14383,
				-7.23958 -14.4888 4.07128,
				-7.21109 -14.5484 4.01019,
				-7.12608 -14.6901 3.85356,
				-7.10045 -14.8517 3.73986,
				-7.2396 -14.7662 3.75072,
				-7.32143 -14.6984 3.76098,
				-7.41111 -14.6891 3.76176,
				-7.48383 -14.7084 3.75115,
				-7.53748 -14.7086 3.71513,
				-7.53206 -14.7113 3.66538,
				-7.52864 -14.7089 3.63898,
				-7.52226 -14.7254 3.62498,
			]
		}
		coordIndex [
			0, 1, 2, 3, 4, 5, 6, 7, 8, 9, 
			10, 11, 12, 13, 14, 15, -1
		]
	}
}
#---------- POLYLINE
Shape {
	appearance Appearance {
		material Material {
			diffuseColor 0 1 0
			emissiveColor 0 1 0
		}
	}
	geometry IndexedLineSet {
		coord Coordinate {
			point [
				-7.52226 -14.7254 3.62498,
				-9.16363 -22.1783 4.46308,
				-9.12164 -22.2222 4.48547,
				15.1701 -47.6431 17.4372,
				447.435 -500 247.909,
			]
		}
		coordIndex [
			0, 1, 2, 3, 4, -1
		]
	}
}
#---------- POLYLINE
Shape {
	appearance Appearance {
		material Material {
			diffuseColor 0 1 0
			emissiveColor 0 1 0
		}
	}
	geometry IndexedLineSet {
		coord Coordinate {
			point [
				-7.52226 -14.7254 3.62498,
				-7.17997 -13.1711 3.45021,
				-4.6717 -1.78191 2.16946,
				-3.49093 3.57958 1.56655,
				6.63494 49.5578 -3.60379,
				105.837 500 -54.2569,
			]
		}
		coordIndex [
			0, 1, 2, 3, 4, 5, -1
		]
	}
}
#---------- POLYLINE
Shape {
	appearance Appearance {
		material Material {
			diffuseColor 0.5 0.5 0.5
			emissiveColor 0.5 0.5 0.5
		}
	}
	geometry IndexedLineSet {
		coord Coordinate {
			point [
				-7.22795 -14.3133 4.43554,
				-6.55725 -13.6741 4.76082,
				35.1745 26.1 25,
				500 469.121 250.432,
			]
		}
		coordIndex [
			0, 1, 2, 3, -1
		]
	}
}
#---------- POLYLINE
Shape {
	appearance Appearance {
		material Material {
			diffuseColor 0.5 0.5 0.5
			emissiveColor 0.5 0.5 0.5
		}
	}
	geometry IndexedLineSet {
		coord Coordinate {
			point [
				-7.22795 -14.3133 4.43554,
				-7.22795 -14.3133 4.43555,
			]
		}
		coordIndex [
			0, 1, -1
		]
	}
}
#---------- POLYLINE
Shape {
	appearance Appearance {
		material Material {
			diffuseColor 0.5 0.5 0.5
			emissiveColor 0.5 0.5 0.5
		}
	}
	geometry IndexedLineSet {
		coord Coordinate {
			point [
				-5.07753 -17.3776 -1.87807,
			]
		}
		coordIndex [
			0, -1
		]
	}
}
#---------- POLYLINE
Shape {
	appearance Appearance {
		material Material {
			diffuseColor 0 0 1
			emissiveColor 0 0 1
		}
	}
	geometry IndexedLineSet {
		coord Coordinate {
			point [
				-5.07753 -17.3776 -1.87807,
				-5.08133 -17.3913 -1.8915,
				-5.08867 -17.3991 -1.90543,
				-5.09685 -17.4068 -1.91791,
				-5.1035 -17.4151 -1.92933,
				-5.1094 -17.4237 -1.93671,
				-5.11449 -17.4364 -1.93786,
				-5.12006 -17.4479 -1.93856,
				-5.12001 -17.457 -1.94629,
				-5.11853 -17.4663 -1.95256,
				-5.11869 -17.4749 -1.95837,
				-5.12236 -17.505 -1.98178,
				-5.11738 -17.5349 -1.9919,
				-5.12295 -17.5591 -1.99806,
				-5.11322 -17.5752 -1.99052,
				-5.1093 -17.579 -1.99283,
				-5.10921 -17.5789 -1.99284,
			]
		}
		coordIndex [
			0, 1, 2, 3, 4, 5, 6, 7, 8, 9, 
			10, 11, 12, 13, 14, 15, 16, -1
		]
	}
}
#---------- POLYLINE
Shape {
	appearance Appearance {
		material Material {
			diffuseColor 0 1 0
			emissiveColor 0 1 0
		}
	}
	geometry IndexedLineSet {
		coord Coordinate {
			point [
				-5.10921 -17.5789 -1.99284,
				-5.00793 -17.5814 -1.96766,
				5.02787 -17.8272 0.527426,
				14.9404 -18.0699 2.99185,
				46.3154 -18.8383 10.7923,
				500 -29.9486 123.587,
			]
		}
		coordIndex [
			0, 1, 2, 3, 4, 5, -1
		]
	}
}
#---------- POLYLINE
Shape {
	appearance Appearance {
		material Material {
			diffuseColor 0 1 0
			emissiveColor 0 1 0
		}
	}
	geometry IndexedLineSet {
		coord Coordinate {
			point [
				-5.10921 -17.5789 -1.99284,
				-14.2841 -17.3543 -4.27387,
				-14.9321 -18.1215 -5.16073,
				-15.5958 -18.9074 -6.06918,
				-14.578 -19.3104 0.00255291,
				-14.3325 -19.4076 1.46733,
				-14.4877 -19.5047 1.57841,
				-37.0196 -33.6088 17.7075,
				-500 -323.416 349.124,
			]
		}
		coordIndex [
			0, 1, 2, 3, 4, 5, 6, 7, 8, -1
		]
	}
}
#---------- POLYLINE
Shape {
	appearance Appearance {
		material Material {
			diffuseColor 0.5 0.5 0.5
			emissiveColor 0.5 0.5 0.5
		}
	}
	geometry IndexedLineSet {
		coord Coordinate {
			point [
				-5.07753 -17.3776 -1.87807,
				-5.53345 -15.0528 -15.717,
				-5.83928 -13.4933 -25,
				-21.4881 66.3035 -500,
			]
		}
		coordIndex [
			0, 1, 2, 3, -1
		]
	}
}
#---------- POLYLINE
Shape {
	appearance Appearance {
		material Material {
			diffuseColor 0.5 0.5 0.5
			emissiveColor 0.5 0.5 0.5
		}
	}
	geometry IndexedLineSet {
		coord Coordinate {
			point [
				-5.07753 -17.3776 -1.87807,
				-5.07753 -17.3776 -1.87805,
			]
		}
		coordIndex [
			0, 1, -1
		]
	}
}
#---------- POLYLINE
Shape {
	appearance Appearance {
		material Material {
			diffuseColor 0.5 0.5 0.5
			emissiveColor 0.5 0.5 0.5
		}
	}
	geometry IndexedLineSet {
		coord Coordinate {
			point [
				-13.7662 -18.2808 6.47066,
			]
		}
		coordIndex [
			0, -1
		]
	}
}
#---------- POLYLINE
Shape {
	appearance Appearance {
		material Material {
			diffuseColor 0 0 1
			emissiveColor 0 0 1
		}
	}
	geometry IndexedLineSet {
		coord Coordinate {
			point [
				-13.7662 -18.2808 6.47066,
				-13.7476 -18.2445 6.69214,
				-13.8662 -18.1464 6.79751,
				-13.9266 -18.0262 6.88279,
				-13.9653 -17.9174 6.91631,
				-14.0154 -17.8465 6.92957,
				-14.0394 -17.7789 6.94376,
				-14.1018 -17.7866 6.95717,
				-14.1539 -17.7951 6.97345,
				-14.1966 -17.7923 6.98737,
				-14.2156 -17.7942 7.019,
				-14.2414 -17.8046 7.03397,
				-14.2377 -17.8305 7.0355,
				-14.2326 -17.8221 7.01675,
				-14.225 -17.8159 7.0203,
				-14.2246 -17.8157 7.02016,
			]
		}
		coordIndex [
			0, 1, 2, 3, 4, 5, 6, 7, 8, 9, 
			10, 11, 12, 13, 14, 15, -1
		]
	}
}
#---------- POLYLINE
Shape {
	appearance Appearance {
		material Material {
			diffuseColor 0 1 0
			emissiveColor 0 1 0
		}
	}
	geometry IndexedLineSet {
		coord Coordinate {
			point [
				-14.2246 -17.8157 7.02016,
				-14.8057 -18.6802 6.82476,
				-29.423 -40.4263 1.9095,
				-338.338 -500 -101.968,
			]
		}
		coordIndex [
			0, 1, 2, 3, -1
		]
	}
}
#---------- POLYLINE
Shape {
	appearance Appearance {
		material Material {
			diffuseColor 0 1 0
			emissiveColor 0 1 0
		}
	}
	geometry IndexedLineSet {
		coord Coordinate {
			point [
				-14.2246 -17.8157 7.02016,
				-10.5365 -12.3289 8.26035,
				-4.13691 -2.8082 10.4123,
				1.03832 4.891 12.1526,
				6.79805 13.4598 14.0893,
				12.347 21.7149 15.9553,
				14.9369 25.568 16.8262,
				34.8057 20.0607 25,
				500 -108.882 216.377,
			]
		}
		coordIndex [
			0, 1, 2, 3, 4, 5, 6, 7, 8, -1
		]
	}
}
#---------- POLYLINE
Shape {
	appearance Appearance {
		material Material {
			diffuseColor 0.5 0.5 0.5
			emissiveColor 0.5 0.5 0.5
		}
	}
	geometry IndexedLineSet {
		coord Coordinate {
			point [
				-13.7662 -18.2808 6.47066,
				-6.60885 -20.9743 0.55535,
				24.3122 -32.6105 -25,
				500 -211.621 -418.142,
			]
		}
		coordIndex [
			0, 1, 2, 3, -1
		]
	}
}
#---------- POLYLINE
Shape {
	appearance Appearance {
		material Material {
			diffuseColor 0.5 0.5 0.5
			emissiveColor 0.5 0.5 0.5
		}
	}
	geometry IndexedLineSet {
		coord Coordinate {
			point [
				-13.7662 -18.2808 6.47066,
				-13.7662 -18.2808 6.47065,
			]
		}
		coordIndex [
			0, 1, -1
		]
	}
}
#---------- POLYLINE
Shape {
	appearance Appearance {
		material Material {
			diffuseColor 0.5 0.5 0.5
			emissiveColor 0.5 0.5 0.5
		}
	}
	geometry IndexedLineSet {
		coord Coordinate {
			point [
				-8.50337 -15.4349 11.4391,
			]
		}
		coordIndex [
			0, -1
		]
	}
}
#---------- POLYLINE
Shape {
	appearance Appearance {
		material Material {
			diffuseColor 0 0 1
			emissiveColor 0 0 1
		}
	}
	geometry IndexedLineSet {
		coord Coordinate {
			point [
				-8.50337 -15.4349 11.4391,
				-8.39924 -15.5383 11.3924,
				-8.33528 -15.635 11.3571,
				-8.26279 -15.6891 11.3095,
				-8.26125 -15.7528 11.2508,
				-8.24339 -15.8137 11.2134,
				-8.23904 -15.8504 11.1738,
				-8.24957 -15.8891 11.1494,
				-8.26251 -15.9022 11.1168,
				-8.26162 -15.9087 11.0873,
				-8.27789 -15.9276 11.085,
				-8.29089 -15.9401 11.0802,
				-8.2936 -15.9415 11.0799,
			]
		}
		coordIndex [
			0, 1, 2, 3, 4, 5, 6, 7, 8, 9, 
			10, 11, 12, -1
		]
	}
}
#---------- POLYLINE
Shape {
	appearance Appearance {
		material Material {
			diffuseColor 0 1 0
			emissiveColor 0 1 0
		}
	}
	geometry IndexedLineSet {
		coord Coordinate {
			point [
				-8.2936 -15.9415 11.0799,
				-9.59741 -22.2838 12.3585,
				-14.8325 -47.7493 17.4921,
				-107.804 -500 108.661,
			]
		}
		coordIndex [
			0, 1, 2, 3, -1
		]
	}
}
#---------- POLYLINE
Shape {
	appearance Appearance {
		material Material {
			diffuseColor 0 1 0
			emissiveColor 0 1 0
		}
	}
	geometry IndexedLineSet {
		coord Coordinate {
			point [
				-8.2936 -15.9415 11.0799,
				-7.66407 -12.8792 10.4626,
				-4.99931 0.083266 7.8495,
				-4.62673 1.89561 7.48415,
				1.32531 30.8488 1.64749,
				8.91096 42.2878 -25,
				144.128 246.192 -500,
			]
		}
		coordIndex [
			0, 1, 2, 3, 4, 5, 6, -1
		]
	}
}
#---------- POLYLINE
Shape {
	appearance Appearance {
		material Material {
			diffuseColor 0.5 0.5 0.5
			emissiveColor 0.5 0.5 0.5
		}
	}
	geometry IndexedLineSet {
		coord Coordinate {
			point [
				-8.50337 -15.4349 11.4391,
				-14.8844 -16.2311 7.80708,
				-45.7877 -20.087 -9.78291,
				-500 -76.7611 -268.318,
			]
		}
		coordIndex [
			0, 1, 2, 3, -1
		]
	}
}
#---------- POLYLINE
Shape {
	appearance Appearance {
		material Material {
			diffuseColor 0.5 0.5 0.5
			emissiveColor 0.5 0.5 0.5
		}
	}
	geometry IndexedLineSet {
		coord Coordinate {
			point [
				-8.50337 -15.4349 11.4391,
				-8.50337 -15.4349 11.4391,
			]
		}
		coordIndex [
			0, 1, -1
		]
	}
}
#---------- POLYLINE
Shape {
	appearance Appearance {
		material Material {
			diffuseColor 0.5 0.5 0.5
			emissiveColor 0.5 0.5 0.5
		}
	}
	geometry IndexedLineSet {
		coord Coordinate {
			point [
				-14.9192 -18.1446 12.8309,
			]
		}
		coordIndex [
			0, -1
		]
	}
}
#---------- POLYLINE
Shape {
	appearance Appearance {
		material Material {
			diffuseColor 0 0 1
			emissiveColor 0 0 1
		}
	}
	geometry IndexedLineSet {
		coord Coordinate {
			point [
				-14.9192 -18.1446 12.8309,
				-14.9272 -18.1481 12.8297,
				-14.9272 -18.1482 12.8297,
				-14.9275 -18.1483 12.8296,
				-14.9287 -18.1487 12.8295,
				-14.9291 -18.1488 12.8294,
				-14.9307 -18.1492 12.8291,
				-14.9337 -18.15 12.8284,
				-14.9398 -18.1517 12.8271,
				-14.952 -18.1532 12.8242,
				-14.9766 -18.1541 12.8201,
				-15.0039 -18.1492 12.8141,
				-15.0307 -18.1457 12.8119,
				-15.0497 -18.1302 12.8057,
				-15.0627 -18.1105 12.8013,
				-15.0703 -18.0918 12.7958,
				-15.0752 -18.0737 12.7905,
				-15.0813 -18.0573 12.7841,
				-15.0813 -18.0408 12.7786,
				-15.0811 -18.025 12.7747,
				-15.0813 -18.0101 12.7708,
				-15.0853 -17.9963 12.7684,
				-15.0893 -17.9845 12.7647,
				-15.0924 -17.973 12.761,
				-15.096 -17.9627 12.7562,
				-15.0995 -17.9534 12.7505,
				-15.104 -17.9253 12.7224,
				-15.0857 -17.9001 12.7072,
				-15.0898 -17.8732 12.6964,
				-15.0972 -17.8543 12.6977,
				-15.0956 -17.8606 12.6956,
				-15.0954 -17.8609 12.6954,
			]
		}
		coordIndex [
			0, 1, 2, 3, 4, 5, 6, 7, 8, 9, 
			10, 11, 12, 13, 14, 15, 16, 17, 18, 19, 
			20, 21, 22, 23, 24, 25, 26, 27, 28, 29, 
			30, 31, -1
		]
	}
}
#---------- POLYLINE
Shape {
	appearance Appearance {
		material Material {
			diffuseColor 0 1 0
			emissiveColor 0 1 0
		}
	}
	geometry IndexedLineSet {
		coord Coordinate {
			point [
				-15.0954 -17.8609 12.6954,
				-42.7747 -25.8907 21.1864,
				-500 -158.534 161.447,
			]
		}
		coordIndex [
			0, 1, 2, -1
		]
	}
}
#---------- POLYLINE
Shape {
	appearance Appearance {
		material Material {
			diffuseColor 0 1 0
			emissiveColor 0 1 0
		}
	}
	geometry IndexedLineSet {
		coord Coordinate {
			point [
				-15.0954 -17.8609 12.6954,
				-14.9723 -17.8252 12.6577,
				-5.51859 -15.0826 9.75761,
				49.9896 1.02054 -7.27031,
				500 131.57 -145.317,
			]
		}
		coordIndex [
			0, 1, 2, 3, 4, -1
		]
	}
}
#---------- POLYLINE
Shape {
	appearance Appearance {
		material Material {
			diffuseColor 0.5 0.5 0.5
			emissiveColor 0.5 0.5 0.5
		}
	}
	geometry IndexedLineSet {
		coord Coordinate {
			point [
				-14.9192 -18.1446 12.8309,
				-14.9151 -18.2174 12.7929,
				-13.2462 -48.2135 -2.89696,
				11.8901 -500 -239.21,
			]
		}
		coordIndex [
			0, 1, 2, 3, -1
		]
	}
}
#---------- POLYLINE
Shape {
	appearance Appearance {
		material Material {
			diffuseColor 0.5 0.5 0.5
			emissiveColor 0.5 0.5 0.5
		}
	}
	geometry IndexedLineSet {
		coord Coordinate {
			point [
				-14.9192 -18.1446 12.8309,
				-14.9192 -18.1446 12.8309,
			]
		}
		coordIndex [
			0, 1, -1
		]
	}
}
#---------- POLYLINE
Shape {
	appearance Appearance {
		material Material {
			diffuseColor 0.5 0.5 0.5
			emissiveColor 0.5 0.5 0.5
		}
	}
	geometry IndexedLineSet {
		coord Coordinate {
			point [
				-13.7639 -16.9663 19.5766,
			]
		}
		coordIndex [
			0, -1
		]
	}
}
#---------- POLYLINE
Shape {
	appearance Appearance {
		material Material {
			diffuseColor 0 0 1
			emissiveColor 0 0 1
		}
	}
	geometry IndexedLineSet {
		coord Coordinate {
			point [
				-13.7639 -16.9663 19.5766,
				-13.787 -16.9558 19.5403,
				-13.8083 -16.941 19.5086,
				-13.8658 -16.8902 19.4251,
				-13.901 -16.9261 19.3406,
				-13.935 -16.9682 19.2751,
				-13.9575 -17.015 19.228,
				-13.9618 -17.0716 19.208,
				-14.007 -17.0567 19.1865,
				-14.0336 -17.0253 19.1986,
				-14.0536 -17.026 19.2237,
				-14.0628 -17.0354 19.2453,
				-14.0693 -17.0366 19.2657,
				-14.0679 -17.0335 19.2737,
				-14.0682 -17.0341 19.2739,
			]
		}
		coordIndex [
			0, 1, 2, 3, 4, 5, 6, 7, 8, 9, 
			10, 11, 12, 13, 14, -1
		]
	}
}
#---------- POLYLINE
Shape {
	appearance Appearance {
		material Material {
			diffuseColor 0 1 0
			emissiveColor 0 1 0
		}
	}
	geometry IndexedLineSet {
		coord Coordinate {
			point [
				-14.0682 -17.0341 19.2739,
				-14.4036 -17.1922 20,
				-15.399 -17.6614 22.1549,
				-16.4409 -20.5331 25,
				-190.397 -499.965 500,
			]
		}
		coordIndex [
			0, 1, 2, 3, 4, -1
		]
	}
}
#---------- POLYLINE
Shape {
	appearance Appearance {
		material Material {
			diffuseColor 0 1 0
			emissiveColor 0 1 0
		}
	}
	geometry IndexedLineSet {
		coord Coordinate {
			point [
				-14.0682 -17.0341 19.2739,
				-6.68749 -13.5547 3.29546,
				4.28624 -8.3815 -20.4615,
				-10.4021 -12.1262 -23.1331,
				-10.4207 -9.95958 -25,
				-14.8123 500 -464.41,
			]
		}
		coordIndex [
			0, 1, 2, 3, 4, 5, -1
		]
	}
}
#---------- POLYLINE
Shape {
	appearance Appearance {
		material Material {
			diffuseColor 0.5 0.5 0.5
			emissiveColor 0.5 0.5 0.5
		}
	}
	geometry IndexedLineSet {
		coord Coordinate {
			point [
				-13.7639 -16.9663 19.5766,
				-14.7997 -18.701 19.5479,
				-28.2628 -41.2458 19.1746,
				-302.217 -500 11.5793,
			]
		}
		coordIndex [
			0, 1, 2, 3, -1
		]
	}
}
#---------- POLYLINE
Shape {
	appearance Appearance {
		material Material {
			diffuseColor 0.5 0.5 0.5
			emissiveColor 0.5 0.5 0.5
		}
	}
	geometry IndexedLineSet {
		coord Coordinate {
			point [
				-13.7639 -16.9663 19.5766,
				-13.7638 -16.9663 19.5766,
			]
		}
		coordIndex [
			0, 1, -1
		]
	}
}
#---------- POLYLINE
Shape {
	appearance Appearance {
		material Material {
			diffuseColor 0.5 0.5 0.5
			emissiveColor 0.5 0.5 0.5
		}
	}
	geometry IndexedLineSet {
		coord Coordinate {
			point [
				-10.3325 -17.2546 3.43041,
			]
		}
		coordIndex [
			0, -1
		]
	}
}
#---------- POLYLINE
Shape {
	appearance Appearance {
		material Material {
			diffuseColor 0 0 1
			emissiveColor 0 0 1
		}
	}
	geometry IndexedLineSet {
		coord Coordinate {
			point [
				-10.3325 -17.2546 3.43041,
				-10.3698 -17.2846 3.36834,
				-10.3646 -17.328 3.31684,
				-10.3189 -17.325 3.28749,
				-10.2963 -17.3415 3.26235,
				-10.2673 -17.3496 3.25507,
				-10.2435 -17.3588 3.26336,
				-10.2445 -17.3714 3.26871,
				-10.2449 -17.3708 3.26947,
				-10.2449 -17.3708 3.26945,
			]
		}
		coordIndex [
			0, 1, 2, 3, 4, 5, 6, 7, 8, 9, -1
		]
	}
}
#---------- POLYLINE
Shape {
	appearance Appearance {
		material Material {
			diffuseColor 0 1 0
			emissiveColor 0 1 0
		}
	}
	geometry IndexedLineSet {
		coord Coordinate {
			point [
				-10.2449 -17.3708 3.26945,
				-5.13523 -16.145 1.11772,
				5.60432 -13.5687 -3.40481,
				6.41614 -13.8135 -2.51311,
				14.9138 -16.3756 6.82059,
				31.4649 -21.366 25,
				463.918 -151.757 500,
			]
		}
		coordIndex [
			0, 1, 2, 3, 4, 5, 6, -1
		]
	}
}
#---------- POLYLINE
Shape {
	appearance Appearance {
		material Material {
			diffuseColor 0 1 0
			emissiveColor 0 1 0
		}
	}
	geometry IndexedLineSet {
		coord Coordinate {
			point [
				-10.2449 -17.3708 3.26945,
				-12.1007 -17.816 4.05094,
				-14.2207 -19.9806 3.67444,
				-32.1534 -38.2905 0.489683,
				-484.351 -500 -79.8184,
			]
		}
		coordIndex [
			0, 1, 2, 3, 4, -1
		]
	}
}
#---------- POLYLINE
Shape {
	appearance Appearance {
		material Material {
			diffuseColor 0.5 0.5 0.5
			emissiveColor 0.5 0.5 0.5
		}
	}
	geometry IndexedLineSet {
		coord Coordinate {
			point [
				-10.3325 -17.2546 3.43041,
				-11.9354 -21.9102 3.49683,
				-20.147 -45.7613 3.83711,
				-176.536 -500 10.3176,
			]
		}
		coordIndex [
			0, 1, 2, 3, -1
		]
	}
}
#---------- POLYLINE
Shape {
	appearance Appearance {
		material Material {
			diffuseColor 0.5 0.5 0.5
			emissiveColor 0.5 0.5 0.5
		}
	}
	geometry IndexedLineSet {
		coord Coordinate {
			point [
				-10.3325 -17.2546 3.43041,
				-10.3325 -17.2546 3.43042,
			]
		}
		coordIndex [
			0, 1, -1
		]
	}
}
#---------- POLYLINE
Shape {
	appearance Appearance {
		material Material {
			diffuseColor 0.5 0.5 0.5
			emissiveColor 0.5 0.5 0.5
		}
	}
	geometry IndexedLineSet {
		coord Coordinate {
			point [
				-10.2511 -14.8192 18.9466,
			]
		}
		coordIndex [
			0, -1
		]
	}
}
#---------- POLYLINE
Shape {
	appearance Appearance {
		material Material {
			diffuseColor 0 0 1
			emissiveColor 0 0 1
		}
	}
	geometry IndexedLineSet {
		coord Coordinate {
			point [
				-10.2511 -14.8192 18.9466,
				-10.3623 -14.7107 18.8627,
				-10.4217 -14.6041 18.7881,
				-10.5346 -14.5821 18.7398,
				-10.6282 -14.5403 18.7148,
				-10.6231 -14.555 18.787,
				-10.6073 -14.546 18.8398,
				-10.568 -14.5621 18.8599,
				-10.5313 -14.5773 18.8667,
				-10.5059 -14.5892 18.8485,
				-10.4848 -14.6089 18.8494,
				-10.4738 -14.6233 18.8649,
				-10.4784 -14.632 18.8741,
				-10.4786 -14.6324 18.8748,
			]
		}
		coordIndex [
			0, 1, 2, 3, 4, 5, 6, 7, 8, 9, 
			10, 11, 12, 13, -1
		]
	}
}
#---------- POLYLINE
Shape {
	appearance Appearance {
		material Material {
			diffuseColor 0 1 0
			emissiveColor 0 1 0
		}
	}
	geometry IndexedLineSet {
		coord Coordinate {
			point [
				-10.4786 -14.6324 18.8748,
				-5.88359 -20.1382 15.8528,
				16.6555 -47.1444 1.02966,
				394.603 -500 -247.533,
			]
		}
		coordIndex [
			0, 1, 2, 3, -1
		]
	}
}
#---------- POLYLINE
Shape {
	appearance Appearance {
		material Material {
			diffuseColor 0 1 0
			emissiveColor 0 1 0
		}
	}
	geometry IndexedLineSet {
		coord Coordinate {
			point [
				-10.4786 -14.6324 18.8748,
				-12.0561 -12.7423 19.9122,
				-19.7921 -3.47296 25,
				-439.984 500 301.346,
			]
		}
		coordIndex [
			0, 1, 2, 3, -1
		]
	}
}
#---------- POLYLINE
Shape {
	appearance Appearance {
		material Material {
			diffuseColor 0.5 0.5 0.5
			emissiveColor 0.5 0.5 0.5
		}
	}
	geometry IndexedLineSet {
		coord Coordinate {
			point [
				-10.2511 -14.8192 18.9466,
				-5.00803 -17.0167 16.3897,
				36.3369 -34.3458 -3.77341,
				500 -228.683 -229.893,
			]
		}
		coordIndex [
			0, 1, 2, 3, -1
		]
	}
}
#---------- POLYLINE
Shape {
	appearance Appearance {
		material Material {
			diffuseColor 0.5 0.5 0.5
			emissiveColor 0.5 0.5 0.5
		}
	}
	geometry IndexedLineSet {
		coord Coordinate {
			point [
				-10.2511 -14.8192 18.9466,
				-10.2511 -14.8192 18.9466,
			]
		}
		coordIndex [
			0, 1, -1
		]
	}
}
#---------- POLYLINE
Shape {
	appearance Appearance {
		material Material {
			diffuseColor 0.5 0.5 0.5
			emissiveColor 0.5 0.5 0.5
		}
	}
	geometry IndexedLineSet {
		coord Coordinate {
			point [
				-11.0265 -21.6591 -18.4453,
			]
		}
		coordIndex [
			0, -1
		]
	}
}
#---------- POLYLINE
Shape {
	appearance Appearance {
		material Material {
			diffuseColor 0 0 1
			emissiveColor 0 0 1
		}
	}
	geometry IndexedLineSet {
		coord Coordinate {
			point [
				-11.0265 -21.6591 -18.4453,
				-10.9827 -21.6597 -18.4604,
				-10.946 -21.6723 -18.4519,
				-10.9198 -21.6907 -18.451,
				-10.8969 -21.7004 -18.4599,
				-10.8826 -21.6864 -18.4523,
				-10.8782 -21.684 -18.461,
				-10.8784 -21.684 -18.4608,
			]
		}
		coordIndex [
			0, 1, 2, 3, 4, 5, 6, 7, -1
		]
	}
}
#---------- POLYLINE
Shape {
	appearance Appearance {
		material Material {
			diffuseColor 0 1 0
			emissiveColor 0 1 0
		}
	}
	geometry IndexedLineSet {
		coord Coordinate {
			point [
				-10.8784 -21.684 -18.4608,
				-9.49105 -22.274 -17.628,
				-8.86314 -22.5411 -17.251,
				15.7396 -19.2973 -25,
				500 44.5507 -177.525,
			]
		}
		coordIndex [
			0, 1, 2, 3, 4, -1
		]
	}
}
#---------- POLYLINE
Shape {
	appearance Appearance {
		material Material {
			diffuseColor 0 1 0
			emissiveColor 0 1 0
		}
	}
	geometry IndexedLineSet {
		coord Coordinate {
			point [
				-10.8784 -21.684 -18.4608,
				-13.4424 -20.5935 -20,
				-21.7713 -17.051 -25,
				-500 186.347 -312.088,
			]
		}
		coordIndex [
			0, 1, 2, 3, -1
		]
	}
}
#---------- POLYLINE
Shape {
	appearance Appearance {
		material Material {
			diffuseColor 0.5 0.5 0.5
			emissiveColor 0.5 0.5 0.5
		}
	}
	geometry IndexedLineSet {
		coord Coordinate {
			point [
				-11.0265 -21.6591 -18.4453,
				-10.6376 -22.2592 -17.8988,
				7.02179 -49.5045 6.91209,
				299.016 -500 417.155,
			]
		}
		coordIndex [
			0, 1, 2, 3, -1
		]
	}
}
#---------- POLYLINE
Shape {
	appearance Appearance {
		material Material {
			diffuseColor 0.5 0.5 0.5
			emissiveColor 0.5 0.5 0.5
		}
	}
	geometry IndexedLineSet {
		coord Coordinate {
			point [
				-11.0265 -21.6591 -18.4453,
				-11.0265 -21.6591 -18.4453,
			]
		}
		coordIndex [
			0, 1, -1
		]
	}
}
#---------- POLYLINE
Shape {
	appearance Appearance {
		material Material {
			diffuseColor 0.5 0.5 0.5
			emissiveColor 0.5 0.5 0.5
		}
	}
	geometry IndexedLineSet {
		coord Coordinate {
			point [
				-13.2192 -18.9633 13.0418,
			]
		}
		coordIndex [
			0, -1
		]
	}
}
#---------- POLYLINE
Shape {
	appearance Appearance {
		material Material {
			diffuseColor 0 0 1
			emissiveColor 0 0 1
		}
	}
	geometry IndexedLineSet {
		coord Coordinate {
			point [
				-13.2192 -18.9633 13.0418,
				-13.4364 -18.8819 12.9216,
				-13.6259 -18.7892 12.8594,
				-13.7412 -18.6901 12.7476,
				-13.8283 -18.5594 12.7125,
				-13.7033 -18.5857 12.7617,
				-13.5923 -18.57 12.7901,
				-13.5167 -18.564 12.8599,
				-13.4345 -18.5713 12.8852,
				-13.3713 -18.5555 12.9189,
				-13.311 -18.5708 12.9294,
				-13.2833 -18.6032 12.9618,
				-13.2465 -18.5836 12.9808,
				-13.266 -18.5756 13.0086,
				-13.2735 -18.5616 13.0005,
			]
		}
		coordIndex [
			0, 1, 2, 3, 4, 5, 6, 7, 8, 9, 
			10, 11, 12, 13, 14, -1
		]
	}
}
#---------- POLYLINE
Shape {
	appearance Appearance {
		material Material {
			diffuseColor 0 1 0
			emissiveColor 0 1 0
		}
	}
	geometry IndexedLineSet {
		coord Coordinate {
			point [
				-13.2735 -18.5616 13.0005,
				-14.371 -19.7279 16.329,
				-17.23 -22.7663 25,
				-173.848 -189.21 500,
			]
		}
		coordIndex [
			0, 1, 2, 3, -1
		]
	}
}
#---------- POLYLINE
Shape {
	appearance Appearance {
		material Material {
			diffuseColor 0 1 0
			emissiveColor 0 1 0
		}
	}
	geometry IndexedLineSet {
		coord Coordinate {
			point [
				-13.2735 -18.5616 13.0005,
				-10.8468 -15.9826 5.64062,
				-14.0453 -20.2386 5.6607,
				-19.2361 -27.1452 5.69328,
				-6.95443 -49.514 -7.26526,
				240.386 -500 -268.238,
			]
		}
		coordIndex [
			0, 1, 2, 3, 4, 5, -1
		]
	}
}
#---------- POLYLINE
Shape {
	appearance Appearance {
		material Material {
			diffuseColor 0.5 0.5 0.5
			emissiveColor 0.5 0.5 0.5
		}
	}
	geometry IndexedLineSet {
		coord Coordinate {
			point [
				-13.2192 -18.9633 13.0418,
				-13.0758 -13.358 16.9221,
				-12.7772 -1.68878 25,
				0.0593319 500 372.291,
			]
		}
		coordIndex [
			0, 1, 2, 3, -1
		]
	}
}
#---------- POLYLINE
Shape {
	appearance Appearance {
		material Material {
			diffuseColor 0.5 0.5 0.5
			emissiveColor 0.5 0.5 0.5
		}
	}
	geometry IndexedLineSet {
		coord Coordinate {
			point [
				-13.2192 -18.9633 13.0418,
				-13.2192 -18.9633 13.0418,
			]
		}
		coordIndex [
			0, 1, -1
		]
	}
}
#---------- POLYLINE
Shape {
	appearance Appearance {
		material Material {
			diffuseColor 0.5 0.5 0.5
			emissiveColor 0.5 0.5 0.5
		}
	}
	geometry IndexedLineSet {
		coord Coordinate {
			point [
				-13.0021 -16.8583 9.4063,
			]
		}
		coordIndex [
			0, -1
		]
	}
}
#---------- POLYLINE
Shape {
	appearance Appearance {
		material Material {
			diffuseColor 0 0 1
			emissiveColor 0 0 1
		}
	}
	geometry IndexedLineSet {
		coord Coordinate {
			point [
				-13.0021 -16.8583 9.4063,
				-13.0134 -16.9527 9.48832,
				-13.0057 -17.059 9.50583,
				-12.997 -17.1128 9.57856,
				-13.0057 -17.1481 9.637,
				-13.0106 -17.1699 9.68975,
				-12.9883 -17.166 9.7321,
				-12.9673 -17.1761 9.7654,
				-12.9539 -17.1788 9.79653,
				-12.9433 -17.1626 9.81756,
				-12.9357 -17.1624 9.83264,
				-12.9359 -17.1615 9.83397,
			]
		}
		coordIndex [
			0, 1, 2, 3, 4, 5, 6, 7, 8, 9, 
			10, 11, -1
		]
	}
}
#---------- POLYLINE
Shape {
	appearance Appearance {
		material Material {
			diffuseColor 0 1 0
			emissiveColor 0 1 0
		}
	}
	geometry IndexedLineSet {
		coord Coordinate {
			point [
				-12.9359 -17.1615 9.83397,
				-14.8689 -16.1625 8.02579,
				-42.9935 -1.62824 -18.2826,
				-39.9878 -3.56047 -25,
				172.547 -140.192 -500,
			]
		}
		coordIndex [
			0, 1, 2, 3, 4, -1
		]
	}
}
#---------- POLYLINE
Shape {
	appearance Appearance {
		material Material {
			diffuseColor 0 1 0
			emissiveColor 0 1 0
		}
	}
	geometry IndexedLineSet {
		coord Coordinate {
			point [
				-12.9359 -17.1615 9.83397,
				-6.25571 -20.6137 16.0828,
				3.27712 -25.54 25,
				500 -282.238 489.646,
			]
		}
		coordIndex [
			0, 1, 2, 3, -1
		]
	}
}
#---------- POLYLINE
Shape {
	appearance Appearance {
		material Material {
			diffuseColor 0.5 0.5 0.5
			emissiveColor 0.5 0.5 0.5
		}
	}
	geometry IndexedLineSet {
		coord Coordinate {
			point [
				-13.0021 -16.8583 9.4063,
				-12.6241 -21.5561 6.98305,
				-10.4238 -48.9014 -7.12247,
				25.872 -500 -239.813,
			]
		}
		coordIndex [
			0, 1, 2, 3, -1
		]
	}
}
#---------- POLYLINE
Shape {
	appearance Appearance {
		material Material {
			diffuseColor 0.5 0.5 0.5
			emissiveColor 0.5 0.5 0.5
		}
	}
	geometry IndexedLineSet {
		coord Coordinate {
			point [
				-13.0021 -16.8583 9.4063,
				-13.0021 -16.8583 9.40629,
			]
		}
		coordIndex [
			0, 1, -1
		]
	}
}
#---------- POLYLINE
Shape {
	appearance Appearance {
		material Material {
			diffuseColor 0.5 0.5 0.5
			emissiveColor 0.5 0.5 0.5
		}
	}
	geometry IndexedLineSet {
		coord Coordinate {
			point [
				8.59919 -19.8657 8.00333,
			]
		}
		coordIndex [
			0, -1
		]
	}
}
#---------- POLYLINE
Shape {
	appearance Appearance {
		material Material {
			diffuseColor 0 0 1
			emissiveColor 0 0 1
		}
	}
	geometry IndexedLineSet {
		coord Coordinate {
			point [
				8.59919 -19.8657 8.00333,
				8.62904 -19.7112 7.9708,
				8.69418 -19.5987 7.92841,
				8.76876 -19.5111 7.92598,
				8.81621 -19.4867 7.89891,
				8.83531 -19.4655 7.88282,
				8.85064 -19.4495 7.87296,
				8.85643 -19.4462 7.87616,
				8.85657 -19.4464 7.8757,
			]
		}
		coordIndex [
			0, 1, 2, 3, 4, 5, 6, 7, 8, -1
		]
	}
}
#---------- POLYLINE
Shape {
	appearance Appearance {
		material Material {
			diffuseColor 0 1 0
			emissiveColor 0 1 0
		}
	}
	geometry IndexedLineSet {
		coord Coordinate {
			point [
				8.85657 -19.4464 7.8757,
				9.38016 -22.2614 11.2077,
				9.48451 -22.8225 11.8718,
				20.2188 -21.2092 25,
				408.602 37.1602 500,
			]
		}
		coordIndex [
			0, 1, 2, 3, 4, -1
		]
	}
}
#---------- POLYLINE
Shape {
	appearance Appearance {
		material Material {
			diffuseColor 0 1 0
			emissiveColor 0 1 0
		}
	}
	geometry IndexedLineSet {
		coord Coordinate {
			point [
				8.85657 -19.4464 7.8757,
				7.63769 -12.8932 0.119059,
				3.69046 8.32847 -25,
				-70.9513 409.63 -500,
			]
		}
		coordIndex [
			0, 1, 2, 3, -1
		]
	}
}
#---------- POLYLINE
Shape {
	appearance Appearance {
		material Material {
			diffuseColor 0.5 0.5 0.5
			emissiveColor 0.5 0.5 0.5
		}
	}
	geometry IndexedLineSet {
		coord Coordinate {
			point [
				8.59919 -19.8657 8.00333,
				13.2829 -21.0713 1.59111,
				32.7059 -26.0708 -25,
				379.662 -115.378 -500,
			]
		}
		coordIndex [
			0, 1, 2, 3, -1
		]
	}
}
#---------- POLYLINE
Shape {
	appearance Appearance {
		material Material {
			diffuseColor 0.5 0.5 0.5
			emissiveColor 0.5 0.5 0.5
		}
	}
	geometry IndexedLineSet {
		coord Coordinate {
			point [
				8.59919 -19.8657 8.00333,
				8.59918 -19.8657 8.00334,
			]
		}
		coordIndex [
			0, 1, -1
		]
	}
}
#---------- POLYLINE
Shape {
	appearance Appearance {
		material Material {
			diffuseColor 0.5 0.5 0.5
			emissiveColor 0.5 0.5 0.5
		}
	}
	geometry IndexedLineSet {
		coord Coordinate {
			point [
				11.5196 -15.0836 -5.62959,
			]
		}
		coordIndex [
			0, -1
		]
	}
}
#---------- POLYLINE
Shape {
	appearance Appearance {
		material Material {
			diffuseColor 0 0 1
			emissiveColor 0 0 1
		}
	}
	geometry IndexedLineSet {
		coord Coordinate {
			point [
				11.5196 -15.0836 -5.62959,
				11.5118 -15.1338 -5.57984,
				11.5153 -15.1707 -5.53493,
				11.4811 -15.2014 -5.52128,
				11.4601 -15.2218 -5.49698,
				11.4455 -15.2406 -5.48529,
				11.4381 -15.246 -5.47977,
				11.4378 -15.2458 -5.4795,
			]
		}
		coordIndex [
			0, 1, 2, 3, 4, 5, 6, 7, -1
		]
	}
}
#---------- POLYLINE
Shape {
	appearance Appearance {
		material Material {
			diffuseColor 0 1 0
			emissiveColor 0 1 0
		}
	}
	geometry IndexedLineSet {
		coord Coordinate {
			point [
				11.4378 -15.2458 -5.4795,
				11.0563 -14.1033 -3.18861,
				11.8292 -19.9168 -8.48395,
				13.8265 -20.5183 -9.35038,
				32.7305 -26.2113 -17.5508,
				22.6169 -4.26052 8.34511,
				18.4619 4.75754 18.9839,
				16.1123 9.85712 25,
				-169.4 412.494 500,
			]
		}
		coordIndex [
			0, 1, 2, 3, 4, 5, 6, 7, 8, -1
		]
	}
}
#---------- POLYLINE
Shape {
	appearance Appearance {
		material Material {
			diffuseColor 0 1 0
			emissiveColor 0 1 0
		}
	}
	geometry IndexedLineSet {
		coord Coordinate {
			point [
				11.4378 -15.2458 -5.4795,
				13.1138 -20.2653 -15.5435,
				13.3464 -21.015 -16.0888,
				17.1472 -33.2677 -25,
				161.928 -500 -364.447,
			]
		}
		coordIndex [
			0, 1, 2, 3, 4, -1
		]
	}
}
#---------- POLYLINE
Shape {
	appearance Appearance {
		material Material {
			diffuseColor 0.5 0.5 0.5
			emissiveColor 0.5 0.5 0.5
		}
	}
	geometry IndexedLineSet {
		coord Coordinate {
			point [
				11.5196 -15.0836 -5.62959,
				14.8807 -16.2142 -6.00437,
				42.9214 -25.6467 -9.13106,
				500 -179.402 -60.0978,
			]
		}
		coordIndex [
			0, 1, 2, 3, -1
		]
	}
}
#---------- POLYLINE
Shape {
	appearance Appearance {
		material Material {
			diffuseColor 0.5 0.5 0.5
			emissiveColor 0.5 0.5 0.5
		}
	}
	geometry IndexedLineSet {
		coord Coordinate {
			point [
				11.5196 -15.0836 -5.62959,
				11.5196 -15.0836 -5.62959,
			]
		}
		coordIndex [
			0, 1, -1
		]
	}
}
#---------- POLYLINE
Shape {
	appearance Appearance {
		material Material {
			diffuseColor 0.5 0.5 0.5
			emissiveColor 0.5 0.5 0.5
		}
	}
	geometry IndexedLineSet {
		coord Coordinate {
			point [
				9.04245 -22.1051 -6.91337,
			]
		}
		coordIndex [
			0, -1
		]
	}
}
#---------- POLYLINE
Shape {
	appearance Appearance {
		material Material {
			diffuseColor 0 0 1
			emissiveColor 0 0 1
		}
	}
	geometry IndexedLineSet {
		coord Coordinate {
			point [
				9.04245 -22.1051 -6.91337,
				8.97609 -22.1191 -6.8765,
				8.90684 -22.1224 -6.85503,
				8.85371 -22.1329 -6.84606,
				8.82112 -22.1376 -6.84768,
				8.80125 -22.1427 -6.85107,
				8.79144 -22.1462 -6.85489,
				8.78695 -22.1486 -6.85656,
				8.78662 -22.1488 -6.85668,
				8.78596 -22.1491 -6.85693,
				8.78517 -22.1495 -6.85722,
				8.78509 -22.1496 -6.85726,
				8.78435 -22.15 -6.85754,
				8.78277 -22.1508 -6.85814,
				8.78269 -22.1509 -6.85817,
				8.78227 -22.1511 -6.85829,
				8.78212 -22.1512 -6.8583,
				8.78186 -22.1513 -6.85832,
				8.78122 -22.1515 -6.85836,
				8.77912 -22.1524 -6.85855,
				8.77578 -22.1537 -6.85903,
				8.77057 -22.1558 -6.85995,
				8.76334 -22.1611 -6.86119,
				8.75209 -22.1721 -6.86327,
				8.73171 -22.1927 -6.86793,
				8.69488 -22.2237 -6.88019,
				8.65821 -22.251 -6.88716,
				8.6177 -22.2628 -6.87947,
				8.57957 -22.2647 -6.86926,
				8.54435 -22.2533 -6.86445,
				8.50947 -22.2493 -6.86809,
				8.47623 -22.2462 -6.8715,
				8.44587 -22.2384 -6.8734,
				8.4181 -22.2297 -6.87525,
				8.39277 -22.2222 -6.87086,
				8.36866 -22.2195 -6.86553,
				8.33206 -22.2132 -6.86348,
				8.31377 -22.2197 -6.84689,
				8.29922 -22.2071 -6.84112,
				8.30091 -22.2006 -6.83855,
				8.30082 -22.2005 -6.83857,
			]
		}
		coordIndex [
			0, 1, 2, 3, 4, 5, 6, 7, 8, 9, 
			10, 11, 12, 13, 14, 15, 16, 17, 18, 19, 
			20, 21, 22, 23, 24, 25, 26, 27, 28, 29, 
			30, 31, 32, 33, 34, 35, 36, 37, 38, 39, 
			40, -1
		]
	}
}
#---------- POLYLINE
Shape {
	appearance Appearance {
		material Material {
			diffuseColor 0 1 0
			emissiveColor 0 1 0
		}
	}
	geometry IndexedLineSet {
		coord Coordinate {
			point [
				8.30082 -22.2005 -6.83857,
				8.46902 -22.0598 -7.41575,
				9.29471 -21.3693 -10.2492,
				9.82803 -22.297 -13.4143,
				11.6965 -25.5473 -24.503,
				20.4679 -45.6187 -18.9014,
				219.038 -500 107.909,
			]
		}
		coordIndex [
			0, 1, 2, 3, 4, 5, 6, -1
		]
	}
}
#---------- POLYLINE
Shape {
	appearance Appearance {
		material Material {
			diffuseColor 0 1 0
			emissiveColor 0 1 0
		}
	}
	geometry IndexedLineSet {
		coord Coordinate {
			point [
				8.30082 -22.2005 -6.83857,
				-0.977164 -29.9598 25,
				-139.396 -145.721 500,
			]
		}
		coordIndex [
			0, 1, 2, -1
		]
	}
}
#---------- POLYLINE
Shape {
	appearance Appearance {
		material Material {
			diffuseColor 0.5 0.5 0.5
			emissiveColor 0.5 0.5 0.5
		}
	}
	geometry IndexedLineSet {
		coord Coordinate {
			point [
				9.04245 -22.1051 -6.91337,
				9.13261 -22.2242 -6.92002,
				25.0629 -43.2649 -8.09561,
				370.866 -500 -33.6144,
			]
		}
		coordIndex [
			0, 1, 2, 3, -1
		]
	}
}
#---------- POLYLINE
Shape {
	appearance Appearance {
		material Material {
			diffuseColor 0.5 0.5 0.5
			emissiveColor 0.5 0.5 0.5
		}
	}
	geometry IndexedLineSet {
		coord Coordinate {
			point [
				9.04245 -22.1051 -6.91337,
				9.04246 -22.1051 -6.91337,
			]
		}
		coordIndex [
			0, 1, -1
		]
	}
}
#---------- POLYLINE
Shape {
	appearance Appearance {
		material Material {
			diffuseColor 0.5 0.5 0.5
			emissiveColor 0.5 0.5 0.5
		}
	}
	geometry IndexedLineSet {
		coord Coordinate {
			point [
				7.94036 -17.6196 -13.7607,
			]
		}
		coordIndex [
			0, -1
		]
	}
}
#---------- POLYLINE
Shape {
	appearance Appearance {
		material Material {
			diffuseColor 0 0 1
			emissiveColor 0 0 1
		}
	}
	geometry IndexedLineSet {
		coord Coordinate {
			point [
				7.94036 -17.6196 -13.7607,
				7.92496 -17.5074 -13.7512,
				7.90559 -17.4319 -13.7402,
				7.86767 -17.3947 -13.7816,
				7.837 -17.4117 -13.7395,
				7.82889 -17.4451 -13.7228,
				7.82727 -17.4574 -13.6939,
				7.82783 -17.4365 -13.6841,
				7.82801 -17.4357 -13.6838,
			]
		}
		coordIndex [
			0, 1, 2, 3, 4, 5, 6, 7, 8, -1
		]
	}
}
#---------- POLYLINE
Shape {
	appearance Appearance {
		material Material {
			diffuseColor 0 1 0
			emissiveColor 0 1 0
		}
	}
	geometry IndexedLineSet {
		coord Coordinate {
			point [
				7.82801 -17.4357 -13.6838,
				14.2067 -14.5974 -15.5954,
				45.5881 -0.633861 -25,
				500 201.563 -161.181,
			]
		}
		coordIndex [
			0, 1, 2, 3, -1
		]
	}
}
#---------- POLYLINE
Shape {
	appearance Appearance {
		material Material {
			diffuseColor 0 1 0
			emissiveColor 0 1 0
		}
	}
	geometry IndexedLineSet {
		coord Coordinate {
			point [
				7.82801 -17.4357 -13.6838,
				5.1762 -18.6156 -12.8891,
				-34.443 -36.2447 -1.01576,
				-500 -243.4 138.505,
			]
		}
		coordIndex [
			0, 1, 2, 3, -1
		]
	}
}
#---------- POLYLINE
Shape {
	appearance Appearance {
		material Material {
			diffuseColor 0.5 0.5 0.5
			emissiveColor 0.5 0.5 0.5
		}
	}
	geometry IndexedLineSet {
		coord Coordinate {
			point [
				7.94036 -17.6196 -13.7607,
				14.2379 -19.9534 -4.02287,
				33.0073 -26.9089 25,
				340.195 -140.746 500,
			]
		}
		coordIndex [
			0, 1, 2, 3, -1
		]
	}
}
#---------- POLYLINE
Shape {
	appearance Appearance {
		material Material {
			diffuseColor 0.5 0.5 0.5
			emissiveColor 0.5 0.5 0.5
		}
	}
	geometry IndexedLineSet {
		coord Coordinate {
			point [
				7.94036 -17.6196 -13.7607,
				7.94035 -17.6196 -13.7607,
			]
		}
		coordIndex [
			0, 1, -1
		]
	}
}
#---------- POLYLINE
Shape {
	appearance Appearance {
		material Material {
			diffuseColor 0.5 0.5 0.5
			emissiveColor 0.5 0.5 0.5
		}
	}
	geometry IndexedLineSet {
		coord Coordinate {
			point [
				5.8187 -15.4077 -18.2314,
			]
		}
		coordIndex [
			0, -1
		]
	}
}
#---------- POLYLINE
Shape {
	appearance Appearance {
		material Material {
			diffuseColor 0 0 1
			emissiveColor 0 0 1
		}
	}
	geometry IndexedLineSet {
		coord Coordinate {
			point [
				5.8187 -15.4077 -18.2314,
				5.77622 -15.4196 -18.2317,
				5.73528 -15.4267 -18.2344,
				5.69792 -15.4275 -18.2225,
				5.66552 -15.4324 -18.2082,
				5.63283 -15.4385 -18.2027,
				5.60109 -15.4436 -18.1979,
				5.57395 -15.4456 -18.1923,
				5.5503 -15.4464 -18.1877,
				5.52853 -15.4457 -18.1806,
				5.50774 -15.4492 -18.1748,
				5.48885 -15.4564 -18.1727,
				5.47272 -15.4655 -18.1735,
				5.45711 -15.4738 -18.1739,
				5.44201 -15.4801 -18.1762,
				5.43348 -15.4894 -18.1797,
				5.42652 -15.5016 -18.1798,
				5.41747 -15.5112 -18.1803,
				5.40754 -15.5185 -18.1807,
				5.39747 -15.5222 -18.1756,
				5.38715 -15.5257 -18.1731,
				5.3789 -15.5308 -18.1708,
				5.37133 -15.5364 -18.1705,
				5.36449 -15.5415 -18.1735,
				5.35726 -15.5455 -18.1769,
				5.35042 -15.5488 -18.18,
				5.34352 -15.5518 -18.181,
				5.33751 -15.5532 -18.1775,
				5.33243 -15.5543 -18.1731,
				5.32754 -15.5562 -18.169,
				5.32285 -15.5588 -18.1661,
				5.3182 -15.5613 -18.1635,
				5.3149 -15.5648 -18.1608,
				5.31328 -15.5672 -18.1583,
				5.31216 -15.5694 -18.1562,
				5.31095 -15.5713 -18.1546,
				5.31097 -15.5736 -18.1537,
				5.31092 -15.576 -18.1517,
				5.31048 -15.5793 -18.1494,
				5.31004 -15.5832 -18.1481,
				5.31027 -15.587 -18.1469,
				5.31013 -15.5907 -18.1463,
				5.3096 -15.5938 -18.1448,
				5.30923 -15.5967 -18.1439,
				5.30945 -15.5993 -18.1431,
				5.30954 -15.6015 -18.1417,
				5.30976 -15.6035 -18.1412,
				5.31015 -15.6056 -18.1412,
				5.31015 -15.6056 -18.1412,
			]
		}
		coordIndex [
			0, 1, 2, 3, 4, 5, 6, 7, 8, 9, 
			10, 11, 12, 13, 14, 15, 16, 17, 18, 19, 
			20, 21, 22, 23, 24, 25, 26, 27, 28, 29, 
			30, 31, 32, 33, 34, 35, 36, 37, 38, 39, 
			40, 41, 42, 43, 44, 45, 46, 47, 48, -1
		]
	}
}
#---------- POLYLINE
Shape {
	appearance Appearance {
		material Material {
			diffuseColor 0 1 0
			emissiveColor 0 1 0
		}
	}
	geometry IndexedLineSet {
		coord Coordinate {
			point [
				5.31015 -15.6056 -18.1412,
				5.28667 -15.6313 -18.1087,
				-1.40418 -22.951 -8.85675,
				13.2742 -33.7278 -25,
				445.173 -350.825 -500,
			]
		}
		coordIndex [
			0, 1, 2, 3, 4, -1
		]
	}
}
#---------- POLYLINE
Shape {
	appearance Appearance {
		material Material {
			diffuseColor 0 1 0
			emissiveColor 0 1 0
		}
	}
	geometry IndexedLineSet {
		coord Coordinate {
			point [
				5.31015 -15.6056 -18.1412,
				6.65439 -14.135 -20,
				10.2703 -10.1793 -25,
				353.781 365.619 -500,
			]
		}
		coordIndex [
			0, 1, 2, 3, -1
		]
	}
}
#---------- POLYLINE
Shape {
	appearance Appearance {
		material Material {
			diffuseColor 0.5 0.5 0.5
			emissiveColor 0.5 0.5 0.5
		}
	}
	geometry IndexedLineSet {
		coord Coordinate {
			point [
				5.8187 -15.4077 -18.2314,
				5.0325 -16.7309 -18.7842,
				-3.80752 -31.6079 -25,
				-282.129 -500 -220.7,
			]
		}
		coordIndex [
			0, 1, 2, 3, -1
		]
	}
}
#---------- POLYLINE
Shape {
	appearance Appearance {
		material Material {
			diffuseColor 0.5 0.5 0.5
			emissiveColor 0.5 0.5 0.5
		}
	}
	geometry IndexedLineSet {
		coord Coordinate {
			point [
				5.8187 -15.4077 -18.2314,
				5.81871 -15.4077 -18.2314,
			]
		}
		coordIndex [
			0, 1, -1
		]
	}
}
#---------- POLYLINE
Shape {
	appearance Appearance {
		material Material {
			diffuseColor 0.5 0.5 0.5
			emissiveColor 0.5 0.5 0.5
		}
	}
	geometry IndexedLineSet {
		coord Coordinate {
			point [
				6.71917 -14.122 0.123933,
			]
		}
		coordIndex [
			0, -1
		]
	}
}
#---------- POLYLINE
Shape {
	appearance Appearance {
		material Material {
			diffuseColor 0 0 1
			emissiveColor 0 0 1
		}
	}
	geometry IndexedLineSet {
		coord Coordinate {
			point [
				6.71917 -14.122 0.123933,
				6.67152 -14.1616 0.0513003,
				6.61938 -14.2102 0.0230597,
				6.58994 -14.2305 0.0773227,
				6.57109 -14.2073 0.126289,
				6.56469 -14.237 0.164567,
				6.54846 -14.2687 0.183792,
				6.54338 -14.3 0.197522,
				6.55418 -14.3239 0.20934,
				6.56664 -14.3434 0.210617,
				6.57811 -14.3519 0.217675,
				6.57888 -14.3524 0.217507,
			]
		}
		coordIndex [
			0, 1, 2, 3, 4, 5, 6, 7, 8, 9, 
			10, 11, -1
		]
	}
}
#---------- POLYLINE
Shape {
	appearance Appearance {
		material Material {
			diffuseColor 0 1 0
			emissiveColor 0 1 0
		}
	}
	geometry IndexedLineSet {
		coord Coordinate {
			point [
				6.57888 -14.3524 0.217507,
				6.13573 -14.1271 0.282983,
				-15.9306 -2.90516 3.54333,
				-24.7447 1.57728 4.84563,
				-48.1488 13.4795 8.30362,
				-500 243.27 75.0655,
			]
		}
		coordIndex [
			0, 1, 2, 3, 4, 5, -1
		]
	}
}
#---------- POLYLINE
Shape {
	appearance Appearance {
		material Material {
			diffuseColor 0 1 0
			emissiveColor 0 1 0
		}
	}
	geometry IndexedLineSet {
		coord Coordinate {
			point [
				6.57888 -14.3524 0.217507,
				14.8402 -18.5538 -1.00313,
				39.2541 -30.9696 -4.61032,
				500 -265.284 -72.6864,
			]
		}
		coordIndex [
			0, 1, 2, 3, -1
		]
	}
}
#---------- POLYLINE
Shape {
	appearance Appearance {
		material Material {
			diffuseColor 0.5 0.5 0.5
			emissiveColor 0.5 0.5 0.5
		}
	}
	geometry IndexedLineSet {
		coord Coordinate {
			point [
				6.71917 -14.122 0.123933,
				6.22644 -14.0197 -1.12136,
				-3.22171 -12.0579 -25,
				-191.167 26.9667 -500,
			]
		}
		coordIndex [
			0, 1, 2, 3, -1
		]
	}
}
#---------- POLYLINE
Shape {
	appearance Appearance {
		material Material {
			diffuseColor 0.5 0.5 0.5
			emissiveColor 0.5 0.5 0.5
		}
	}
	geometry IndexedLineSet {
		coord Coordinate {
			point [
				6.71917 -14.122 0.123933,
				6.71918 -14.122 0.123946,
			]
		}
		coordIndex [
			0, 1, -1
		]
	}
}
#---------- POLYLINE
Shape {
	appearance Appearance {
		material Material {
			diffuseColor 0.5 0.5 0.5
			emissiveColor 0.5 0.5 0.5
		}
	}
	geometry IndexedLineSet {
		coord Coordinate {
			point [
				9.72147 -18.188 -15.0309,
			]
		}
		coordIndex [
			0, -1
		]
	}
}
#---------- POLYLINE
Shape {
	appearance Appearance {
		material Material {
			diffuseColor 0 0 1
			emissiveColor 0 0 1
		}
	}
	geometry IndexedLineSet {
		coord Coordinate {
			point [
				9.72147 -18.188 -15.0309,
				9.84114 -18.0049 -14.7745,
				9.85023 -17.8499 -14.6581,
				9.85862 -17.7292 -14.5563,
				9.91225 -17.664 -14.4619,
				10.0013 -17.6437 -14.426,
				10.0553 -17.643 -14.3638,
				10.1245 -17.6587 -14.362,
				10.1643 -17.6981 -14.3693,
				10.1616 -17.74 -14.3498,
				10.1754 -17.7717 -14.3624,
			]
		}
		coordIndex [
			0, 1, 2, 3, 4, 5, 6, 7, 8, 9, 
			10, -1
		]
	}
}
#---------- POLYLINE
Shape {
	appearance Appearance {
		material Material {
			diffuseColor 0 1 0
			emissiveColor 0 1 0
		}
	}
	geometry IndexedLineSet {
		coord Coordinate {
			point [
				10.1754 -17.7717 -14.3624,
				11.3031 -22.1272 -18.2701,
				13.2453 -29.6283 -25,
				135.034 -500 -447.011,
			]
		}
		coordIndex [
			0, 1, 2, 3, -1
		]
	}
}
#---------- POLYLINE
Shape {
	appearance Appearance {
		material Material {
			diffuseColor 0 1 0
			emissiveColor 0 1 0
		}
	}
	geometry IndexedLineSet {
		coord Coordinate {
			point [
				10.1754 -17.7717 -14.3624,
				8.79671 -12.447 -9.58514,
				8.02957 -9.4841 -6.92692,
				-11.3438 -48.6962 -2.52915,
				-234.318 -500 48.0861,
			]
		}
		coordIndex [
			0, 1, 2, 3, 4, -1
		]
	}
}
#---------- POLYLINE
Shape {
	appearance Appearance {
		material Material {
			diffuseColor 0.5 0.5 0.5
			emissiveColor 0.5 0.5 0.5
		}
	}
	geometry IndexedLineSet {
		coord Coordinate {
			point [
				9.72147 -18.188 -15.0309,
				12.2795 -12.8499 -17.5582,
				19.8118 2.86834 -25,
				258.041 500 -260.366,
			]
		}
		coordIndex [
			0, 1, 2, 3, -1
		]
	}
}
#---------- POLYLINE
Shape {
	appearance Appearance {
		material Material {
			diffuseColor 0.5 0.5 0.5
			emissiveColor 0.5 0.5 0.5
		}
	}
	geometry IndexedLineSet {
		coord Coordinate {
			point [
				9.72147 -18.188 -15.0309,
				9.72146 -18.188 -15.0309,
			]
		}
		coordIndex [
			0, 1, -1
		]
	}
}
#---------- POLYLINE
Shape {
	appearance Appearance {
		material Material {
			diffuseColor 0.5 0.5 0.5
			emissiveColor 0.5 0.5 0.5
		}
	}
	geometry IndexedLineSet {
		coord Coordinate {
			point [
				7.01868 -20.3249 -17.5479,
			]
		}
		coordIndex [
			0, -1
		]
	}
}
#---------- POLYLINE
Shape {
	appearance Appearance {
		material Material {
			diffuseColor 0 0 1
			emissiveColor 0 0 1
		}
	}
	geometry IndexedLineSet {
		coord Coordinate {
			point [
				7.01868 -20.3249 -17.5479,
				7.06991 -20.3411 -17.4793,
				7.07034 -20.3315 -17.4059,
				7.07407 -20.3096 -17.3522,
				7.052 -20.2896 -17.3243,
				7.02587 -20.2671 -17.3168,
				7.01391 -20.2414 -17.3246,
				7.02013 -20.229 -17.3444,
				7.02094 -20.2209 -17.3587,
				7.02308 -20.2217 -17.3591,
				7.02307 -20.2217 -17.3592,
			]
		}
		coordIndex [
			0, 1, 2, 3, 4, 5, 6, 7, 8, 9, 
			10, -1
		]
	}
}
#---------- POLYLINE
Shape {
	appearance Appearance {
		material Material {
			diffuseColor 0 1 0
			emissiveColor 0 1 0
		}
	}
	geometry IndexedLineSet {
		coord Coordinate {
			point [
				7.02307 -20.2217 -17.3592,
				6.1819 -20.5283 -17.0388,
				-35.1228 -35.5863 -1.30861,
				-500 -205.061 175.732,
			]
		}
		coordIndex [
			0, 1, 2, 3, -1
		]
	}
}
#---------- POLYLINE
Shape {
	appearance Appearance {
		material Material {
			diffuseColor 0 1 0
			emissiveColor 0 1 0
		}
	}
	geometry IndexedLineSet {
		coord Coordinate {
			point [
				7.02307 -20.2217 -17.3592,
				13.9574 -17.6937 -20,
				27.0865 -12.9074 -25,
				500 159.497 -205.101,
			]
		}
		coordIndex [
			0, 1, 2, 3, -1
		]
	}
}
#---------- POLYLINE
Shape {
	appearance Appearance {
		material Material {
			diffuseColor 0.5 0.5 0.5
			emissiveColor 0.5 0.5 0.5
		}
	}
	geometry IndexedLineSet {
		coord Coordinate {
			point [
				7.01868 -20.3249 -17.5479,
				12.0037 -21.881 -16.3412,
				39.6192 -30.5012 -9.65637,
				500 -174.21 101.787,
			]
		}
		coordIndex [
			0, 1, 2, 3, -1
		]
	}
}
#---------- POLYLINE
Shape {
	appearance Appearance {
		material Material {
			diffuseColor 0.5 0.5 0.5
			emissiveColor 0.5 0.5 0.5
		}
	}
	geometry IndexedLineSet {
		coord Coordinate {
			point [
				7.01868 -20.3249 -17.5479,
				7.01867 -20.3249 -17.5479,
			]
		}
		coordIndex [
			0, 1, -1
		]
	}
}
#---------- POLYLINE
Shape {
	appearance Appearance {
		material Material {
			diffuseColor 0.5 0.5 0.5
			emissiveColor 0.5 0.5 0.5
		}
	}
	geometry IndexedLineSet {
		coord Coordinate {
			point [
				7.25483 -18.7557 10.9154,
			]
		}
		coordIndex [
			0, -1
		]
	}
}
#---------- POLYLINE
Shape {
	appearance Appearance {
		material Material {
			diffuseColor 0 0 1
			emissiveColor 0 0 1
		}
	}
	geometry IndexedLineSet {
		coord Coordinate {
			point [
				7.25483 -18.7557 10.9154,
				7.41805 -18.9396 10.9199,
				7.43027 -18.9554 10.915,
				7.43222 -18.9544 10.9162,
				7.43223 -18.9544 10.9161,
			]
		}
		coordIndex [
			0, 1, 2, 3, 4, -1
		]
	}
}
#---------- POLYLINE
Shape {
	appearance Appearance {
		material Material {
			diffuseColor 0 1 0
			emissiveColor 0 1 0
		}
	}
	geometry IndexedLineSet {
		coord Coordinate {
			point [
				7.43223 -18.9544 10.9161,
				6.09242 -20.4194 13.9394,
				1.19069 -25.7791 25,
				-209.315 -255.952 500,
			]
		}
		coordIndex [
			0, 1, 2, 3, -1
		]
	}
}
#---------- POLYLINE
Shape {
	appearance Appearance {
		material Material {
			diffuseColor 0 1 0
			emissiveColor 0 1 0
		}
	}
	geometry IndexedLineSet {
		coord Coordinate {
			point [
				7.43223 -18.9544 10.9161,
				12.7589 -13.1301 -1.1034,
				13.7948 -11.9975 -3.44074,
				20.1333 -14.0823 -5.76384,
				41.2769 -2.73071 -25,
				500 243.55 -442.34,
			]
		}
		coordIndex [
			0, 1, 2, 3, 4, 5, -1
		]
	}
}
#---------- POLYLINE
Shape {
	appearance Appearance {
		material Material {
			diffuseColor 0.5 0.5 0.5
			emissiveColor 0.5 0.5 0.5
		}
	}
	geometry IndexedLineSet {
		coord Coordinate {
			point [
				7.25483 -18.7557 10.9154,
				9.85908 -22.298 9.82645,
				25.2105 -43.179 3.40733,
				361.059 -500 -137.026,
			]
		}
		coordIndex [
			0, 1, 2, 3, -1
		]
	}
}
#---------- POLYLINE
Shape {
	appearance Appearance {
		material Material {
			diffuseColor 0.5 0.5 0.5
			emissiveColor 0.5 0.5 0.5
		}
	}
	geometry IndexedLineSet {
		coord Coordinate {
			point [
				7.25483 -18.7557 10.9154,
				7.25482 -18.7557 10.9154,
			]
		}
		coordIndex [
			0, 1, -1
		]
	}
}
#---------- POLYLINE
Shape {
	appearance Appearance {
		material Material {
			diffuseColor 0.5 0.5 0.5
			emissiveColor 0.5 0.5 0.5
		}
	}
	geometry IndexedLineSet {
		coord Coordinate {
			point [
				11.8088 -14.7482 -11.5331,
			]
		}
		coordIndex [
			0, -1
		]
	}
}
#---------- POLYLINE
Shape {
	appearance Appearance {
		material Material {
			diffuseColor 0 0 1
			emissiveColor 0 0 1
		}
	}
	geometry IndexedLineSet {
		coord Coordinate {
			point [
				11.8088 -14.7482 -11.5331,
				11.7683 -14.8844 -11.7005,
				11.6993 -15.0515 -11.6806,
				11.7307 -15.1895 -11.6736,
				11.7167 -15.2787 -11.5929,
				11.6853 -15.3219 -11.5349,
				11.6643 -15.3404 -11.4801,
				11.6779 -15.3925 -11.4743,
				11.6995 -15.4316 -11.4767,
				11.6925 -15.4621 -11.4941,
				11.6827 -15.4886 -11.4892,
				11.687 -15.5035 -11.4711,
				11.6904 -15.5045 -11.4562,
				11.6896 -15.5043 -11.4552,
			]
		}
		coordIndex [
			0, 1, 2, 3, 4, 5, 6, 7, 8, 9, 
			10, 11, 12, 13, -1
		]
	}
}
#---------- POLYLINE
Shape {
	appearance Appearance {
		material Material {
			diffuseColor 0 1 0
			emissiveColor 0 1 0
		}
	}
	geometry IndexedLineSet {
		coord Coordinate {
			point [
				11.6896 -15.5043 -11.4552,
				12.3528 -12.8882 -7.16291,
				15.2355 -1.51631 11.4947,
				16.5331 3.6029 19.8937,
				17.3221 6.71519 25,
				90.7112 296.228 500,
			]
		}
		coordIndex [
			0, 1, 2, 3, 4, 5, -1
		]
	}
}
#---------- POLYLINE
Shape {
	appearance Appearance {
		material Material {
			diffuseColor 0 1 0
			emissiveColor 0 1 0
		}
	}
	geometry IndexedLineSet {
		coord Coordinate {
			point [
				11.6896 -15.5043 -11.4552,
				10.3694 -20.7124 -20,
				9.59691 -23.7599 -25,
				-63.7922 -313.273 -500,
			]
		}
		coordIndex [
			0, 1, 2, 3, -1
		]
	}
}
#---------- POLYLINE
Shape {
	appearance Appearance {
		material Material {
			diffuseColor 0.5 0.5 0.5
			emissiveColor 0.5 0.5 0.5
		}
	}
	geometry IndexedLineSet {
		coord Coordinate {
			point [
				11.8088 -14.7482 -11.5331,
				14.6593 -15.4858 -13.4513,
				31.8212 -19.9265 -25,
				500 -141.069 -340.05,
			]
		}
		coordIndex [
			0, 1, 2, 3, -1
		]
	}
}
#---------- POLYLINE
Shape {
	appearance Appearance {
		material Material {
			diffuseColor 0.5 0.5 0.5
			emissiveColor 0.5 0.5 0.5
		}
	}
	geometry IndexedLineSet {
		coord Coordinate {
			point [
				11.8088 -14.7482 -11.5331,
				11.8088 -14.7482 -11.5331,
			]
		}
		coordIndex [
			0, 1, -1
		]
	}
}
#---------- POLYLINE
Shape {
	appearance Appearance {
		material Material {
			diffuseColor 0.5 0.5 0.5
			emissiveColor 0.5 0.5 0.5
		}
	}
	geometry IndexedLineSet {
		coord Coordinate {
			point [
				6.83644 -16.2838 -0.970241,
			]
		}
		coordIndex [
			0, -1
		]
	}
}
#---------- POLYLINE
Shape {
	appearance Appearance {
		material Material {
			diffuseColor 0 0 1
			emissiveColor 0 0 1
		}
	}
	geometry IndexedLineSet {
		coord Coordinate {
			point [
				6.83644 -16.2838 -0.970241,
				6.76163 -16.4 -0.914891,
				6.69709 -16.5154 -0.884542,
				6.67763 -16.6317 -0.835501,
				6.6607 -16.9133 -0.685202,
				6.51482 -17.1059 -0.731187,
				6.42981 -17.2703 -0.830412,
				6.48225 -17.2999 -0.998507,
				6.48587 -17.3352 -1.13341,
				6.5011 -17.4056 -1.22113,
				6.56223 -17.4588 -1.27155,
				6.60745 -17.4966 -1.3232,
				6.66905 -17.5065 -1.34137,
				6.67524 -17.461 -1.34497,
				6.69615 -17.4298 -1.3567,
				6.66438 -17.4294 -1.35093,
				6.6458 -17.4267 -1.34024,
			]
		}
		coordIndex [
			0, 1, 2, 3, 4, 5, 6, 7, 8, 9, 
			10, 11, 12, 13, 14, 15, 16, -1
		]
	}
}
#---------- POLYLINE
Shape {
	appearance Appearance {
		material Material {
			diffuseColor 0 1 0
			emissiveColor 0 1 0
		}
	}
	geometry IndexedLineSet {
		coord Coordinate {
			point [
				6.6458 -17.4267 -1.34024,
				7.20203 -13.1562 -2.90794,
				10.5212 12.3272 -12.2628,
				11.7776 21.9733 -15.8038,
				15.0405 47.0247 -25,
				74.0401 500 -191.285,
			]
		}
		coordIndex [
			0, 1, 2, 3, 4, 5, -1
		]
	}
}
#---------- POLYLINE
Shape {
	appearance Appearance {
		material Material {
			diffuseColor 0 1 0
			emissiveColor 0 1 0
		}
	}
	geometry IndexedLineSet {
		coord Coordinate {
			point [
				6.6458 -17.4267 -1.34024,
				6.23393 -20.5889 -0.179427,
				2.41073 -49.9418 10.5959,
				-56.2089 -500 175.81,
			]
		}
		coordIndex [
			0, 1, 2, 3, -1
		]
	}
}
#---------- POLYLINE
Shape {
	appearance Appearance {
		material Material {
			diffuseColor 0.5 0.5 0.5
			emissiveColor 0.5 0.5 0.5
		}
	}
	geometry IndexedLineSet {
		coord Coordinate {
			point [
				6.83644 -16.2838 -0.970241,
				5.94458 -20.2246 1.24846,
				-0.792517 -49.9937 18.0086,
				-102.634 -500 271.365,
			]
		}
		coordIndex [
			0, 1, 2, 3, -1
		]
	}
}
#---------- POLYLINE
Shape {
	appearance Appearance {
		material Material {
			diffuseColor 0.5 0.5 0.5
			emissiveColor 0.5 0.5 0.5
		}
	}
	geometry IndexedLineSet {
		coord Coordinate {
			point [
				6.83644 -16.2838 -0.970241,
				6.83644 -16.2838 -0.970249,
			]
		}
		coordIndex [
			0, 1, -1
		]
	}
}
#---------- POLYLINE
Shape {
	appearance Appearance {
		material Material {
			diffuseColor 0.5 0.5 0.5
			emissiveColor 0.5 0.5 0.5
		}
	}
	geometry IndexedLineSet {
		coord Coordinate {
			point [
				13.6049 -18.7363 -2.58682,
			]
		}
		coordIndex [
			0, -1
		]
	}
}
#---------- POLYLINE
Shape {
	appearance Appearance {
		material Material {
			diffuseColor 0 0 1
			emissiveColor 0 0 1
		}
	}
	geometry IndexedLineSet {
		coord Coordinate {
			point [
				13.6049 -18.7363 -2.58682,
				13.5622 -18.7323 -2.56817,
				13.5289 -18.7488 -2.5781,
				13.4993 -18.7586 -2.5872,
				13.4937 -18.7673 -2.56145,
				13.4843 -18.7514 -2.5496,
				13.4813 -18.7482 -2.53994,
				13.481 -18.7476 -2.53931,
			]
		}
		coordIndex [
			0, 1, 2, 3, 4, 5, 6, 7, -1
		]
	}
}
#---------- POLYLINE
Shape {
	appearance Appearance {
		material Material {
			diffuseColor 0 1 0
			emissiveColor 0 1 0
		}
	}
	geometry IndexedLineSet {
		coord Coordinate {
			point [
				13.481 -18.7476 -2.53931,
				14.2623 -19.48 -2.47253,
				14.4642 -19.5519 -2.3633,
				40.7829 -28.9267 11.8757,
				500 -192.502 260.323,
			]
		}
		coordIndex [
			0, 1, 2, 3, 4, -1
		]
	}
}
#---------- POLYLINE
Shape {
	appearance Appearance {
		material Material {
			diffuseColor 0 1 0
			emissiveColor 0 1 0
		}
	}
	geometry IndexedLineSet {
		coord Coordinate {
			point [
				13.481 -18.7476 -2.53931,
				7.3887 -13.0361 -3.06003,
				-1.39491 -4.80148 -3.81078,
				-4.70159 -1.70149 -4.09341,
				-39.38 30.8093 -7.05743,
				-500 462.638 -46.4274,
			]
		}
		coordIndex [
			0, 1, 2, 3, 4, 5, -1
		]
	}
}
#---------- POLYLINE
Shape {
	appearance Appearance {
		material Material {
			diffuseColor 0.5 0.5 0.5
			emissiveColor 0.5 0.5 0.5
		}
	}
	geometry IndexedLineSet {
		coord Coordinate {
			point [
				13.6049 -18.7363 -2.58682,
				10.1317 -22.2983 -0.607644,
				-14.7198 -47.7842 13.5534,
				-455.677 -500 264.823,
			]
		}
		coordIndex [
			0, 1, 2, 3, -1
		]
	}
}
#---------- POLYLINE
Shape {
	appearance Appearance {
		material Material {
			diffuseColor 0.5 0.5 0.5
			emissiveColor 0.5 0.5 0.5
		}
	}
	geometry IndexedLineSet {
		coord Coordinate {
			point [
				13.6049 -18.7363 -2.58682,
				13.605 -18.7363 -2.58683,
			]
		}
		coordIndex [
			0, 1, -1
		]
	}
}
#---------- POLYLINE
Shape {
	appearance Appearance {
		material Material {
			diffuseColor 0.5 0.5 0.5
			emissiveColor 0.5 0.5 0.5
		}
	}
	geometry IndexedLineSet {
		coord Coordinate {
			point [
				10.013 -20.9036 14.3556,
			]
		}
		coordIndex [
			0, -1
		]
	}
}
#---------- POLYLINE
Shape {
	appearance Appearance {
		material Material {
			diffuseColor 0 0 1
			emissiveColor 0 0 1
		}
	}
	geometry IndexedLineSet {
		coord Coordinate {
			point [
				10.013 -20.9036 14.3556,
				9.97535 -20.7836 14.4225,
				9.91382 -20.6913 14.4808,
				9.78463 -20.4795 14.6157,
				9.72492 -20.269 14.7017,
				9.64148 -20.1348 14.8181,
				9.68486 -19.9717 14.8391,
				9.76906 -19.8621 14.8465,
				9.87533 -19.8087 14.844,
				9.96584 -19.7812 14.8472,
				10.0022 -19.7131 14.8557,
				10.0241 -19.6523 14.8618,
				10.0123 -19.6096 14.8884,
				9.99079 -19.5733 14.8947,
				9.95799 -19.5663 14.9059,
				9.93868 -19.5589 14.9182,
				9.92412 -19.5455 14.9171,
				9.9229 -19.5448 14.916,
				9.92276 -19.5447 14.9163,
			]
		}
		coordIndex [
			0, 1, 2, 3, 4, 5, 6, 7, 8, 9, 
			10, 11, 12, 13, 14, 15, 16, 17, 18, -1
		]
	}
}
#---------- POLYLINE
Shape {
	appearance Appearance {
		material Material {
			diffuseColor 0 1 0
			emissiveColor 0 1 0
		}
	}
	geometry IndexedLineSet {
		coord Coordinate {
			point [
				9.92276 -19.5447 14.9163,
				9.87826 -19.6064 14.9316,
				6.12783 -20.4633 15.2075,
				-17.344 -25.8258 16.9341,
				-48.6925 -11.3598 -2.96673,
				-500 196.901 -289.468,
			]
		}
		coordIndex [
			0, 1, 2, 3, 4, 5, -1
		]
	}
}
#---------- POLYLINE
Shape {
	appearance Appearance {
		material Material {
			diffuseColor 0 1 0
			emissiveColor 0 1 0
		}
	}
	geometry IndexedLineSet {
		coord Coordinate {
			point [
				9.92276 -19.5447 14.9163,
				13.8451 -14.1039 13.5632,
				20.4211 -4.98223 11.2948,
				24.86 1.17494 9.76356,
				42.7305 25.9634 3.59896,
				384.474 500 -114.288,
			]
		}
		coordIndex [
			0, 1, 2, 3, 4, 5, -1
		]
	}
}
#---------- POLYLINE
Shape {
	appearance Appearance {
		material Material {
			diffuseColor 0.5 0.5 0.5
			emissiveColor 0.5 0.5 0.5
		}
	}
	geometry IndexedLineSet {
		coord Coordinate {
			point [
				10.013 -20.9036 14.3556,
				8.84611 -22.165 16.5987,
				4.47589 -26.8893 25,
				-242.613 -293.997 500,
			]
		}
		coordIndex [
			0, 1, 2, 3, -1
		]
	}
}
#---------- POLYLINE
Shape {
	appearance Appearance {
		material Material {
			diffuseColor 0.5 0.5 0.5
			emissiveColor 0.5 0.5 0.5
		}
	}
	geometry IndexedLineSet {
		coord Coordinate {
			point [
				10.013 -20.9036 14.3556,
				10.013 -20.9037 14.3556,
			]
		}
		coordIndex [
			0, 1, -1
		]
	}
}
#---------- POLYLINE
Shape {
	appearance Appearance {
		material Material {
			diffuseColor 0.5 0.5 0.5
			emissiveColor 0.5 0.5 0.5
		}
	}
	geometry IndexedLineSet {
		coord Coordinate {
			point [
				9.47401 -17.5854 -4.05736,
			]
		}
		coordIndex [
			0, -1
		]
	}
}
#---------- POLYLINE
Shape {
	appearance Appearance {
		material Material {
			diffuseColor 0 0 1
			emissiveColor 0 0 1
		}
	}
	geometry IndexedLineSet {
		coord Coordinate {
			point [
				9.47401 -17.5854 -4.05736,
				9.38992 -17.3721 -4.06459,
				9.34051 -17.2476 -4.0112,
				9.34998 -17.2093 -3.89548,
				9.26863 -17.1539 -3.88874,
				9.19706 -17.1225 -3.88014,
				9.15602 -17.0814 -3.90612,
				9.12184 -17.0568 -3.93937,
				9.0873 -17.0418 -3.96213,
				9.06223 -17.035 -3.98602,
				9.03706 -17.0324 -3.99865,
				9.03135 -17.0338 -4.0034,
				9.03128 -17.0331 -4.00341,
			]
		}
		coordIndex [
			0, 1, 2, 3, 4, 5, 6, 7, 8, 9, 
			10, 11, 12, -1
		]
	}
}
#---------- POLYLINE
Shape {
	appearance Appearance {
		material Material {
			diffuseColor 0 1 0
			emissiveColor 0 1 0
		}
	}
	geometry IndexedLineSet {
		coord Coordinate {
			point [
				9.03128 -17.0331 -4.00341,
				5.03163 -17.8616 -1.74999,
				-5.87109 -20.1199 4.39264,
				-12.669 -21.5281 8.22261,
				-38.8437 -26.9499 22.9695,
				-41.8981 -27.2864 24.9156,
				-500 -77.7618 316.794,
			]
		}
		coordIndex [
			0, 1, 2, 3, 4, 5, 6, -1
		]
	}
}
#---------- POLYLINE
Shape {
	appearance Appearance {
		material Material {
			diffuseColor 0 1 0
			emissiveColor 0 1 0
		}
	}
	geometry IndexedLineSet {
		coord Coordinate {
			point [
				9.03128 -17.0331 -4.00341,
				14.7826 -15.8417 -7.24374,
				46.2987 -9.31353 -25,
				500 84.6659 -280.617,
			]
		}
		coordIndex [
			0, 1, 2, 3, -1
		]
	}
}
#---------- POLYLINE
Shape {
	appearance Appearance {
		material Material {
			diffuseColor 0.5 0.5 0.5
			emissiveColor 0.5 0.5 0.5
		}
	}
	geometry IndexedLineSet {
		coord Coordinate {
			point [
				9.47401 -17.5854 -4.05736,
				12.5119 -12.9768 -4.13343,
				18.0351 -4.59775 -4.27173,
				23.4509 3.6182 -4.40734,
				40.4444 29.3982 -4.83286,
				350.653 500 -12.6005,
			]
		}
		coordIndex [
			0, 1, 2, 3, 4, 5, -1
		]
	}
}
#---------- POLYLINE
Shape {
	appearance Appearance {
		material Material {
			diffuseColor 0.5 0.5 0.5
			emissiveColor 0.5 0.5 0.5
		}
	}
	geometry IndexedLineSet {
		coord Coordinate {
			point [
				9.47401 -17.5854 -4.05736,
				9.47401 -17.5855 -4.05736,
			]
		}
		coordIndex [
			0, 1, -1
		]
	}
}
#---------- POLYLINE
Shape {
	appearance Appearance {
		material Material {
			diffuseColor 0.5 0.5 0.5
			emissiveColor 0.5 0.5 0.5
		}
	}
	geometry IndexedLineSet {
		coord Coordinate {
			point [
				12.3261 -14.564 -12.6189,
			]
		}
		coordIndex [
			0, -1
		]
	}
}
#---------- POLYLINE
Shape {
	appearance Appearance {
		material Material {
			diffuseColor 0 0 1
			emissiveColor 0 0 1
		}
	}
	geometry IndexedLineSet {
		coord Coordinate {
			point [
				12.3261 -14.564 -12.6189,
				12.2044 -14.5144 -12.5568,
				12.1179 -14.4399 -12.5266,
				12.1304 -14.4052 -12.5173,
				12.1373 -14.3743 -12.5163,
				12.1479 -14.3518 -12.5202,
				12.158 -14.3461 -12.5368,
				12.159 -14.346 -12.5381,
				12.159 -14.3461 -12.538,
			]
		}
		coordIndex [
			0, 1, 2, 3, 4, 5, 6, 7, 8, -1
		]
	}
}
#---------- POLYLINE
Shape {
	appearance Appearance {
		material Material {
			diffuseColor 0 1 0
			emissiveColor 0 1 0
		}
	}
	geometry IndexedLineSet {
		coord Coordinate {
			point [
				12.159 -14.3461 -12.538,
				6.35475 -20.7223 -15.4967,
				-12.289 -41.2031 -25,
				-429.933 -500 -237.887,
			]
		}
		coordIndex [
			0, 1, 2, 3, -1
		]
	}
}
#---------- POLYLINE
Shape {
	appearance Appearance {
		material Material {
			diffuseColor 0 1 0
			emissiveColor 0 1 0
		}
	}
	geometry IndexedLineSet {
		coord Coordinate {
			point [
				12.159 -14.3461 -12.538,
				13.0657 -13.3501 -12.0759,
				20.7134 -4.94885 -8.17759,
				24.9939 -0.246502 -5.99565,
				45.0201 21.753 4.21236,
				480.37 500 226.125,
			]
		}
		coordIndex [
			0, 1, 2, 3, 4, 5, -1
		]
	}
}
#---------- POLYLINE
Shape {
	appearance Appearance {
		material Material {
			diffuseColor 0.5 0.5 0.5
			emissiveColor 0.5 0.5 0.5
		}
	}
	geometry IndexedLineSet {
		coord Coordinate {
			point [
				12.3261 -14.564 -12.6189,
				12.968 -13.2762 -12.6448,
				17.4439 -4.29727 -12.8249,
				21.893 4.62781 -13.004,
				36.5787 34.0881 -13.595,
				268.831 500 -22.9416,
			]
		}
		coordIndex [
			0, 1, 2, 3, 4, 5, -1
		]
	}
}
#---------- POLYLINE
Shape {
	appearance Appearance {
		material Material {
			diffuseColor 0.5 0.5 0.5
			emissiveColor 0.5 0.5 0.5
		}
	}
	geometry IndexedLineSet {
		coord Coordinate {
			point [
				12.3261 -14.564 -12.6189,
				12.3261 -14.564 -12.619,
			]
		}
		coordIndex [
			0, 1, -1
		]
	}
}
#---------- POLYLINE
Shape {
	appearance Appearance {
		material Material {
			diffuseColor 0.5 0.5 0.5
			emissiveColor 0.5 0.5 0.5
		}
	}
	geometry IndexedLineSet {
		coord Coordinate {
			point [
				11.1458 -16.795 13.7229,
			]
		}
		coordIndex [
			0, -1
		]
	}
}
#---------- POLYLINE
Shape {
	appearance Appearance {
		material Material {
			diffuseColor 0 0 1
			emissiveColor 0 0 1
		}
	}
	geometry IndexedLineSet {
		coord Coordinate {
			point [
				11.1458 -16.795 13.7229,
				11.1368 -16.8591 13.6809,
				11.1322 -16.9184 13.6616,
				11.102 -16.9533 13.6364,
				11.0796 -16.9615 13.6692,
				11.0492 -16.9706 13.6818,
				11.0236 -16.9794 13.6929,
				11.0104 -16.99 13.6815,
				11.0092 -16.9883 13.6768,
				11.0091 -16.9883 13.6768,
			]
		}
		coordIndex [
			0, 1, 2, 3, 4, 5, 6, 7, 8, 9, -1
		]
	}
}
#---------- POLYLINE
Shape {
	appearance Appearance {
		material Material {
			diffuseColor 0 1 0
			emissiveColor 0 1 0
		}
	}
	geometry IndexedLineSet {
		coord Coordinate {
			point [
				11.0091 -16.9883 13.6768,
				11.6176 -13.3862 20,
				12.0987 -10.5378 25,
				57.8069 260.055 500,
			]
		}
		coordIndex [
			0, 1, 2, 3, -1
		]
	}
}
#---------- POLYLINE
Shape {
	appearance Appearance {
		material Material {
			diffuseColor 0 1 0
			emissiveColor 0 1 0
		}
	}
	geometry IndexedLineSet {
		coord Coordinate {
			point [
				11.0091 -16.9883 13.6768,
				10.1121 -22.2987 4.35482,
				7.28731 -39.0213 -25,
				-38.4209 -309.615 -500,
			]
		}
		coordIndex [
			0, 1, 2, 3, -1
		]
	}
}
#---------- POLYLINE
Shape {
	appearance Appearance {
		material Material {
			diffuseColor 0.5 0.5 0.5
			emissiveColor 0.5 0.5 0.5
		}
	}
	geometry IndexedLineSet {
		coord Coordinate {
			point [
				11.1458 -16.795 13.7229,
				14.866 -18.4498 11.4821,
				40.2069 -29.7221 -3.7821,
				500 -234.25 -280.74,
			]
		}
		coordIndex [
			0, 1, 2, 3, -1
		]
	}
}
#---------- POLYLINE
Shape {
	appearance Appearance {
		material Material {
			diffuseColor 0.5 0.5 0.5
			emissiveColor 0.5 0.5 0.5
		}
	}
	geometry IndexedLineSet {
		coord Coordinate {
			point [
				11.1458 -16.795 13.7229,
				11.1458 -16.795 13.7229,
			]
		}
		coordIndex [
			0, 1, -1
		]
	}
}
#---------- POLYLINE
Shape {
	appearance Appearance {
		material Material {
			diffuseColor 0.5 0.5 0.5
			emissiveColor 0.5 0.5 0.5
		}
	}
	geometry IndexedLineSet {
		coord Coordinate {
			point [
				12.7451 -13.2314 -8.69583,
			]
		}
		coordIndex [
			0, -1
		]
	}
}
#---------- POLYLINE
Shape {
	appearance Appearance {
		material Material {
			diffuseColor 0 0 1
			emissiveColor 0 0 1
		}
	}
	geometry IndexedLineSet {
		coord Coordinate {
			point [
				12.7451 -13.2314 -8.69583,
				12.7478 -13.2168 -8.69759,
				12.7505 -13.2039 -8.70284,
				12.7569 -13.1922 -8.70578,
				12.7632 -13.1815 -8.70697,
				12.7726 -13.1752 -8.7067,
				12.7826 -13.172 -8.70556,
				12.7924 -13.1732 -8.70689,
				12.8007 -13.177 -8.70962,
				12.8081 -13.1815 -8.7101,
				12.8141 -13.1872 -8.71067,
				12.8198 -13.1914 -8.71473,
				12.8247 -13.1946 -8.71944,
				12.8292 -13.1964 -8.7248,
				12.8346 -13.1978 -8.72733,
				12.8403 -13.1981 -8.72837,
				12.8434 -13.1967 -8.7323,
				12.8453 -13.1965 -8.73588,
				12.8471 -13.1973 -8.73921,
				12.8484 -13.1984 -8.74238,
				12.8498 -13.1993 -8.74521,
				12.8513 -13.1996 -8.74792,
				12.8514 -13.2004 -8.74926,
				12.8518 -13.201 -8.7505,
				12.8525 -13.2015 -8.75158,
				12.8531 -13.202 -8.75256,
				12.8536 -13.2028 -8.75339,
				12.8543 -13.2037 -8.75385,
				12.8549 -13.2045 -8.7543,
				12.8552 -13.2054 -8.75474,
				12.8554 -13.2062 -8.75528,
				12.8554 -13.207 -8.75574,
				12.8553 -13.2077 -8.75628,
				12.8548 -13.2084 -8.75666,
			]
		}
		coordIndex [
			0, 1, 2, 3, 4, 5, 6, 7, 8, 9, 
			10, 11, 12, 13, 14, 15, 16, 17, 18, 19, 
			20, 21, 22, 23, 24, 25, 26, 27, 28, 29, 
			30, 31, 32, 33, -1
		]
	}
}
#---------- POLYLINE
Shape {
	appearance Appearance {
		material Material {
			diffuseColor 0 1 0
			emissiveColor 0 1 0
		}
	}
	geometry IndexedLineSet {
		coord Coordinate {
			point [
				12.8548 -13.2084 -8.75666,
				12.8714 -13.2067 -8.77632,
				26.5352 -11.7875 -25,
				426.588 29.7624 -500,
			]
		}
		coordIndex [
			0, 1, 2, 3, -1
		]
	}
}
#---------- POLYLINE
Shape {
	appearance Appearance {
		material Material {
			diffuseColor 0 1 0
			emissiveColor 0 1 0
		}
	}
	geometry IndexedLineSet {
		coord Coordinate {
			point [
				12.8548 -13.2084 -8.75666,
				6.34872 -13.8841 -1.03171,
				-5.50268 -15.115 13.04,
				-11.3645 -15.7238 20,
				-15.5756 -16.1612 25,
				-415.629 -57.7111 500,
			]
		}
		coordIndex [
			0, 1, 2, 3, 4, 5, -1
		]
	}
}
#---------- POLYLINE
Shape {
	appearance Appearance {
		material Material {
			diffuseColor 0.5 0.5 0.5
			emissiveColor 0.5 0.5 0.5
		}
	}
	geometry IndexedLineSet {
		coord Coordinate {
			point [
				12.7451 -13.2314 -8.69583,
				12.7345 -13.114 -8.66599,
				10.4526 12.3205 -2.20192,
				9.55899 22.2805 0.329367,
				7.11773 49.4908 7.24473,
				-33.3012 500 121.74,
			]
		}
		coordIndex [
			0, 1, 2, 3, 4, 5, -1
		]
	}
}
#---------- POLYLINE
Shape {
	appearance Appearance {
		material Material {
			diffuseColor 0.5 0.5 0.5
			emissiveColor 0.5 0.5 0.5
		}
	}
	geometry IndexedLineSet {
		coord Coordinate {
			point [
				12.7451 -13.2314 -8.69583,
				12.7451 -13.2315 -8.69583,
			]
		}
		coordIndex [
			0, 1, -1
		]
	}
}
#---------- POLYLINE
Shape {
	appearance Appearance {
		material Material {
			diffuseColor 0.5 0.5 0.5
			emissiveColor 0.5 0.5 0.5
		}
	}
	geometry IndexedLineSet {
		coord Coordinate {
			point [
				7.84937 -21.638 -16.7771,
			]
		}
		coordIndex [
			0, -1
		]
	}
}
#---------- POLYLINE
Shape {
	appearance Appearance {
		material Material {
			diffuseColor 0 0 1
			emissiveColor 0 0 1
		}
	}
	geometry IndexedLineSet {
		coord Coordinate {
			point [
				7.84937 -21.638 -16.7771,
				7.81239 -21.6437 -16.7712,
				7.77912 -21.6513 -16.7638,
				7.74758 -21.6613 -16.7649,
				7.71926 -21.6723 -16.7689,
				7.69297 -21.6836 -16.7709,
				7.66817 -21.6849 -16.7783,
				7.64705 -21.6858 -16.7902,
				7.63052 -21.6844 -16.8058,
				7.62016 -21.6806 -16.8175,
				7.61237 -21.6746 -16.8284,
				7.60351 -21.6669 -16.8395,
				7.59559 -21.6554 -16.8519,
				7.5858 -21.6463 -16.8621,
				7.57712 -21.6386 -16.8729,
				7.57061 -21.6315 -16.884,
				7.56622 -21.6258 -16.8961,
				7.56098 -21.62 -16.9064,
				7.55294 -21.6142 -16.9138,
				7.54628 -21.6065 -16.9197,
				7.54057 -21.5974 -16.9234,
				7.53462 -21.589 -16.9254,
				7.52789 -21.5817 -16.9248,
				7.5198 -21.5774 -16.9258,
				7.51218 -21.5733 -16.9266,
				7.5054 -21.5694 -16.9275,
				7.49841 -21.5697 -16.9287,
				7.49192 -21.5697 -16.9295,
				7.48585 -21.5687 -16.9299,
				7.48011 -21.568 -16.9304,
				7.47473 -21.5678 -16.9293,
				7.46976 -21.5672 -16.9276,
				7.46608 -21.5671 -16.9264,
				7.4683 -21.5713 -16.9267,
				7.4702 -21.5751 -16.9273,
				7.4717 -21.5788 -16.9281,
				7.47324 -21.5821 -16.929,
				7.47601 -21.5825 -16.9309,
				7.47857 -21.5818 -16.9333,
				7.48093 -21.5808 -16.9353,
				7.4836 -21.58 -16.9367,
				7.4861 -21.5788 -16.9377,
				7.50583 -21.5729 -16.9373,
				7.50495 -21.5712 -16.9319,
				7.50505 -21.571 -16.9316,
			]
		}
		coordIndex [
			0, 1, 2, 3, 4, 5, 6, 7, 8, 9, 
			10, 11, 12, 13, 14, 15, 16, 17, 18, 19, 
			20, 21, 22, 23, 24, 25, 26, 27, 28, 29, 
			30, 31, 32, 33, 34, 35, 36, 37, 38, 39, 
			40, 41, 42, 43, 44, -1
		]
	}
}
#---------- POLYLINE
Shape {
	appearance Appearance {
		material Material {
			diffuseColor 0 1 0
			emissiveColor 0 1 0
		}
	}
	geometry IndexedLineSet {
		coord Coordinate {
			point [
				7.50505 -21.571 -16.9316,
				5.18024 -17.2629 -20,
				1.39188 -10.2427 -25,
				-273.953 500 -388.408,
			]
		}
		coordIndex [
			0, 1, 2, 3, -1
		]
	}
}
#---------- POLYLINE
Shape {
	appearance Appearance {
		material Material {
			diffuseColor 0 1 0
			emissiveColor 0 1 0
		}
	}
	geometry IndexedLineSet {
		coord Coordinate {
			point [
				7.50505 -21.571 -16.9316,
				7.55331 -21.6605 -16.868,
				12.1816 -30.2371 -10.7595,
				13.0403 -48.2696 -12.5023,
				34.5533 -500 -56.162,
			]
		}
		coordIndex [
			0, 1, 2, 3, 4, -1
		]
	}
}
#---------- POLYLINE
Shape {
	appearance Appearance {
		material Material {
			diffuseColor 0.5 0.5 0.5
			emissiveColor 0.5 0.5 0.5
		}
	}
	geometry IndexedLineSet {
		coord Coordinate {
			point [
				7.84937 -21.638 -16.7771,
				7.81474 -21.4435 -20,
				7.76102 -21.1416 -25,
				2.65727 7.53334 -500,
			]
		}
		coordIndex [
			0, 1, 2, 3, -1
		]
	}
}
#---------- POLYLINE
Shape {
	appearance Appearance {
		material Material {
			diffuseColor 0.5 0.5 0.5
			emissiveColor 0.5 0.5 0.5
		}
	}
	geometry IndexedLineSet {
		coord Coordinate {
			point [
				7.84937 -21.638 -16.7771,
				7.84938 -21.638 -16.7771,
			]
		}
		coordIndex [
			0, 1, -1
		]
	}
}
#---------- POLYLINE
Shape {
	appearance Appearance {
		material Material {
			diffuseColor 0.5 0.5 0.5
			emissiveColor 0.5 0.5 0.5
		}
	}
	geometry IndexedLineSet {
		coord Coordinate {
			point [
				10.9501 -12.6836 9.09102,
			]
		}
		coordIndex [
			0, -1
		]
	}
}
#---------- POLYLINE
Shape {
	appearance Appearance {
		material Material {
			diffuseColor 0 0 1
			emissiveColor 0 0 1
		}
	}
	geometry IndexedLineSet {
		coord Coordinate {
			point [
				10.9501 -12.6836 9.09102,
				10.989 -12.7099 9.03695,
				11.0198 -12.7389 8.98667,
				11.0424 -12.7628 8.93515,
				11.0051 -12.7734 8.90326,
				10.9586 -12.7848 8.87952,
				10.9188 -12.8018 8.85139,
				10.8799 -12.8127 8.82568,
				10.8459 -12.8268 8.80251,
				10.8185 -12.8481 8.78126,
				10.7941 -12.8622 8.75476,
				10.73 -12.905 8.67947,
				10.6837 -12.973 8.66761,
				10.6364 -13.0226 8.68338,
				10.6021 -13.0704 8.69512,
				10.5824 -13.1166 8.70416,
				10.5651 -13.1437 8.72711,
				10.5373 -13.1524 8.71398,
				10.514 -13.1384 8.70699,
				10.4976 -13.1247 8.70134,
				10.4924 -13.1239 8.69915,
				10.4924 -13.124 8.69883,
			]
		}
		coordIndex [
			0, 1, 2, 3, 4, 5, 6, 7, 8, 9, 
			10, 11, 12, 13, 14, 15, 16, 17, 18, 19, 
			20, 21, -1
		]
	}
}
#---------- POLYLINE
Shape {
	appearance Appearance {
		material Material {
			diffuseColor 0 1 0
			emissiveColor 0 1 0
		}
	}
	geometry IndexedLineSet {
		coord Coordinate {
			point [
				10.4924 -13.124 8.69883,
				6.37615 -20.7449 19.0375,
				4.00222 -25.1401 25,
				-185.114 -375.278 500,
			]
		}
		coordIndex [
			0, 1, 2, 3, -1
		]
	}
}
#---------- POLYLINE
Shape {
	appearance Appearance {
		material Material {
			diffuseColor 0 1 0
			emissiveColor 0 1 0
		}
	}
	geometry IndexedLineSet {
		coord Coordinate {
			point [
				10.4924 -13.124 8.69883,
				10.8939 -12.3806 7.69026,
				15.9771 -2.96928 -5.07716,
				20.2773 4.9923 -15.8779,
				23.9092 11.7165 -25,
				213.026 361.854 -500,
			]
		}
		coordIndex [
			0, 1, 2, 3, 4, 5, -1
		]
	}
}
#---------- POLYLINE
Shape {
	appearance Appearance {
		material Material {
			diffuseColor 0.5 0.5 0.5
			emissiveColor 0.5 0.5 0.5
		}
	}
	geometry IndexedLineSet {
		coord Coordinate {
			point [
				10.9501 -12.6836 9.09102,
				8.17473 -21.9549 7.75913,
				-0.22031 -49.9995 3.73032,
				-134.926 -500 -60.9155,
			]
		}
		coordIndex [
			0, 1, 2, 3, -1
		]
	}
}
#---------- POLYLINE
Shape {
	appearance Appearance {
		material Material {
			diffuseColor 0.5 0.5 0.5
			emissiveColor 0.5 0.5 0.5
		}
	}
	geometry IndexedLineSet {
		coord Coordinate {
			point [
				10.9501 -12.6836 9.09102,
				10.9501 -12.6836 9.09103,
			]
		}
		coordIndex [
			0, 1, -1
		]
	}
}
#---------- POLYLINE
Shape {
	appearance Appearance {
		material Material {
			diffuseColor 0.5 0.5 0.5
			emissiveColor 0.5 0.5 0.5
		}
	}
	geometry IndexedLineSet {
		coord Coordinate {
			point [
				9.40329 -20.6737 -19.4922,
			]
		}
		coordIndex [
			0, -1
		]
	}
}
#---------- POLYLINE
Shape {
	appearance Appearance {
		material Material {
			diffuseColor 0 0 1
			emissiveColor 0 0 1
		}
	}
	geometry IndexedLineSet {
		coord Coordinate {
			point [
				9.40329 -20.6737 -19.4922,
				9.43498 -20.744 -19.4523,
				9.45311 -20.7602 -19.3816,
				9.45748 -20.7865 -19.3249,
				9.42768 -20.8158 -19.2991,
				9.41509 -20.842 -19.2926,
				9.41142 -20.8336 -19.2695,
				9.41037 -20.8197 -19.2773,
				9.40768 -20.8187 -19.277,
				9.40765 -20.8186 -19.2772,
			]
		}
		coordIndex [
			0, 1, 2, 3, 4, 5, 6, 7, 8, 9, -1
		]
	}
}
#---------- POLYLINE
Shape {
	appearance Appearance {
		material Material {
			diffuseColor 0 1 0
			emissiveColor 0 1 0
		}
	}
	geometry IndexedLineSet {
		coord Coordinate {
			point [
				9.40765 -20.8186 -19.2772,
				11.1609 -20.1425 -20,
				23.2887 -15.466 -25,
				500 168.357 -221.537,
			]
		}
		coordIndex [
			0, 1, 2, 3, -1
		]
	}
}
#---------- POLYLINE
Shape {
	appearance Appearance {
		material Material {
			diffuseColor 0 1 0
			emissiveColor 0 1 0
		}
	}
	geometry IndexedLineSet {
		coord Coordinate {
			point [
				9.40765 -20.8186 -19.2772,
				7.42213 -21.5842 -18.4586,
				-2.17717 -25.2858 -14.501,
				1.63733 -24.0469 -25,
				174.215 32.0021 -500,
			]
		}
		coordIndex [
			0, 1, 2, 3, 4, -1
		]
	}
}
#---------- POLYLINE
Shape {
	appearance Appearance {
		material Material {
			diffuseColor 0.5 0.5 0.5
			emissiveColor 0.5 0.5 0.5
		}
	}
	geometry IndexedLineSet {
		coord Coordinate {
			point [
				9.40329 -20.6737 -19.4922,
				9.65084 -20.9814 -20,
				12.0883 -24.0116 -25,
				243.645 -311.879 -500,
			]
		}
		coordIndex [
			0, 1, 2, 3, -1
		]
	}
}
#---------- POLYLINE
Shape {
	appearance Appearance {
		material Material {
			diffuseColor 0.5 0.5 0.5
			emissiveColor 0.5 0.5 0.5
		}
	}
	geometry IndexedLineSet {
		coord Coordinate {
			point [
				9.40329 -20.6737 -19.4922,
				9.40329 -20.6737 -19.4922,
			]
		}
		coordIndex [
			0, 1, -1
		]
	}
}
#---------- POLYLINE
Shape {
	appearance Appearance {
		material Material {
			diffuseColor 0.5 0.5 0.5
			emissiveColor 0.5 0.5 0.5
		}
	}
	geometry IndexedLineSet {
		coord Coordinate {
			point [
				11.7366 -18.1777 -6.9427,
			]
		}
		coordIndex [
			0, -1
		]
	}
}
#---------- POLYLINE
Shape {
	appearance Appearance {
		material Material {
			diffuseColor 0 0 1
			emissiveColor 0 0 1
		}
	}
	geometry IndexedLineSet {
		coord Coordinate {
			point [
				11.7366 -18.1777 -6.9427,
				11.7469 -18.0889 -6.86906,
				11.7398 -18.0278 -6.79738,
				11.7156 -17.9948 -6.72766,
				11.7027 -17.9637 -6.67053,
				11.6934 -17.9624 -6.61644,
				11.6636 -17.9499 -6.59155,
				11.6422 -17.9325 -6.56953,
				11.6163 -17.9348 -6.55489,
				11.6106 -17.9359 -6.53115,
				11.6069 -17.9319 -6.51215,
				11.6046 -17.928 -6.51432,
				11.6046 -17.928 -6.51438,
			]
		}
		coordIndex [
			0, 1, 2, 3, 4, 5, 6, 7, 8, 9, 
			10, 11, 12, -1
		]
	}
}
#---------- POLYLINE
Shape {
	appearance Appearance {
		material Material {
			diffuseColor 0 1 0
			emissiveColor 0 1 0
		}
	}
	geometry IndexedLineSet {
		coord Coordinate {
			point [
				11.6046 -17.928 -6.51438,
				13.9526 -20.3621 -9.55642,
				25.8728 -32.7195 -25,
				392.502 -412.797 -500,
			]
		}
		coordIndex [
			0, 1, 2, 3, -1
		]
	}
}
#---------- POLYLINE
Shape {
	appearance Appearance {
		material Material {
			diffuseColor 0 1 0
			emissiveColor 0 1 0
		}
	}
	geometry IndexedLineSet {
		coord Coordinate {
			point [
				11.6046 -17.928 -6.51438,
				7.08218 -13.2397 -0.655151,
				-0.954691 -4.90801 9.7573,
				-4.9392 -0.777349 14.9196,
				-12.7198 7.28863 25,
				-379.349 387.366 500,
			]
		}
		coordIndex [
			0, 1, 2, 3, 4, 5, -1
		]
	}
}
#---------- POLYLINE
Shape {
	appearance Appearance {
		material Material {
			diffuseColor 0.5 0.5 0.5
			emissiveColor 0.5 0.5 0.5
		}
	}
	geometry IndexedLineSet {
		coord Coordinate {
			point [
				11.7366 -18.1777 -6.9427,
				5.75248 -19.9379 -13.3497,
				-5.12886 -23.1387 -25,
				-448.779 -153.639 -500,
			]
		}
		coordIndex [
			0, 1, 2, 3, -1
		]
	}
}
#---------- POLYLINE
Shape {
	appearance Appearance {
		material Material {
			diffuseColor 0.5 0.5 0.5
			emissiveColor 0.5 0.5 0.5
		}
	}
	geometry IndexedLineSet {
		coord Coordinate {
			point [
				11.7366 -18.1777 -6.9427,
				11.7367 -18.1777 -6.9427,
			]
		}
		coordIndex [
			0, 1, -1
		]
	}
}
#---------- POLYLINE
Shape {
	appearance Appearance {
		material Material {
			diffuseColor 0.5 0.5 0.5
			emissiveColor 0.5 0.5 0.5
		}
	}
	geometry IndexedLineSet {
		coord Coordinate {
			point [
				13.6601 -17.3524 3.44427,
			]
		}
		coordIndex [
			0, -1
		]
	}
}
#---------- POLYLINE
Shape {
	appearance Appearance {
		material Material {
			diffuseColor 0 0 1
			emissiveColor 0 0 1
		}
	}
	geometry IndexedLineSet {
		coord Coordinate {
			point [
				13.6601 -17.3524 3.44427,
				13.5238 -17.2035 3.49646,
				13.4915 -17.0354 3.46924,
				13.4538 -16.8978 3.5104,
				13.3617 -16.8266 3.55671,
				13.2858 -16.7705 3.50805,
				13.2227 -16.7211 3.47881,
				13.1598 -16.6789 3.47458,
				13.16 -16.6184 3.45314,
				13.1228 -16.5787 3.46099,
				13.079 -16.5625 3.46327,
				13.0436 -16.5809 3.46178,
				13.0134 -16.5745 3.45233,
				12.9974 -16.5879 3.43489,
			]
		}
		coordIndex [
			0, 1, 2, 3, 4, 5, 6, 7, 8, 9, 
			10, 11, 12, 13, -1
		]
	}
}
#---------- POLYLINE
Shape {
	appearance Appearance {
		material Material {
			diffuseColor 0 1 0
			emissiveColor 0 1 0
		}
	}
	geometry IndexedLineSet {
		coord Coordinate {
			point [
				12.9974 -16.5879 3.43489,
				14.3037 -19.7825 -0.776791,
				5.9594 -20.2451 -7.34441,
				-6.5719 -20.9398 -17.2075,
				-10.1198 -21.1365 -20,
				-16.4725 -21.4887 -25,
				-500 -48.2944 -405.573,
			]
		}
		coordIndex [
			0, 1, 2, 3, 4, 5, 6, -1
		]
	}
}
#---------- POLYLINE
Shape {
	appearance Appearance {
		material Material {
			diffuseColor 0 1 0
			emissiveColor 0 1 0
		}
	}
	geometry IndexedLineSet {
		coord Coordinate {
			point [
				12.9974 -16.5879 3.43489,
				11.3161 -12.4763 8.85544,
				6.30847 -0.230442 25,
				-141.023 360.064 500,
			]
		}
		coordIndex [
			0, 1, 2, 3, -1
		]
	}
}
#---------- POLYLINE
Shape {
	appearance Appearance {
		material Material {
			diffuseColor 0.5 0.5 0.5
			emissiveColor 0.5 0.5 0.5
		}
	}
	geometry IndexedLineSet {
		coord Coordinate {
			point [
				13.6601 -17.3524 3.44427,
				8.10047 -12.6749 10.1853,
				-4.11772 -2.39528 25,
				-395.868 327.198 500,
			]
		}
		coordIndex [
			0, 1, 2, 3, -1
		]
	}
}
#---------- POLYLINE
Shape {
	appearance Appearance {
		material Material {
			diffuseColor 0.5 0.5 0.5
			emissiveColor 0.5 0.5 0.5
		}
	}
	geometry IndexedLineSet {
		coord Coordinate {
			point [
				13.6601 -17.3524 3.44427,
				13.6601 -17.3524 3.44426,
			]
		}
		coordIndex [
			0, 1, -1
		]
	}
}
#---------- POLYLINE
Shape {
	appearance Appearance {
		material Material {
			diffuseColor 0.5 0.5 0.5
			emissiveColor 0.5 0.5 0.5
		}
	}
	geometry IndexedLineSet {
		coord Coordinate {
			point [
				9.64802 -20.3777 16.4215,
			]
		}
		coordIndex [
			0, -1
		]
	}
}
#---------- POLYLINE
Shape {
	appearance Appearance {
		material Material {
			diffuseColor 0 0 1
			emissiveColor 0 0 1
		}
	}
	geometry IndexedLineSet {
		coord Coordinate {
			point [
				9.64802 -20.3777 16.4215,
				9.52898 -20.4329 16.2594,
				9.49639 -20.5831 16.2102,
				9.47357 -20.7013 16.2017,
				9.46747 -20.795 16.2217,
				9.46888 -20.8502 16.1672,
				9.50712 -20.874 16.1208,
				9.48452 -20.8943 16.0831,
				9.46312 -20.9087 16.0753,
				9.45091 -20.9056 16.0581,
				9.44718 -20.9043 16.0488,
				9.44711 -20.9038 16.0493,
			]
		}
		coordIndex [
			0, 1, 2, 3, 4, 5, 6, 7, 8, 9, 
			10, 11, -1
		]
	}
}
#---------- POLYLINE
Shape {
	appearance Appearance {
		material Material {
			diffuseColor 0 1 0
			emissiveColor 0 1 0
		}
	}
	geometry IndexedLineSet {
		coord Coordinate {
			point [
				9.44711 -20.9038 16.0493,
				11.9423 -15.0005 20,
				15.1003 -7.52931 25,
				229.624 500 364.656,
			]
		}
		coordIndex [
			0, 1, 2, 3, -1
		]
	}
}
#---------- POLYLINE
Shape {
	appearance Appearance {
		material Material {
			diffuseColor 0 1 0
			emissiveColor 0 1 0
		}
	}
	geometry IndexedLineSet {
		coord Coordinate {
			point [
				9.44711 -20.9038 16.0493,
				8.90797 -22.1793 15.1957,
				-2.81778 -49.9205 -3.36965,
				-193.059 -500 -304.578,
			]
		}
		coordIndex [
			0, 1, 2, 3, -1
		]
	}
}
#---------- POLYLINE
Shape {
	appearance Appearance {
		material Material {
			diffuseColor 0.5 0.5 0.5
			emissiveColor 0.5 0.5 0.5
		}
	}
	geometry IndexedLineSet {
		coord Coordinate {
			point [
				9.64802 -20.3777 16.4215,
				7.83409 -21.8065 11.9579,
				-7.18526 -33.6374 -25,
				-200.221 -185.693 -500,
			]
		}
		coordIndex [
			0, 1, 2, 3, -1
		]
	}
}
#---------- POLYLINE
Shape {
	appearance Appearance {
		material Material {
			diffuseColor 0.5 0.5 0.5
			emissiveColor 0.5 0.5 0.5
		}
	}
	geometry IndexedLineSet {
		coord Coordinate {
			point [
				9.64802 -20.3777 16.4215,
				9.64803 -20.3777 16.4215,
			]
		}
		coordIndex [
			0, 1, -1
		]
	}
}
#---------- POLYLINE
Shape {
	appearance Appearance {
		material Material {
			diffuseColor 0.5 0.5 0.5
			emissiveColor 0.5 0.5 0.5
		}
	}
	geometry IndexedLineSet {
		coord Coordinate {
			point [
				8.49018 -15.9426 -17.222,
			]
		}
		coordIndex [
			0, -1
		]
	}
}
#---------- POLYLINE
Shape {
	appearance Appearance {
		material Material {
			diffuseColor 0 0 1
			emissiveColor 0 0 1
		}
	}
	geometry IndexedLineSet {
		coord Coordinate {
			point [
				8.49018 -15.9426 -17.222,
				8.53231 -15.9755 -17.2167,
				8.49705 -16.0047 -17.2199,
				8.46137 -16.013 -17.2133,
				8.43798 -16.0224 -17.1958,
				8.43395 -16.022 -17.1939,
				8.43409 -16.022 -17.1942,
			]
		}
		coordIndex [
			0, 1, 2, 3, 4, 5, 6, -1
		]
	}
}
#---------- POLYLINE
Shape {
	appearance Appearance {
		material Material {
			diffuseColor 0 1 0
			emissiveColor 0 1 0
		}
	}
	geometry IndexedLineSet {
		coord Coordinate {
			point [
				8.43409 -16.022 -17.1942,
				5.88205 -15.2087 -20,
				1.33426 -13.7594 -25,
				-430.706 123.923 -500,
			]
		}
		coordIndex [
			0, 1, 2, 3, -1
		]
	}
}
#---------- POLYLINE
Shape {
	appearance Appearance {
		material Material {
			diffuseColor 0 1 0
			emissiveColor 0 1 0
		}
	}
	geometry IndexedLineSet {
		coord Coordinate {
			point [
				8.43409 -16.022 -17.1942,
				14.9365 -18.0942 -10.0452,
				42.2183 -26.7883 19.9493,
				478.853 -165.935 500,
			]
		}
		coordIndex [
			0, 1, 2, 3, -1
		]
	}
}
#---------- POLYLINE
Shape {
	appearance Appearance {
		material Material {
			diffuseColor 0.5 0.5 0.5
			emissiveColor 0.5 0.5 0.5
		}
	}
	geometry IndexedLineSet {
		coord Coordinate {
			point [
				8.49018 -15.9426 -17.222,
				9.63056 -22.2863 -18.7004,
				14.2402 -47.9293 -24.6766,
				95.5064 -500 -130.033,
			]
		}
		coordIndex [
			0, 1, 2, 3, -1
		]
	}
}
#---------- POLYLINE
Shape {
	appearance Appearance {
		material Material {
			diffuseColor 0.5 0.5 0.5
			emissiveColor 0.5 0.5 0.5
		}
	}
	geometry IndexedLineSet {
		coord Coordinate {
			point [
				8.49018 -15.9426 -17.222,
				8.49017 -15.9426 -17.222,
			]
		}
		coordIndex [
			0, 1, -1
		]
	}
}
#---------- POLYLINE
Shape {
	appearance Appearance {
		material Material {
			diffuseColor 0.5 0.5 0.5
			emissiveColor 0.5 0.5 0.5
		}
	}
	geometry IndexedLineSet {
		coord Coordinate {
			point [
				10.7533 -19.8133 -9.70065,
			]
		}
		coordIndex [
			0, -1
		]
	}
}
#---------- POLYLINE
Shape {
	appearance Appearance {
		material Material {
			diffuseColor 0 0 1
			emissiveColor 0 0 1
		}
	}
	geometry IndexedLineSet {
		coord Coordinate {
			point [
				10.7533 -19.8133 -9.70065,
				10.7251 -19.7604 -9.58428,
				10.7018 -19.7035 -9.50551,
				10.7187 -19.6231 -9.47444,
				10.7499 -19.5693 -9.47689,
				10.7767 -19.5248 -9.49142,
				10.8143 -19.5097 -9.49518,
				10.8448 -19.5025 -9.50478,
				10.8548 -19.4776 -9.5078,
				10.8436 -19.4651 -9.49345,
				10.8458 -19.4688 -9.48451,
				10.8458 -19.4689 -9.48525,
			]
		}
		coordIndex [
			0, 1, 2, 3, 4, 5, 6, 7, 8, 9, 
			10, 11, -1
		]
	}
}
#---------- POLYLINE
Shape {
	appearance Appearance {
		material Material {
			diffuseColor 0 1 0
			emissiveColor 0 1 0
		}
	}
	geometry IndexedLineSet {
		coord Coordinate {
			point [
				10.8458 -19.4689 -9.48525,
				14.8376 -18.5638 -9.43202,
				48.8059 -10.8622 -8.97913,
				500 91.4369 -2.96343,
			]
		}
		coordIndex [
			0, 1, 2, 3, -1
		]
	}
}
#---------- POLYLINE
Shape {
	appearance Appearance {
		material Material {
			diffuseColor 0 1 0
			emissiveColor 0 1 0
		}
	}
	geometry IndexedLineSet {
		coord Coordinate {
			point [
				10.8458 -19.4689 -9.48525,
				6.18048 -20.5267 -9.54745,
				-28.1298 -28.3058 -10.0049,
				-33.8078 -36.838 -14.618,
				-342.033 -500 -265.037,
			]
		}
		coordIndex [
			0, 1, 2, 3, 4, -1
		]
	}
}
#---------- POLYLINE
Shape {
	appearance Appearance {
		material Material {
			diffuseColor 0.5 0.5 0.5
			emissiveColor 0.5 0.5 0.5
		}
	}
	geometry IndexedLineSet {
		coord Coordinate {
			point [
				10.7533 -19.8133 -9.70065,
				14.0617 -20.2159 -9.33934,
				43.9443 -23.8516 -6.076,
				500 -79.3386 43.7278,
			]
		}
		coordIndex [
			0, 1, 2, 3, -1
		]
	}
}
#---------- POLYLINE
Shape {
	appearance Appearance {
		material Material {
			diffuseColor 0.5 0.5 0.5
			emissiveColor 0.5 0.5 0.5
		}
	}
	geometry IndexedLineSet {
		coord Coordinate {
			point [
				10.7533 -19.8133 -9.70065,
				10.7533 -19.8133 -9.70066,
			]
		}
		coordIndex [
			0, 1, -1
		]
	}
}
#---------- POLYLINE
Shape {
	appearance Appearance {
		material Material {
			diffuseColor 0.5 0.5 0.5
			emissiveColor 0.5 0.5 0.5
		}
	}
	geometry IndexedLineSet {
		coord Coordinate {
			point [
				5.79089 -15.8796 -2.62057,
			]
		}
		coordIndex [
			0, -1
		]
	}
}
#---------- POLYLINE
Shape {
	appearance Appearance {
		material Material {
			diffuseColor 0 0 1
			emissiveColor 0 0 1
		}
	}
	geometry IndexedLineSet {
		coord Coordinate {
			point [
				5.79089 -15.8796 -2.62057,
				5.7461 -15.9422 -2.59689,
				5.75788 -16.0039 -2.57012,
				5.73836 -15.9924 -2.52536,
				5.70291 -15.9807 -2.51473,
				5.67826 -15.9606 -2.51508,
				5.65508 -15.9527 -2.51175,
				5.63808 -15.9447 -2.50529,
				5.63911 -15.9467 -2.50709,
			]
		}
		coordIndex [
			0, 1, 2, 3, 4, 5, 6, 7, 8, -1
		]
	}
}
#---------- POLYLINE
Shape {
	appearance Appearance {
		material Material {
			diffuseColor 0 1 0
			emissiveColor 0 1 0
		}
	}
	geometry IndexedLineSet {
		coord Coordinate {
			point [
				5.63911 -15.9467 -2.50709,
				9.20792 -12.3631 0.481917,
				13.5544 -7.9987 4.12225,
				25.0757 -18.4418 6.7526,
				25.5255 -18.7945 7.20934,
				18.1936 -16.4228 13.0339,
				15.5843 -15.5443 16.5463,
				13.9025 -14.1743 12.21,
				12.2719 -12.846 8.00563,
				2.08251 -4.54567 -18.2665,
				1.4102 -3.99801 -20,
				-0.529001 -2.41833 -25,
				-184.753 147.651 -500,
			]
		}
		coordIndex [
			0, 1, 2, 3, 4, 5, 6, 7, 8, 9, 
			10, 11, 12, -1
		]
	}
}
#---------- POLYLINE
Shape {
	appearance Appearance {
		material Material {
			diffuseColor 0 1 0
			emissiveColor 0 1 0
		}
	}
	geometry IndexedLineSet {
		coord Coordinate {
			point [
				5.63911 -15.9467 -2.50709,
				5.05991 -16.5283 -2.99218,
				4.62256 -16.9674 -3.35848,
				-6.31207 -20.6763 -10.8667,
				-7.30778 -21.014 -11.5504,
				-7.94895 -21.86 -10.5216,
				-24.4408 -43.6194 15.9409,
				-326.114 -441.649 500,
			]
		}
		coordIndex [
			0, 1, 2, 3, 4, 5, 6, 7, -1
		]
	}
}
#---------- POLYLINE
Shape {
	appearance Appearance {
		material Material {
			diffuseColor 0.5 0.5 0.5
			emissiveColor 0.5 0.5 0.5
		}
	}
	geometry IndexedLineSet {
		coord Coordinate {
			point [
				5.79089 -15.8796 -2.62057,
				9.10629 -22.2195 -3.20586,
				21.1736 -45.2954 -5.33621,
				258.957 -500 -47.314,
			]
		}
		coordIndex [
			0, 1, 2, 3, -1
		]
	}
}
#---------- POLYLINE
Shape {
	appearance Appearance {
		material Material {
			diffuseColor 0.5 0.5 0.5
			emissiveColor 0.5 0.5 0.5
		}
	}
	geometry IndexedLineSet {
		coord Coordinate {
			point [
				5.79089 -15.8796 -2.62057,
				5.79089 -15.8796 -2.62057,
			]
		}
		coordIndex [
			0, 1, -1
		]
	}
}
#---------- POLYLINE
Shape {
	appearance Appearance {
		material Material {
			diffuseColor 0.5 0.5 0.5
			emissiveColor 0.5 0.5 0.5
		}
	}
	geometry IndexedLineSet {
		coord Coordinate {
			point [
				11.3876 -19.2238 -0.917015,
			]
		}
		coordIndex [
			0, -1
		]
	}
}
#---------- POLYLINE
Shape {
	appearance Appearance {
		material Material {
			diffuseColor 0 0 1
			emissiveColor 0 0 1
		}
	}
	geometry IndexedLineSet {
		coord Coordinate {
			point [
				11.3876 -19.2238 -0.917015,
				11.3549 -19.185 -0.873699,
				11.3314 -19.1711 -0.823104,
				11.3116 -19.1621 -0.780575,
				11.2926 -19.1591 -0.743997,
				11.2952 -19.1552 -0.709039,
				11.316 -19.1482 -0.691607,
				11.3276 -19.1407 -0.675009,
				11.3279 -19.1416 -0.675101,
			]
		}
		coordIndex [
			0, 1, 2, 3, 4, 5, 6, 7, 8, -1
		]
	}
}
#---------- POLYLINE
Shape {
	appearance Appearance {
		material Material {
			diffuseColor 0 1 0
			emissiveColor 0 1 0
		}
	}
	geometry IndexedLineSet {
		coord Coordinate {
			point [
				11.3279 -19.1416 -0.675101,
				6.26333 -20.6222 -5.042,
				-16.8831 -27.3893 -25,
				-500 -168.633 -441.568,
			]
		}
		coordIndex [
			0, 1, 2, 3, -1
		]
	}
}
#---------- POLYLINE
Shape {
	appearance Appearance {
		material Material {
			diffuseColor 0 1 0
			emissiveColor 0 1 0
		}
	}
	geometry IndexedLineSet {
		coord Coordinate {
			point [
				11.3279 -19.1416 -0.675101,
				14.9378 -18.0862 2.43757,
				41.1047 -10.4361 25,
				500 123.726 420.683,
			]
		}
		coordIndex [
			0, 1, 2, 3, -1
		]
	}
}
#---------- POLYLINE
Shape {
	appearance Appearance {
		material Material {
			diffuseColor 0.5 0.5 0.5
			emissiveColor 0.5 0.5 0.5
		}
	}
	geometry IndexedLineSet {
		coord Coordinate {
			point [
				11.3876 -19.2238 -0.917015,
				8.43669 -12.5507 19.8973,
				7.71325 -10.9147 25,
				-59.6298 141.371 500,
			]
		}
		coordIndex [
			0, 1, 2, 3, -1
		]
	}
}
#---------- POLYLINE
Shape {
	appearance Appearance {
		material Material {
			diffuseColor 0.5 0.5 0.5
			emissiveColor 0.5 0.5 0.5
		}
	}
	geometry IndexedLineSet {
		coord Coordinate {
			point [
				11.3876 -19.2238 -0.917015,
				11.3876 -19.2238 -0.917027,
			]
		}
		coordIndex [
			0, 1, -1
		]
	}
}
#---------- POLYLINE
Shape {
	appearance Appearance {
		material Material {
			diffuseColor 0.5 0.5 0.5
			emissiveColor 0.5 0.5 0.5
		}
	}
	geometry IndexedLineSet {
		coord Coordinate {
			point [
				10.8468 -16.6166 0.118811,
			]
		}
		coordIndex [
			0, -1
		]
	}
}
#---------- POLYLINE
Shape {
	appearance Appearance {
		material Material {
			diffuseColor 0 0 1
			emissiveColor 0 0 1
		}
	}
	geometry IndexedLineSet {
		coord Coordinate {
			point [
				10.8468 -16.6166 0.118811,
				10.7353 -16.5232 -0.0904181,
				10.6894 -16.308 -0.106171,
				10.8205 -16.2389 -0.210141,
				10.9117 -16.29 -0.328452,
				11.0036 -16.3806 -0.308531,
				10.9421 -16.3938 -0.22345,
				10.872 -16.3793 -0.174796,
				10.825 -16.3267 -0.17634,
				10.7941 -16.3 -0.201131,
				10.7737 -16.2724 -0.217415,
				10.7624 -16.2427 -0.222958,
				10.765 -16.2212 -0.227158,
				10.7585 -16.2227 -0.223395,
				10.7588 -16.2229 -0.223471,
			]
		}
		coordIndex [
			0, 1, 2, 3, 4, 5, 6, 7, 8, 9, 
			10, 11, 12, 13, 14, -1
		]
	}
}
#---------- POLYLINE
Shape {
	appearance Appearance {
		material Material {
			diffuseColor 0 1 0
			emissiveColor 0 1 0
		}
	}
	geometry IndexedLineSet {
		coord Coordinate {
			point [
				10.7588 -16.2229 -0.223471,
				14.9657 -17.8845 13.853,
				18.2971 -19.2004 25,
				160.256 -75.2713 500,
			]
		}
		coordIndex [
			0, 1, 2, 3, -1
		]
	}
}
#---------- POLYLINE
Shape {
	appearance Appearance {
		material Material {
			diffuseColor 0 1 0
			emissiveColor 0 1 0
		}
	}
	geometry IndexedLineSet {
		coord Coordinate {
			point [
				10.7588 -16.2229 -0.223471,
				6.39598 -14.4996 -14.8217,
				5.17881 -15.9748 -19.9869,
				3.99747 -17.4065 -25,
				-107.936 -153.063 -500,
			]
		}
		coordIndex [
			0, 1, 2, 3, 4, -1
		]
	}
}
#---------- POLYLINE
Shape {
	appearance Appearance {
		material Material {
			diffuseColor 0.5 0.5 0.5
			emissiveColor 0.5 0.5 0.5
		}
	}
	geometry IndexedLineSet {
		coord Coordinate {
			point [
				10.8468 -16.6166 0.118811,
				14.3047 -19.8436 -1.53085,
				33.1503 -37.4307 -10.5216,
				500 -473.104 -233.244,
			]
		}
		coordIndex [
			0, 1, 2, 3, -1
		]
	}
}
#---------- POLYLINE
Shape {
	appearance Appearance {
		material Material {
			diffuseColor 0.5 0.5 0.5
			emissiveColor 0.5 0.5 0.5
		}
	}
	geometry IndexedLineSet {
		coord Coordinate {
			point [
				10.8468 -16.6166 0.118811,
				10.8468 -16.6166 0.118822,
			]
		}
		coordIndex [
			0, 1, -1
		]
	}
}
#---------- POLYLINE
Shape {
	appearance Appearance {
		material Material {
			diffuseColor 0.5 0.5 0.5
			emissiveColor 0.5 0.5 0.5
		}
	}
	geometry IndexedLineSet {
		coord Coordinate {
			point [
				12.2505 -20.8078 7.60274,
			]
		}
		coordIndex [
			0, -1
		]
	}
}
#---------- POLYLINE
Shape {
	appearance Appearance {
		material Material {
			diffuseColor 0 0 1
			emissiveColor 0 0 1
		}
	}
	geometry IndexedLineSet {
		coord Coordinate {
			point [
				12.2505 -20.8078 7.60274,
				12.2699 -20.835 7.68125,
				12.276 -20.8605 7.75628,
				12.2903 -20.8972 7.81778,
				12.3203 -20.9317 7.86899,
				12.3529 -20.9694 7.90858,
				12.3717 -20.9957 7.95956,
				12.386 -21.0277 8.00496,
				12.4126 -21.0546 8.04023,
				12.4192 -21.0814 8.07977,
				12.4127 -21.1041 8.11737,
				12.399 -21.1227 8.15061,
				12.3567 -21.1856 8.22775,
				12.3199 -21.2187 8.21814,
				12.3108 -21.2589 8.21188,
				12.3053 -21.2906 8.22031,
				12.2862 -21.2786 8.22245,
				12.2868 -21.278 8.22302,
				12.2868 -21.278 8.22302,
			]
		}
		coordIndex [
			0, 1, 2, 3, 4, 5, 6, 7, 8, 9, 
			10, 11, 12, 13, 14, 15, 16, 17, 18, -1
		]
	}
}
#---------- POLYLINE
Shape {
	appearance Appearance {
		material Material {
			diffuseColor 0 1 0
			emissiveColor 0 1 0
		}
	}
	geometry IndexedLineSet {
		coord Coordinate {
			point [
				12.2868 -21.278 8.22302,
				14.3232 -14.7881 -10.0524,
				15.9889 -9.47988 -25,
				68.9191 159.202 -500,
			]
		}
		coordIndex [
			0, 1, 2, 3, -1
		]
	}
}
#---------- POLYLINE
Shape {
	appearance Appearance {
		material Material {
			diffuseColor 0 1 0
			emissiveColor 0 1 0
		}
	}
	geometry IndexedLineSet {
		coord Coordinate {
			point [
				12.2868 -21.278 8.22302,
				12.1131 -21.8316 9.78171,
				10.4173 -27.2359 25,
				-42.513 -195.918 500,
			]
		}
		coordIndex [
			0, 1, 2, 3, -1
		]
	}
}
#---------- POLYLINE
Shape {
	appearance Appearance {
		material Material {
			diffuseColor 0.5 0.5 0.5
			emissiveColor 0.5 0.5 0.5
		}
	}
	geometry IndexedLineSet {
		coord Coordinate {
			point [
				12.2505 -20.8078 7.60274,
				13.7678 -20.5869 6.83459,
				47.4779 -15.6796 -10.2313,
				500 50.1962 -239.323,
			]
		}
		coordIndex [
			0, 1, 2, 3, -1
		]
	}
}
#---------- POLYLINE
Shape {
	appearance Appearance {
		material Material {
			diffuseColor 0.5 0.5 0.5
			emissiveColor 0.5 0.5 0.5
		}
	}
	geometry IndexedLineSet {
		coord Coordinate {
			point [
				12.2505 -20.8078 7.60274,
				12.2505 -20.8078 7.60273,
			]
		}
		coordIndex [
			0, 1, -1
		]
	}
}
#---------- POLYLINE
Shape {
	appearance Appearance {
		material Material {
			diffuseColor 0.5 0.5 0.5
			emissiveColor 0.5 0.5 0.5
		}
	}
	geometry IndexedLineSet {
		coord Coordinate {
			point [
				11.2018 -13.7418 11.2651,
			]
		}
		coordIndex [
			0, -1
		]
	}
}
#---------- POLYLINE
Shape {
	appearance Appearance {
		material Material {
			diffuseColor 0.5 0.5 0.5
			emissiveColor 0.5 0.5 0.5
		}
	}
	geometry IndexedLineSet {
		coord Coordinate {
			point [
				11.2018 -13.7418 11.2651,
				10.0083 -12.3 12.5134,
				3.08406 -3.93555 19.7557,
				2.85045 -3.65335 20,
				-1.93 2.12143 25,
				-414.082 500 456.08,
			]
		}
		coordIndex [
			0, 1, 2, 3, 4, 5, -1
		]
	}
}
#---------- POLYLINE
Shape {
	appearance Appearance {
		material Material {
			diffuseColor 0.5 0.5 0.5
			emissiveColor 0.5 0.5 0.5
		}
	}
	geometry IndexedLineSet {
		coord Coordinate {
			point [
				11.2018 -13.7418 11.2651,
				11.2018 -13.7418 11.2651,
			]
		}
		coordIndex [
			0, 1, -1
		]
	}
}
#---------- POLYLINE
Shape {
	appearance Appearance {
		material Material {
			diffuseColor 1 0 0
			emissiveColor 1 0 0
		}
	}
	geometry IndexedLineSet {
		coord Coordinate {
			point [
				11.2018 -13.7418 11.2651,
				11.2018 -13.7418 11.2651,
			]
		}
		coordIndex [
			0, 1, -1
		]
	}
}
#---------- POLYLINE
Shape {
	appearance Appearance {
		material Material {
			diffuseColor 1 0 0
			emissiveColor 1 0 0
		}
	}
	geometry IndexedLineSet {
		coord Coordinate {
			point [
				11.2018 -13.7418 11.2651,
				11.2018 -13.7418 11.2651,
			]
		}
		coordIndex [
			0, 1, -1
		]
	}
}
#---------- POLYLINE
Shape {
	appearance Appearance {
		material Material {
			diffuseColor 0.5 0.5 0.5
			emissiveColor 0.5 0.5 0.5
		}
	}
	geometry IndexedLineSet {
		coord Coordinate {
			point [
				7.67791 -18.8228 3.17941,
			]
		}
		coordIndex [
			0, -1
		]
	}
}
#---------- POLYLINE
Shape {
	appearance Appearance {
		material Material {
			diffuseColor 0 0 1
			emissiveColor 0 0 1
		}
	}
	geometry IndexedLineSet {
		coord Coordinate {
			point [
				7.67791 -18.8228 3.17941,
				7.39036 -18.8239 3.06313,
				7.16429 -18.7995 2.93506,
				7.03724 -18.8831 2.78345,
				6.90116 -18.7933 2.71478,
				6.77107 -18.7629 2.65255,
				6.69711 -18.7946 2.55241,
				6.65491 -18.7584 2.49409,
				6.64351 -18.7226 2.43893,
				6.67529 -18.7297 2.39237,
				6.69648 -18.7478 2.35379,
				6.6985 -18.7857 2.34394,
				6.68771 -18.8052 2.3189,
				6.70982 -18.8211 2.31177,
				6.70915 -18.8192 2.28811,
				6.72104 -18.8276 2.29458,
				6.72199 -18.8285 2.29558,
			]
		}
		coordIndex [
			0, 1, 2, 3, 4, 5, 6, 7, 8, 9, 
			10, 11, 12, 13, 14, 15, 16, -1
		]
	}
}
#---------- POLYLINE
Shape {
	appearance Appearance {
		material Material {
			diffuseColor 0 1 0
			emissiveColor 0 1 0
		}
	}
	geometry IndexedLineSet {
		coord Coordinate {
			point [
				6.72199 -18.8285 2.29558,
				12.8775 -13.211 4.56774,
				22.8589 -4.10207 8.25212,
				23.8242 -3.22109 8.60845,
				46.7589 17.7089 17.0742,
				500 431.334 184.377,
			]
		}
		coordIndex [
			0, 1, 2, 3, 4, 5, -1
		]
	}
}
#---------- POLYLINE
Shape {
	appearance Appearance {
		material Material {
			diffuseColor 0 1 0
			emissiveColor 0 1 0
		}
	}
	geometry IndexedLineSet {
		coord Coordinate {
			point [
				6.72199 -18.8285 2.29558,
				5.66557 -19.7925 1.90563,
				-21.9 -44.9487 -8.26955,
				-500 -481.259 -184.749,
			]
		}
		coordIndex [
			0, 1, 2, 3, -1
		]
	}
}
#---------- POLYLINE
Shape {
	appearance Appearance {
		material Material {
			diffuseColor 0.5 0.5 0.5
			emissiveColor 0.5 0.5 0.5
		}
	}
	geometry IndexedLineSet {
		coord Coordinate {
			point [
				7.67791 -18.8228 3.17941,
				5.30728 -15.5742 13.9266,
				2.86468 -12.227 25,
				-101.912 131.353 500,
			]
		}
		coordIndex [
			0, 1, 2, 3, -1
		]
	}
}
#---------- POLYLINE
Shape {
	appearance Appearance {
		material Material {
			diffuseColor 0.5 0.5 0.5
			emissiveColor 0.5 0.5 0.5
		}
	}
	geometry IndexedLineSet {
		coord Coordinate {
			point [
				7.67791 -18.8228 3.17941,
				7.67792 -18.8228 3.17942,
			]
		}
		coordIndex [
			0, 1, -1
		]
	}
}
#---------- POLYLINE
Shape {
	appearance Appearance {
		material Material {
			diffuseColor 0.5 0.5 0.5
			emissiveColor 0.5 0.5 0.5
		}
	}
	geometry IndexedLineSet {
		coord Coordinate {
			point [
				8.25537 -14.5126 -7.47276,
			]
		}
		coordIndex [
			0, -1
		]
	}
}
#---------- POLYLINE
Shape {
	appearance Appearance {
		material Material {
			diffuseColor 0 0 1
			emissiveColor 0 0 1
		}
	}
	geometry IndexedLineSet {
		coord Coordinate {
			point [
				8.25537 -14.5126 -7.47276,
				8.32131 -14.4973 -7.45035,
				8.36651 -14.497 -7.4135,
				8.39603 -14.4882 -7.37555,
				8.43572 -14.4859 -7.36506,
				8.45706 -14.4847 -7.3455,
				8.46486 -14.4734 -7.32685,
				8.45999 -14.4686 -7.31648,
			]
		}
		coordIndex [
			0, 1, 2, 3, 4, 5, 6, 7, -1
		]
	}
}
#---------- POLYLINE
Shape {
	appearance Appearance {
		material Material {
			diffuseColor 0 1 0
			emissiveColor 0 1 0
		}
	}
	geometry IndexedLineSet {
		coord Coordinate {
			point [
				8.45999 -14.4686 -7.31648,
				5.53439 -15.0509 -0.470187,
				-1.84927 -16.5206 16.8085,
				5.90471 -12.2016 25,
				455.536 238.243 500,
			]
		}
		coordIndex [
			0, 1, 2, 3, 4, -1
		]
	}
}
#---------- POLYLINE
Shape {
	appearance Appearance {
		material Material {
			diffuseColor 0 1 0
			emissiveColor 0 1 0
		}
	}
	geometry IndexedLineSet {
		coord Coordinate {
			point [
				8.45999 -14.4686 -7.31648,
				13.2641 -13.5124 -18.5586,
				16.0166 -12.9645 -25,
				218.997 27.4371 -500,
			]
		}
		coordIndex [
			0, 1, 2, 3, -1
		]
	}
}
#---------- POLYLINE
Shape {
	appearance Appearance {
		material Material {
			diffuseColor 0.5 0.5 0.5
			emissiveColor 0.5 0.5 0.5
		}
	}
	geometry IndexedLineSet {
		coord Coordinate {
			point [
				8.25537 -14.5126 -7.47276,
				8.26823 -12.6095 -8.45346,
				8.48532 19.5 -25,
				11.7339 500 -272.61,
			]
		}
		coordIndex [
			0, 1, 2, 3, -1
		]
	}
}
#---------- POLYLINE
Shape {
	appearance Appearance {
		material Material {
			diffuseColor 0.5 0.5 0.5
			emissiveColor 0.5 0.5 0.5
		}
	}
	geometry IndexedLineSet {
		coord Coordinate {
			point [
				8.25537 -14.5126 -7.47276,
				8.25536 -14.5126 -7.47275,
			]
		}
		coordIndex [
			0, 1, -1
		]
	}
}
#---------- POLYLINE
Shape {
	appearance Appearance {
		material Material {
			diffuseColor 0.5 0.5 0.5
			emissiveColor 0.5 0.5 0.5
		}
	}
	geometry IndexedLineSet {
		coord Coordinate {
			point [
				6.09026 -19.0617 -3.07283,
			]
		}
		coordIndex [
			0, -1
		]
	}
}
#---------- POLYLINE
Shape {
	appearance Appearance {
		material Material {
			diffuseColor 0 0 1
			emissiveColor 0 0 1
		}
	}
	geometry IndexedLineSet {
		coord Coordinate {
			point [
				6.09026 -19.0617 -3.07283,
				6.124 -18.9887 -3.07549,
				6.16397 -18.9556 -3.121,
				6.1696 -18.9154 -3.16426,
				6.17545 -18.8731 -3.19031,
				6.17463 -18.8533 -3.21717,
				6.164 -18.8461 -3.2417,
				6.15199 -18.8261 -3.24656,
				6.14127 -18.8146 -3.2511,
				6.14166 -18.8143 -3.25096,
			]
		}
		coordIndex [
			0, 1, 2, 3, 4, 5, 6, 7, 8, 9, -1
		]
	}
}
#---------- POLYLINE
Shape {
	appearance Appearance {
		material Material {
			diffuseColor 0 1 0
			emissiveColor 0 1 0
		}
	}
	geometry IndexedLineSet {
		coord Coordinate {
			point [
				6.14166 -18.8143 -3.25096,
				7.6705 -21.7242 -8.73276,
				12.2073 -30.3593 -25,
				144.682 -282.503 -500,
			]
		}
		coordIndex [
			0, 1, 2, 3, -1
		]
	}
}
#---------- POLYLINE
Shape {
	appearance Appearance {
		material Material {
			diffuseColor 0 1 0
			emissiveColor 0 1 0
		}
	}
	geometry IndexedLineSet {
		coord Coordinate {
			point [
				6.14166 -18.8143 -3.25096,
				5.03514 -16.7082 0.716547,
				-1.73737 -3.81789 25,
				-134.212 248.325 500,
			]
		}
		coordIndex [
			0, 1, 2, 3, -1
		]
	}
}
#---------- POLYLINE
Shape {
	appearance Appearance {
		material Material {
			diffuseColor 0.5 0.5 0.5
			emissiveColor 0.5 0.5 0.5
		}
	}
	geometry IndexedLineSet {
		coord Coordinate {
			point [
				6.09026 -19.0617 -3.07283,
				14.5895 -19.2841 -16.0656,
				20.4339 -19.437 -25,
				331.156 -27.5672 -500,
			]
		}
		coordIndex [
			0, 1, 2, 3, -1
		]
	}
}
#---------- POLYLINE
Shape {
	appearance Appearance {
		material Material {
			diffuseColor 0.5 0.5 0.5
			emissiveColor 0.5 0.5 0.5
		}
	}
	geometry IndexedLineSet {
		coord Coordinate {
			point [
				6.09026 -19.0617 -3.07283,
				6.09025 -19.0617 -3.07283,
			]
		}
		coordIndex [
			0, 1, -1
		]
	}
}
#---------- POLYLINE
Shape {
	appearance Appearance {
		material Material {
			diffuseColor 0.5 0.5 0.5
			emissiveColor 0.5 0.5 0.5
		}
	}
	geometry IndexedLineSet {
		coord Coordinate {
			point [
				8.08449 -15.104 -11.8327,
			]
		}
		coordIndex [
			0, -1
		]
	}
}
#---------- POLYLINE
Shape {
	appearance Appearance {
		material Material {
			diffuseColor 0 0 1
			emissiveColor 0 0 1
		}
	}
	geometry IndexedLineSet {
		coord Coordinate {
			point [
				8.08449 -15.104 -11.8327,
				8.13723 -15.0392 -11.8348,
				8.16791 -14.9843 -11.8271,
				8.17568 -14.9305 -11.8224,
				8.18229 -14.9133 -11.8275,
				8.18251 -14.9134 -11.8275,
			]
		}
		coordIndex [
			0, 1, 2, 3, 4, 5, -1
		]
	}
}
#---------- POLYLINE
Shape {
	appearance Appearance {
		material Material {
			diffuseColor 0 1 0
			emissiveColor 0 1 0
		}
	}
	geometry IndexedLineSet {
		coord Coordinate {
			point [
				8.18251 -14.9134 -11.8275,
				13.2379 -21.11 -9.62801,
				23.7925 -34.0473 -5.03588,
				42.4167 -12.8536 2.80417,
				46.9776 -4.06953 25,
				144.582 183.913 500,
			]
		}
		coordIndex [
			0, 1, 2, 3, 4, 5, -1
		]
	}
}
#---------- POLYLINE
Shape {
	appearance Appearance {
		material Material {
			diffuseColor 0 1 0
			emissiveColor 0 1 0
		}
	}
	geometry IndexedLineSet {
		coord Coordinate {
			point [
				8.18251 -14.9134 -11.8275,
				6.91771 -13.3631 -12.3778,
				0.0941529 -4.99911 -15.3466,
				-4.8784 1.09598 -17.5101,
				-22.0934 22.1973 -25,
				-411.899 500 -194.597,
			]
		}
		coordIndex [
			0, 1, 2, 3, 4, 5, -1
		]
	}
}
#---------- POLYLINE
Shape {
	appearance Appearance {
		material Material {
			diffuseColor 0.5 0.5 0.5
			emissiveColor 0.5 0.5 0.5
		}
	}
	geometry IndexedLineSet {
		coord Coordinate {
			point [
				8.08449 -15.104 -11.8327,
				6.27184 -13.9682 -12.2004,
				-15.038 -0.615245 -16.5238,
				-22.7177 4.19693 -18.0819,
				-46.2682 18.9539 -22.8599,
				-500 303.267 -114.914,
			]
		}
		coordIndex [
			0, 1, 2, 3, 4, 5, -1
		]
	}
}
#---------- POLYLINE
Shape {
	appearance Appearance {
		material Material {
			diffuseColor 0.5 0.5 0.5
			emissiveColor 0.5 0.5 0.5
		}
	}
	geometry IndexedLineSet {
		coord Coordinate {
			point [
				8.08449 -15.104 -11.8327,
				8.08449 -15.104 -11.8327,
			]
		}
		coordIndex [
			0, 1, -1
		]
	}
}
#---------- POLYLINE
Shape {
	appearance Appearance {
		material Material {
			diffuseColor 0.5 0.5 0.5
			emissiveColor 0.5 0.5 0.5
		}
	}
	geometry IndexedLineSet {
		coord Coordinate {
			point [
				10.9034 -17.7259 -7.64586,
			]
		}
		coordIndex [
			0, -1
		]
	}
}
#---------- POLYLINE
Shape {
	appearance Appearance {
		material Material {
			diffuseColor 0 0 1
			emissiveColor 0 0 1
		}
	}
	geometry IndexedLineSet {
		coord Coordinate {
			point [
				10.9034 -17.7259 -7.64586,
				10.8945 -17.7303 -7.64989,
				10.8938 -17.7302 -7.64975,
			]
		}
		coordIndex [
			0, 1, 2, -1
		]
	}
}
#---------- POLYLINE
Shape {
	appearance Appearance {
		material Material {
			diffuseColor 0 1 0
			emissiveColor 0 1 0
		}
	}
	geometry IndexedLineSet {
		coord Coordinate {
			point [
				10.8938 -17.7302 -7.64975,
				8.14735 -12.6559 -6.39114,
				3.32067 -3.73807 -4.17923,
				-1.31366 4.82435 -2.05546,
				-6.26614 13.9746 0.214104,
				-10.7422 22.2446 2.26534,
				-22.7899 44.5041 7.78644,
				-269.322 500 120.765,
			]
		}
		coordIndex [
			0, 1, 2, 3, 4, 5, 6, 7, -1
		]
	}
}
#---------- POLYLINE
Shape {
	appearance Appearance {
		material Material {
			diffuseColor 0 1 0
			emissiveColor 0 1 0
		}
	}
	geometry IndexedLineSet {
		coord Coordinate {
			point [
				10.8938 -17.7302 -7.64975,
				12.875 -21.3908 -8.55768,
				24.7969 -43.4179 -14.0211,
				271.917 -500 -127.269,
			]
		}
		coordIndex [
			0, 1, 2, 3, -1
		]
	}
}
#---------- POLYLINE
Shape {
	appearance Appearance {
		material Material {
			diffuseColor 0.5 0.5 0.5
			emissiveColor 0.5 0.5 0.5
		}
	}
	geometry IndexedLineSet {
		coord Coordinate {
			point [
				10.9034 -17.7259 -7.64586,
				14.72 -18.9496 -10.5798,
				33.4786 -24.9644 -25,
				500 -174.549 -383.627,
			]
		}
		coordIndex [
			0, 1, 2, 3, -1
		]
	}
}
#---------- POLYLINE
Shape {
	appearance Appearance {
		material Material {
			diffuseColor 0.5 0.5 0.5
			emissiveColor 0.5 0.5 0.5
		}
	}
	geometry IndexedLineSet {
		coord Coordinate {
			point [
				10.9034 -17.7259 -7.64586,
				10.9034 -17.7259 -7.64585,
			]
		}
		coordIndex [
			0, 1, -1
		]
	}
}
#---------- POLYLINE
Shape {
	appearance Appearance {
		material Material {
			diffuseColor 0.5 0.5 0.5
			emissiveColor 0.5 0.5 0.5
		}
	}
	geometry IndexedLineSet {
		coord Coordinate {
			point [
				10.2054 -22.1924 -14.7535,
			]
		}
		coordIndex [
			0, -1
		]
	}
}
#---------- POLYLINE
Shape {
	appearance Appearance {
		material Material {
			diffuseColor 0 0 1
			emissiveColor 0 0 1
		}
	}
	geometry IndexedLineSet {
		coord Coordinate {
			point [
				10.2054 -22.1924 -14.7535,
				10.2051 -22.2039 -14.741,
				10.2032 -22.2121 -14.728,
				10.2012 -22.2202 -14.7165,
				10.2008 -22.2296 -14.7073,
				10.2022 -22.2394 -14.7,
				10.2014 -22.2501 -14.6958,
				10.1981 -22.2601 -14.6944,
				10.1923 -22.2674 -14.6906,
				10.1902 -22.2718 -14.6832,
				10.1903 -22.2764 -14.6762,
				10.1891 -22.2794 -14.6708,
				10.1902 -22.2816 -14.6654,
				10.1917 -22.2837 -14.6607,
				10.1932 -22.2867 -14.6568,
				10.1935 -22.2895 -14.6532,
				10.194 -22.2925 -14.6502,
				10.1939 -22.2947 -14.6473,
				10.1934 -22.2958 -14.6464,
				10.1934 -22.2958 -14.6463,
				10.1933 -22.2959 -14.6463,
				10.1933 -22.296 -14.6462,
				10.1931 -22.2962 -14.6461,
				10.1931 -22.2963 -14.6461,
				10.1931 -22.2963 -14.6461,
				10.193 -22.2963 -14.646,
				10.193 -22.2965 -14.6459,
				10.1929 -22.2966 -14.6459,
				10.1927 -22.2968 -14.6457,
				10.1927 -22.2969 -14.6457,
				10.1924 -22.2972 -14.6454,
				10.192 -22.2979 -14.6449,
				10.1912 -22.299 -14.6441,
				10.1898 -22.3008 -14.643,
				10.1879 -22.3028 -14.642,
				10.1868 -22.305 -14.6414,
				10.1865 -22.3071 -14.6411,
				10.1866 -22.3089 -14.6405,
				10.1869 -22.3106 -14.6403,
				10.1873 -22.3122 -14.64,
				10.1875 -22.3137 -14.64,
				10.1876 -22.3149 -14.6405,
				10.19 -22.3203 -14.6439,
				10.1897 -22.3203 -14.6437,
			]
		}
		coordIndex [
			0, 1, 2, 3, 4, 5, 6, 7, 8, 9, 
			10, 11, 12, 13, 14, 15, 16, 17, 18, 19, 
			20, 21, 22, 23, 24, 25, 26, 27, 28, 29, 
			30, 31, 32, 33, 34, 35, 36, 37, 38, 39, 
			40, 41, 42, 43, -1
		]
	}
}
#---------- POLYLINE
Shape {
	appearance Appearance {
		material Material {
			diffuseColor 0 1 0
			emissiveColor 0 1 0
		}
	}
	geometry IndexedLineSet {
		coord Coordinate {
			point [
				10.1897 -22.3203 -14.6437,
				12.5458 -39.6556 -25,
				75.1124 -500 -300.015,
			]
		}
		coordIndex [
			0, 1, 2, -1
		]
	}
}
#---------- POLYLINE
Shape {
	appearance Appearance {
		material Material {
			diffuseColor 0 1 0
			emissiveColor 0 1 0
		}
	}
	geometry IndexedLineSet {
		coord Coordinate {
			point [
				10.1897 -22.3203 -14.6437,
				10.1865 -22.2965 -14.6295,
				9.0447 -13.8954 -9.61058,
				12.195 -12.8076 -6.06723,
				22.0838 -9.39268 5.05547,
				33.9058 23.9694 25,
				202.589 500 309.581,
			]
		}
		coordIndex [
			0, 1, 2, 3, 4, 5, 6, -1
		]
	}
}
#---------- POLYLINE
Shape {
	appearance Appearance {
		material Material {
			diffuseColor 0.5 0.5 0.5
			emissiveColor 0.5 0.5 0.5
		}
	}
	geometry IndexedLineSet {
		coord Coordinate {
			point [
				10.2054 -22.1924 -14.7535,
				8.93396 -14.5094 -20,
				7.72224 -7.18731 -25,
				-76.2112 500 -371.341,
			]
		}
		coordIndex [
			0, 1, 2, 3, -1
		]
	}
}
#---------- POLYLINE
Shape {
	appearance Appearance {
		material Material {
			diffuseColor 0.5 0.5 0.5
			emissiveColor 0.5 0.5 0.5
		}
	}
	geometry IndexedLineSet {
		coord Coordinate {
			point [
				10.2054 -22.1924 -14.7535,
				10.2054 -22.1924 -14.7535,
			]
		}
		coordIndex [
			0, 1, -1
		]
	}
}
#---------- POLYLINE
Shape {
	appearance Appearance {
		material Material {
			diffuseColor 0.5 0.5 0.5
			emissiveColor 0.5 0.5 0.5
		}
	}
	geometry IndexedLineSet {
		coord Coordinate {
			point [
				6.99775 -18.7323 7.44889,
			]
		}
		coordIndex [
			0, -1
		]
	}
}
#---------- POLYLINE
Shape {
	appearance Appearance {
		material Material {
			diffuseColor 0 0 1
			emissiveColor 0 0 1
		}
	}
	geometry IndexedLineSet {
		coord Coordinate {
			point [
				6.99775 -18.7323 7.44889,
				6.93403 -18.7811 7.4953,
				6.91014 -18.7925 7.56682,
				6.86378 -18.8344 7.58756,
				6.81759 -18.8557 7.61224,
				6.77527 -18.8516 7.6351,
				6.74421 -18.8647 7.65388,
				6.71522 -18.8656 7.66742,
				6.69578 -18.8508 7.67679,
				6.67924 -18.8359 7.67568,
				6.6738 -18.8338 7.67457,
				6.67371 -18.8337 7.67483,
			]
		}
		coordIndex [
			0, 1, 2, 3, 4, 5, 6, 7, 8, 9, 
			10, 11, -1
		]
	}
}
#---------- POLYLINE
Shape {
	appearance Appearance {
		material Material {
			diffuseColor 0 1 0
			emissiveColor 0 1 0
		}
	}
	geometry IndexedLineSet {
		coord Coordinate {
			point [
				6.67371 -18.8337 7.67483,
				14.9795 -16.8482 6.51242,
				43.2612 -10.0877 2.55438,
				49.7059 -5.41508 3.7396,
				500 321.066 86.5521,
			]
		}
		coordIndex [
			0, 1, 2, 3, 4, -1
		]
	}
}
#---------- POLYLINE
Shape {
	appearance Appearance {
		material Material {
			diffuseColor 0 1 0
			emissiveColor 0 1 0
		}
	}
	geometry IndexedLineSet {
		coord Coordinate {
			point [
				6.67371 -18.8337 7.67483,
				5.35445 -19.149 7.85946,
				-40.006 -29.992 14.2077,
				-500 -139.95 78.5842,
			]
		}
		coordIndex [
			0, 1, 2, 3, -1
		]
	}
}
#---------- POLYLINE
Shape {
	appearance Appearance {
		material Material {
			diffuseColor 0.5 0.5 0.5
			emissiveColor 0.5 0.5 0.5
		}
	}
	geometry IndexedLineSet {
		coord Coordinate {
			point [
				6.99775 -18.7323 7.44889,
				5.00908 -17.6012 10.656,
				-3.88547 -12.5422 25,
				-298.427 154.987 500,
			]
		}
		coordIndex [
			0, 1, 2, 3, -1
		]
	}
}
#---------- POLYLINE
Shape {
	appearance Appearance {
		material Material {
			diffuseColor 0.5 0.5 0.5
			emissiveColor 0.5 0.5 0.5
		}
	}
	geometry IndexedLineSet {
		coord Coordinate {
			point [
				6.99775 -18.7323 7.44889,
				6.99776 -18.7323 7.44888,
			]
		}
		coordIndex [
			0, 1, -1
		]
	}
}
#---------- POLYLINE
Shape {
	appearance Appearance {
		material Material {
			diffuseColor 0.5 0.5 0.5
			emissiveColor 0.5 0.5 0.5
		}
	}
	geometry IndexedLineSet {
		coord Coordinate {
			point [
				12.7965 -16.165 -8.81499,
			]
		}
		coordIndex [
			0, -1
		]
	}
}
#---------- POLYLINE
Shape {
	appearance Appearance {
		material Material {
			diffuseColor 0 0 1
			emissiveColor 0 0 1
		}
	}
	geometry IndexedLineSet {
		coord Coordinate {
			point [
				12.7965 -16.165 -8.81499,
				12.7775 -16.1475 -8.83392,
				12.7745 -16.1258 -8.84031,
				12.7726 -16.1188 -8.84155,
				12.7725 -16.1187 -8.84138,
			]
		}
		coordIndex [
			0, 1, 2, 3, 4, -1
		]
	}
}
#---------- POLYLINE
Shape {
	appearance Appearance {
		material Material {
			diffuseColor 0 1 0
			emissiveColor 0 1 0
		}
	}
	geometry IndexedLineSet {
		coord Coordinate {
			point [
				12.7725 -16.1187 -8.84138,
				13.9383 -20.3805 -8.03598,
				20.8011 -45.4677 -3.29495,
				145.142 -500 82.6035,
			]
		}
		coordIndex [
			0, 1, 2, 3, -1
		]
	}
}
#---------- POLYLINE
Shape {
	appearance Appearance {
		material Material {
			diffuseColor 0 1 0
			emissiveColor 0 1 0
		}
	}
	geometry IndexedLineSet {
		coord Coordinate {
			point [
				12.7725 -16.1187 -8.84138,
				11.8219 -12.6437 -9.49809,
				-5.23945 49.7247 -21.2846,
				-128.416 500 -106.379,
			]
		}
		coordIndex [
			0, 1, 2, 3, -1
		]
	}
}
#---------- POLYLINE
Shape {
	appearance Appearance {
		material Material {
			diffuseColor 0.5 0.5 0.5
			emissiveColor 0.5 0.5 0.5
		}
	}
	geometry IndexedLineSet {
		coord Coordinate {
			point [
				12.7965 -16.165 -8.81499,
				12.8697 -13.2055 -7.3034,
				13.5369 13.7658 6.47241,
				13.7073 20.655 9.99112,
				14.3809 47.8873 23.9002,
				25.5643 500 254.82,
			]
		}
		coordIndex [
			0, 1, 2, 3, 4, 5, -1
		]
	}
}
#---------- POLYLINE
Shape {
	appearance Appearance {
		material Material {
			diffuseColor 0.5 0.5 0.5
			emissiveColor 0.5 0.5 0.5
		}
	}
	geometry IndexedLineSet {
		coord Coordinate {
			point [
				12.7965 -16.165 -8.81499,
				12.7965 -16.165 -8.81499,
			]
		}
		coordIndex [
			0, 1, -1
		]
	}
}
#---------- POLYLINE
Shape {
	appearance Appearance {
		material Material {
			diffuseColor 0.5 0.5 0.5
			emissiveColor 0.5 0.5 0.5
		}
	}
	geometry IndexedLineSet {
		coord Coordinate {
			point [
				11.4575 -15.3391 -13.0666,
			]
		}
		coordIndex [
			0, -1
		]
	}
}
#---------- POLYLINE
Shape {
	appearance Appearance {
		material Material {
			diffuseColor 0 0 1
			emissiveColor 0 0 1
		}
	}
	geometry IndexedLineSet {
		coord Coordinate {
			point [
				11.4575 -15.3391 -13.0666,
				11.4677 -15.3432 -13.07,
				11.4684 -15.3435 -13.0703,
			]
		}
		coordIndex [
			0, 1, 2, -1
		]
	}
}
#---------- POLYLINE
Shape {
	appearance Appearance {
		material Material {
			diffuseColor 0 1 0
			emissiveColor 0 1 0
		}
	}
	geometry IndexedLineSet {
		coord Coordinate {
			point [
				11.4684 -15.3435 -13.0703,
				13.6992 -13.9361 -13.0713,
				49.2713 8.50544 -13.0888,
				500 292.86 -13.3099,
			]
		}
		coordIndex [
			0, 1, 2, 3, -1
		]
	}
}
#---------- POLYLINE
Shape {
	appearance Appearance {
		material Material {
			diffuseColor 0 1 0
			emissiveColor 0 1 0
		}
	}
	geometry IndexedLineSet {
		coord Coordinate {
			point [
				11.4684 -15.3435 -13.0703,
				5.37105 -19.1902 -13.0673,
				1.30112 -21.7578 -13.0653,
				6.39213 -20.7617 -18.3514,
				7.97982 -20.451 -20,
				9.20292 -20.2117 -21.27,
				9.19936 -21.3998 -20,
				9.19685 -22.2351 -19.1072,
				9.15491 -36.2244 -4.15377,
				-2.64816 -26.5722 -20.8592,
				0.791532 -24.4928 -23.1737,
				2.25248 -20.4582 -25,
				190.713 500 -260.587,
			]
		}
		coordIndex [
			0, 1, 2, 3, 4, 5, 6, 7, 8, 9, 
			10, 11, 12, -1
		]
	}
}
#---------- POLYLINE
Shape {
	appearance Appearance {
		material Material {
			diffuseColor 0.5 0.5 0.5
			emissiveColor 0.5 0.5 0.5
		}
	}
	geometry IndexedLineSet {
		coord Coordinate {
			point [
				11.4575 -15.3391 -13.0666,
				5.65752 -19.7785 -10.2392,
				-25.0425 -43.2767 4.72654,
				-500 -406.815 236.26,
			]
		}
		coordIndex [
			0, 1, 2, 3, -1
		]
	}
}
#---------- POLYLINE
Shape {
	appearance Appearance {
		material Material {
			diffuseColor 0.5 0.5 0.5
			emissiveColor 0.5 0.5 0.5
		}
	}
	geometry IndexedLineSet {
		coord Coordinate {
			point [
				11.4575 -15.3391 -13.0666,
				11.4575 -15.3391 -13.0666,
			]
		}
		coordIndex [
			0, 1, -1
		]
	}
}
#---------- POLYLINE
Shape {
	appearance Appearance {
		material Material {
			diffuseColor 0.5 0.5 0.5
			emissiveColor 0.5 0.5 0.5
		}
	}
	geometry IndexedLineSet {
		coord Coordinate {
			point [
				5.68263 -19.292 -12.4041,
			]
		}
		coordIndex [
			0, -1
		]
	}
}
#---------- POLYLINE
Shape {
	appearance Appearance {
		material Material {
			diffuseColor 0 0 1
			emissiveColor 0 0 1
		}
	}
	geometry IndexedLineSet {
		coord Coordinate {
			point [
				5.68263 -19.292 -12.4041,
				5.69194 -19.3167 -12.3775,
				5.6893 -19.3395 -12.351,
				5.69291 -19.3595 -12.3265,
				5.71368 -19.3713 -12.3086,
				5.72981 -19.3863 -12.298,
				5.74715 -19.4011 -12.2994,
				5.76572 -19.4119 -12.2992,
				5.82249 -19.4472 -12.3064,
				5.87333 -19.4607 -12.2908,
				5.87696 -19.4781 -12.25,
				5.88095 -19.507 -12.2306,
				5.86976 -19.527 -12.2128,
				5.86551 -19.5057 -12.2244,
				5.85963 -19.5016 -12.238,
				5.85925 -19.5013 -12.2372,
			]
		}
		coordIndex [
			0, 1, 2, 3, 4, 5, 6, 7, 8, 9, 
			10, 11, 12, 13, 14, 15, -1
		]
	}
}
#---------- POLYLINE
Shape {
	appearance Appearance {
		material Material {
			diffuseColor 0 1 0
			emissiveColor 0 1 0
		}
	}
	geometry IndexedLineSet {
		coord Coordinate {
			point [
				5.85925 -19.5013 -12.2372,
				8.20237 -17.5994 -20,
				9.71157 -16.3743 -25,
				153.086 100.003 -500,
			]
		}
		coordIndex [
			0, 1, 2, 3, -1
		]
	}
}
#---------- POLYLINE
Shape {
	appearance Appearance {
		material Material {
			diffuseColor 0 1 0
			emissiveColor 0 1 0
		}
	}
	geometry IndexedLineSet {
		coord Coordinate {
			point [
				5.85925 -19.5013 -12.2372,
				5.6139 -19.7004 -11.4244,
				-5.38047 -28.6246 25,
				-142.21 -139.689 478.316,
				500 -64.2684 444.695,
			]
		}
		coordIndex [
			0, 1, 2, 3, 4, -1
		]
	}
}
#---------- POLYLINE
Shape {
	appearance Appearance {
		material Material {
			diffuseColor 1 0 0
			emissiveColor 1 0 0
		}
	}
	geometry IndexedLineSet {
		coord Coordinate {
			point [
				-142.21 -139.689 478.316,
				-154.227 -146.881 494.581,
				-155.823 -149.739 498.899,
				-156.263 -150.474 500,
			]
		}
		coordIndex [
			0, 1, 2, 3, -1
		]
	}
}
#---------- POLYLINE
Shape {
	appearance Appearance {
		material Material {
			diffuseColor 0.5 0.5 0.5
			emissiveColor 0.5 0.5 0.5
		}
	}
	geometry IndexedLineSet {
		coord Coordinate {
			point [
				5.68263 -19.292 -12.4041,
				5.09819 -16.314 -15.7935,
				3.51065 -8.22468 -25,
				-78.3962 409.132 -500,
			]
		}
		coordIndex [
			0, 1, 2, 3, -1
		]
	}
}
#---------- POLYLINE
Shape {
	appearance Appearance {
		material Material {
			diffuseColor 0.5 0.5 0.5
			emissiveColor 0.5 0.5 0.5
		}
	}
	geometry IndexedLineSet {
		coord Coordinate {
			point [
				5.68263 -19.292 -12.4041,
				5.68263 -19.292 -12.4041,
			]
		}
		coordIndex [
			0, 1, -1
		]
	}
}
#---------- POLYLINE
Shape {
	appearance Appearance {
		material Material {
			diffuseColor 0.5 0.5 0.5
			emissiveColor 0.5 0.5 0.5
		}
	}
	geometry IndexedLineSet {
		coord Coordinate {
			point [
				10.1494 -13.0705 -9.87524,
			]
		}
		coordIndex [
			0, -1
		]
	}
}
#---------- POLYLINE
Shape {
	appearance Appearance {
		material Material {
			diffuseColor 0 0 1
			emissiveColor 0 0 1
		}
	}
	geometry IndexedLineSet {
		coord Coordinate {
			point [
				10.1494 -13.0705 -9.87524,
				10.0598 -13.1873 -9.94927,
				9.94596 -13.2445 -9.97871,
				9.86538 -13.2354 -10.0531,
				9.80621 -13.2005 -10.1212,
				9.79709 -13.1455 -10.1773,
				9.80096 -13.0904 -10.1414,
				9.75401 -13.0968 -10.1692,
				9.71445 -13.094 -10.1562,
				9.69298 -13.1128 -10.1596,
				9.69344 -13.1195 -10.1375,
				9.70498 -13.1267 -10.1312,
				9.70519 -13.1268 -10.131,
			]
		}
		coordIndex [
			0, 1, 2, 3, 4, 5, 6, 7, 8, 9, 
			10, 11, 12, -1
		]
	}
}
#---------- POLYLINE
Shape {
	appearance Appearance {
		material Material {
			diffuseColor 0 1 0
			emissiveColor 0 1 0
		}
	}
	geometry IndexedLineSet {
		coord Coordinate {
			point [
				9.70519 -13.1268 -10.131,
				9.97215 -12.3001 -7.86306,
				12.6791 -3.91787 15.133,
				4.4649 -2.25048 12.9755,
				-4.989 -0.331434 10.4924,
				-15.3223 1.76612 7.77827,
				-23.6188 3.45023 5.59915,
				-49.2457 8.65223 -1.13189,
				-500 100.151 -119.525,
			]
		}
		coordIndex [
			0, 1, 2, 3, 4, 5, 6, 7, 8, -1
		]
	}
}
#---------- POLYLINE
Shape {
	appearance Appearance {
		material Material {
			diffuseColor 0 1 0
			emissiveColor 0 1 0
		}
	}
	geometry IndexedLineSet {
		coord Coordinate {
			point [
				9.70519 -13.1268 -10.131,
				8.54349 -16.7241 -20,
				7.95494 -18.5466 -25,
				-47.9581 -191.687 -500,
			]
		}
		coordIndex [
			0, 1, 2, 3, -1
		]
	}
}
#---------- POLYLINE
Shape {
	appearance Appearance {
		material Material {
			diffuseColor 0.5 0.5 0.5
			emissiveColor 0.5 0.5 0.5
		}
	}
	geometry IndexedLineSet {
		coord Coordinate {
			point [
				10.1494 -13.0705 -9.87524,
				8.89076 -12.4246 -9.3903,
				-15.0026 -0.16257 -0.184076,
				-23.0459 3.96519 2.91501,
				-47.2402 16.3817 12.2372,
				-500 248.737 186.687,
			]
		}
		coordIndex [
			0, 1, 2, 3, 4, 5, -1
		]
	}
}
#---------- POLYLINE
Shape {
	appearance Appearance {
		material Material {
			diffuseColor 0.5 0.5 0.5
			emissiveColor 0.5 0.5 0.5
		}
	}
	geometry IndexedLineSet {
		coord Coordinate {
			point [
				10.1494 -13.0705 -9.87524,
				10.1494 -13.0705 -9.87524,
			]
		}
		coordIndex [
			0, 1, -1
		]
	}
}
#---------- POLYLINE
Shape {
	appearance Appearance {
		material Material {
			diffuseColor 0.5 0.5 0.5
			emissiveColor 0.5 0.5 0.5
		}
	}
	geometry IndexedLineSet {
		coord Coordinate {
			point [
				5.95137 -14.9469 3.86965,
			]
		}
		coordIndex [
			0, -1
		]
	}
}
#---------- POLYLINE
Shape {
	appearance Appearance {
		material Material {
			diffuseColor 0 0 1
			emissiveColor 0 0 1
		}
	}
	geometry IndexedLineSet {
		coord Coordinate {
			point [
				5.95137 -14.9469 3.86965,
				5.87674 -14.9632 3.87605,
				5.80643 -14.968 3.8889,
				5.75416 -15.0082 3.89815,
				5.71179 -15.045 3.92129,
				5.694 -15.0704 3.95704,
				5.68485 -15.0907 3.99617,
				5.68052 -15.1179 4.02736,
				5.67592 -15.153 4.04515,
				5.68433 -15.1717 4.07043,
				5.70513 -15.1852 4.08348,
				5.73115 -15.195 4.08841,
				5.7562 -15.2025 4.09348,
				5.77772 -15.21 4.10229,
				5.84407 -15.2289 4.12741,
				5.88718 -15.2667 4.13241,
				5.92303 -15.2961 4.12187,
				5.946 -15.3075 4.13616,
				5.96184 -15.3136 4.15347,
				5.96268 -15.3118 4.16977,
				5.96225 -15.3119 4.1704,
			]
		}
		coordIndex [
			0, 1, 2, 3, 4, 5, 6, 7, 8, 9, 
			10, 11, 12, 13, 14, 15, 16, 17, 18, 19, 
			20, -1
		]
	}
}
#---------- POLYLINE
Shape {
	appearance Appearance {
		material Material {
			diffuseColor 0 1 0
			emissiveColor 0 1 0
		}
	}
	geometry IndexedLineSet {
		coord Coordinate {
			point [
				5.96225 -15.3119 4.1704,
				5.36142 -15.4336 4.4195,
				-5.00546 -17.5337 8.71763,
				-14.5098 -19.459 12.6582,
				-37.6683 -24.1504 22.2597,
				-19.7109 -33.5439 25,
				500 -305.406 104.307,
			]
		}
		coordIndex [
			0, 1, 2, 3, 4, 5, 6, -1
		]
	}
}
#---------- POLYLINE
Shape {
	appearance Appearance {
		material Material {
			diffuseColor 0 1 0
			emissiveColor 0 1 0
		}
	}
	geometry IndexedLineSet {
		coord Coordinate {
			point [
				5.96225 -15.3119 4.1704,
				6.63495 -15.1756 3.8915,
				6.31132 -18.6923 5.01705,
				5.42818 -19.3245 5.41081,
				-26.6646 -42.2966 19.7196,
				-500 -381.112 230.76,
			]
		}
		coordIndex [
			0, 1, 2, 3, 4, 5, -1
		]
	}
}
#---------- POLYLINE
Shape {
	appearance Appearance {
		material Material {
			diffuseColor 0.5 0.5 0.5
			emissiveColor 0.5 0.5 0.5
		}
	}
	geometry IndexedLineSet {
		coord Coordinate {
			point [
				5.95137 -14.9469 3.86965,
				14.9226 -16.4239 11.102,
				32.1621 -19.2621 25,
				500 -96.2859 402.157,
			]
		}
		coordIndex [
			0, 1, 2, 3, -1
		]
	}
}
#---------- POLYLINE
Shape {
	appearance Appearance {
		material Material {
			diffuseColor 0.5 0.5 0.5
			emissiveColor 0.5 0.5 0.5
		}
	}
	geometry IndexedLineSet {
		coord Coordinate {
			point [
				5.95137 -14.9469 3.86965,
				5.95138 -14.9468 3.86965,
			]
		}
		coordIndex [
			0, 1, -1
		]
	}
}
#---------- POLYLINE
Shape {
	appearance Appearance {
		material Material {
			diffuseColor 0.5 0.5 0.5
			emissiveColor 0.5 0.5 0.5
		}
	}
	geometry IndexedLineSet {
		coord Coordinate {
			point [
				9.8419 -18.96 -19.4545,
			]
		}
		coordIndex [
			0, -1
		]
	}
}
#---------- POLYLINE
Shape {
	appearance Appearance {
		material Material {
			diffuseColor 0 0 1
			emissiveColor 0 0 1
		}
	}
	geometry IndexedLineSet {
		coord Coordinate {
			point [
				9.8419 -18.96 -19.4545,
				9.80976 -18.96 -19.4607,
				9.79702 -18.956 -19.4815,
				9.78911 -18.9668 -19.4964,
				9.79099 -18.9701 -19.5023,
				9.7907 -18.9699 -19.5026,
			]
		}
		coordIndex [
			0, 1, 2, 3, 4, 5, -1
		]
	}
}
#---------- POLYLINE
Shape {
	appearance Appearance {
		material Material {
			diffuseColor 0 1 0
			emissiveColor 0 1 0
		}
	}
	geometry IndexedLineSet {
		coord Coordinate {
			point [
				9.7907 -18.9699 -19.5026,
				13.6297 -13.8612 -19.4219,
				20.2953 -4.99127 -19.2817,
				24.8764 1.10484 -19.1854,
				26.8916 3.78649 -19.143,
				33.0708 26.9332 -25,
				159.361 500 -144.704,
			]
		}
		coordIndex [
			0, 1, 2, 3, 4, 5, 6, -1
		]
	}
}
#---------- POLYLINE
Shape {
	appearance Appearance {
		material Material {
			diffuseColor 0 1 0
			emissiveColor 0 1 0
		}
	}
	geometry IndexedLineSet {
		coord Coordinate {
			point [
				9.7907 -18.9699 -19.5026,
				7.7067 -21.7431 -19.5464,
				-8.90838 -43.8529 -19.8958,
				-13.6482 -48.1012 -21.605,
				-500 -484.017 -196.983,
			]
		}
		coordIndex [
			0, 1, 2, 3, 4, -1
		]
	}
}
#---------- POLYLINE
Shape {
	appearance Appearance {
		material Material {
			diffuseColor 0.5 0.5 0.5
			emissiveColor 0.5 0.5 0.5
		}
	}
	geometry IndexedLineSet {
		coord Coordinate {
			point [
				9.8419 -18.96 -19.4545,
				8.26472 -19.0611 -20,
				-6.19082 -19.9874 -25,
				-500 -51.6299 -195.803,
			]
		}
		coordIndex [
			0, 1, 2, 3, -1
		]
	}
}
#---------- POLYLINE
Shape {
	appearance Appearance {
		material Material {
			diffuseColor 0.5 0.5 0.5
			emissiveColor 0.5 0.5 0.5
		}
	}
	geometry IndexedLineSet {
		coord Coordinate {
			point [
				9.8419 -18.96 -19.4545,
				9.84191 -18.96 -19.4545,
			]
		}
		coordIndex [
			0, 1, -1
		]
	}
}
#---------- POLYLINE
Shape {
	appearance Appearance {
		material Material {
			diffuseColor 0.5 0.5 0.5
			emissiveColor 0.5 0.5 0.5
		}
	}
	geometry IndexedLineSet {
		coord Coordinate {
			point [
				11.5243 -18.6042 -12.6095,
			]
		}
		coordIndex [
			0, -1
		]
	}
}
#---------- POLYLINE
Shape {
	appearance Appearance {
		material Material {
			diffuseColor 0 0 1
			emissiveColor 0 0 1
		}
	}
	geometry IndexedLineSet {
		coord Coordinate {
			point [
				11.5243 -18.6042 -12.6095,
				11.525 -18.5205 -12.8382,
				11.5628 -18.4075 -13.0117,
				11.5977 -18.2418 -13.0708,
				11.6207 -18.1132 -13.1016,
				11.5997 -18.0017 -13.0957,
				11.5884 -17.9121 -13.0738,
				11.5369 -17.8587 -13.0696,
				11.5458 -17.9077 -13.0274,
				11.5319 -17.9616 -13.0209,
				11.5088 -18.0034 -13.0214,
				11.48 -18.003 -13.0007,
				11.477 -18.0121 -12.9736,
				11.4712 -18.025 -12.9573,
				11.4763 -18.0182 -12.9622,
				11.476 -18.0184 -12.9621,
			]
		}
		coordIndex [
			0, 1, 2, 3, 4, 5, 6, 7, 8, 9, 
			10, 11, 12, 13, 14, 15, -1
		]
	}
}
#---------- POLYLINE
Shape {
	appearance Appearance {
		material Material {
			diffuseColor 0 1 0
			emissiveColor 0 1 0
		}
	}
	geometry IndexedLineSet {
		coord Coordinate {
			point [
				11.476 -18.0184 -12.9621,
				14.7499 -15.7383 -19.5883,
				15.6812 -15.0897 -21.4732,
				17.1062 -12.3935 -25,
				209.039 350.733 -500,
			]
		}
		coordIndex [
			0, 1, 2, 3, 4, -1
		]
	}
}
#---------- POLYLINE
Shape {
	appearance Appearance {
		material Material {
			diffuseColor 0 1 0
			emissiveColor 0 1 0
		}
	}
	geometry IndexedLineSet {
		coord Coordinate {
			point [
				11.476 -18.0184 -12.9621,
				6.88813 -21.2136 -3.67663,
				-7.28058 -31.0814 25,
				-241.971 -194.532 500,
			]
		}
		coordIndex [
			0, 1, 2, 3, -1
		]
	}
}
#---------- POLYLINE
Shape {
	appearance Appearance {
		material Material {
			diffuseColor 0.5 0.5 0.5
			emissiveColor 0.5 0.5 0.5
		}
	}
	geometry IndexedLineSet {
		coord Coordinate {
			point [
				11.5243 -18.6042 -12.6095,
				5.36666 -15.4206 -13.5153,
				-16.8889 -3.91418 -16.7891,
				-24.9924 0.275455 -17.9811,
				-48.4386 12.3975 -21.4301,
				-500 245.861 -87.8552,
			]
		}
		coordIndex [
			0, 1, 2, 3, 4, 5, -1
		]
	}
}
#---------- POLYLINE
Shape {
	appearance Appearance {
		material Material {
			diffuseColor 0.5 0.5 0.5
			emissiveColor 0.5 0.5 0.5
		}
	}
	geometry IndexedLineSet {
		coord Coordinate {
			point [
				11.5243 -18.6042 -12.6095,
				11.5243 -18.6042 -12.6094,
			]
		}
		coordIndex [
			0, 1, -1
		]
	}
}
#---------- POLYLINE
Shape {
	appearance Appearance {
		material Material {
			diffuseColor 0.5 0.5 0.5
			emissiveColor 0.5 0.5 0.5
		}
	}
	geometry IndexedLineSet {
		coord Coordinate {
			point [
				9.24229 -20.4188 -13.2627,
			]
		}
		coordIndex [
			0, -1
		]
	}
}
#---------- POLYLINE
Shape {
	appearance Appearance {
		material Material {
			diffuseColor 0 0 1
			emissiveColor 0 0 1
		}
	}
	geometry IndexedLineSet {
		coord Coordinate {
			point [
				9.24229 -20.4188 -13.2627,
				9.18638 -20.5663 -13.237,
				9.29217 -20.5315 -13.1112,
				9.40898 -20.518 -13.0039,
				9.50772 -20.4714 -12.901,
				9.74238 -20.3873 -12.6284,
				9.83283 -20.2021 -12.388,
				9.95387 -19.9966 -12.2858,
				9.94905 -19.8358 -12.4014,
				9.87909 -19.7457 -12.484,
				9.83405 -19.7001 -12.5736,
				9.80335 -19.6696 -12.6588,
				9.78924 -19.6245 -12.7039,
				9.77349 -19.5741 -12.7118,
				9.74332 -19.5452 -12.6994,
				9.73622 -19.5106 -12.6907,
				9.73349 -19.4906 -12.6959,
				9.73387 -19.4907 -12.6901,
				9.7341 -19.4908 -12.6898,
			]
		}
		coordIndex [
			0, 1, 2, 3, 4, 5, 6, 7, 8, 9, 
			10, 11, 12, 13, 14, 15, 16, 17, 18, -1
		]
	}
}
#---------- POLYLINE
Shape {
	appearance Appearance {
		material Material {
			diffuseColor 0 1 0
			emissiveColor 0 1 0
		}
	}
	geometry IndexedLineSet {
		coord Coordinate {
			point [
				9.7341 -19.4908 -12.6898,
				6.36066 -16.4686 -20,
				4.05332 -14.4015 -25,
				-215.144 181.971 -500,
			]
		}
		coordIndex [
			0, 1, 2, 3, -1
		]
	}
}
#---------- POLYLINE
Shape {
	appearance Appearance {
		material Material {
			diffuseColor 0 1 0
			emissiveColor 0 1 0
		}
	}
	geometry IndexedLineSet {
		coord Coordinate {
			point [
				9.7341 -19.4908 -12.6898,
				12.2646 -21.7578 -7.20622,
				27.1267 -35.0723 25,
				246.324 -231.445 500,
			]
		}
		coordIndex [
			0, 1, 2, 3, -1
		]
	}
}
#---------- POLYLINE
Shape {
	appearance Appearance {
		material Material {
			diffuseColor 0.5 0.5 0.5
			emissiveColor 0.5 0.5 0.5
		}
	}
	geometry IndexedLineSet {
		coord Coordinate {
			point [
				9.24229 -20.4188 -13.2627,
				7.36955 -21.5521 -11.9746,
				-26.7841 -42.221 11.5162,
				-500 -328.599 336.994,
			]
		}
		coordIndex [
			0, 1, 2, 3, -1
		]
	}
}
#---------- POLYLINE
Shape {
	appearance Appearance {
		material Material {
			diffuseColor 0.5 0.5 0.5
			emissiveColor 0.5 0.5 0.5
		}
	}
	geometry IndexedLineSet {
		coord Coordinate {
			point [
				9.24229 -20.4188 -13.2627,
				9.2423 -20.4188 -13.2627,
			]
		}
		coordIndex [
			0, 1, -1
		]
	}
}
#---------- POLYLINE
Shape {
	appearance Appearance {
		material Material {
			diffuseColor 0.5 0.5 0.5
			emissiveColor 0.5 0.5 0.5
		}
	}
	geometry IndexedLineSet {
		coord Coordinate {
			point [
				7.49359 -15.2607 -13.7882,
			]
		}
		coordIndex [
			0, -1
		]
	}
}
#---------- POLYLINE
Shape {
	appearance Appearance {
		material Material {
			diffuseColor 0 0 1
			emissiveColor 0 0 1
		}
	}
	geometry IndexedLineSet {
		coord Coordinate {
			point [
				7.49359 -15.2607 -13.7882,
				7.20245 -15.1109 -13.7336,
				7.24977 -14.9224 -13.5646,
				7.20576 -14.8607 -13.3636,
				7.15477 -14.8478 -13.1939,
				7.25985 -14.7692 -13.1195,
				7.28454 -14.6581 -13.0531,
				7.2545 -14.5846 -13.0347,
				7.24662 -14.5231 -13.0612,
				7.21683 -14.4759 -13.0757,
				7.17936 -14.4578 -13.1018,
				7.16191 -14.4426 -13.1377,
				7.13482 -14.4361 -13.1573,
				7.12544 -14.4218 -13.1352,
				7.11829 -14.4168 -13.1146,
				7.12157 -14.4047 -13.1084,
				7.12132 -14.4043 -13.1084,
			]
		}
		coordIndex [
			0, 1, 2, 3, 4, 5, 6, 7, 8, 9, 
			10, 11, 12, 13, 14, 15, 16, -1
		]
	}
}
#---------- POLYLINE
Shape {
	appearance Appearance {
		material Material {
			diffuseColor 0 1 0
			emissiveColor 0 1 0
		}
	}
	geometry IndexedLineSet {
		coord Coordinate {
			point [
				7.12132 -14.4043 -13.1084,
				7.60116 -21.687 -14.62,
				9.40782 -49.107 -20.3112,
				39.1165 -500 -113.898,
			]
		}
		coordIndex [
			0, 1, 2, 3, -1
		]
	}
}
#---------- POLYLINE
Shape {
	appearance Appearance {
		material Material {
			diffuseColor 0 1 0
			emissiveColor 0 1 0
		}
	}
	geometry IndexedLineSet {
		coord Coordinate {
			point [
				7.12132 -14.4043 -13.1084,
				7.0463 -13.2657 -12.8721,
				5.30204 13.2073 -7.37738,
				-3.75878 33.7389 25,
				-136.688 334.953 500,
			]
		}
		coordIndex [
			0, 1, 2, 3, 4, -1
		]
	}
}
#---------- POLYLINE
Shape {
	appearance Appearance {
		material Material {
			diffuseColor 0.5 0.5 0.5
			emissiveColor 0.5 0.5 0.5
		}
	}
	geometry IndexedLineSet {
		coord Coordinate {
			point [
				7.49359 -15.2607 -13.7882,
				13.7558 -20.6006 -12.7283,
				33.3179 -37.2816 -9.41712,
				500 -435.23 69.5749,
			]
		}
		coordIndex [
			0, 1, 2, 3, -1
		]
	}
}
#---------- POLYLINE
Shape {
	appearance Appearance {
		material Material {
			diffuseColor 0.5 0.5 0.5
			emissiveColor 0.5 0.5 0.5
		}
	}
	geometry IndexedLineSet {
		coord Coordinate {
			point [
				7.49359 -15.2607 -13.7882,
				7.4936 -15.2607 -13.7882,
			]
		}
		coordIndex [
			0, 1, -1
		]
	}
}
#---------- POLYLINE
Shape {
	appearance Appearance {
		material Material {
			diffuseColor 0.5 0.5 0.5
			emissiveColor 0.5 0.5 0.5
		}
	}
	geometry IndexedLineSet {
		coord Coordinate {
			point [
				14.6186 -16.2288 -19.827,
			]
		}
		coordIndex [
			0, -1
		]
	}
}
#---------- POLYLINE
Shape {
	appearance Appearance {
		material Material {
			diffuseColor 0 0 1
			emissiveColor 0 0 1
		}
	}
	geometry IndexedLineSet {
		coord Coordinate {
			point [
				14.6186 -16.2288 -19.827,
				14.5946 -16.2239 -19.824,
				14.5746 -16.2197 -19.8157,
				14.5566 -16.218 -19.811,
				14.5451 -16.2219 -19.8261,
				14.5315 -16.2241 -19.8387,
				14.5174 -16.2263 -19.8459,
				14.5028 -16.2288 -19.8482,
				14.489 -16.2313 -19.848,
				14.4772 -16.2338 -19.8478,
				14.4372 -16.2241 -19.8535,
				14.4046 -16.2383 -19.8593,
				14.3958 -16.2627 -19.8667,
				14.3775 -16.2692 -19.8723,
				14.377 -16.2691 -19.8724,
			]
		}
		coordIndex [
			0, 1, 2, 3, 4, 5, 6, 7, 8, 9, 
			10, 11, 12, 13, 14, -1
		]
	}
}
#---------- POLYLINE
Shape {
	appearance Appearance {
		material Material {
			diffuseColor 0 1 0
			emissiveColor 0 1 0
		}
	}
	geometry IndexedLineSet {
		coord Coordinate {
			point [
				14.377 -16.2691 -19.8724,
				8.74911 -22.141 -5.6888,
				-3.42782 -34.8458 25,
				-191.902 -231.491 500,
			]
		}
		coordIndex [
			0, 1, 2, 3, -1
		]
	}
}
#---------- POLYLINE
Shape {
	appearance Appearance {
		material Material {
			diffuseColor 0 1 0
			emissiveColor 0 1 0
		}
	}
	geometry IndexedLineSet {
		coord Coordinate {
			point [
				14.377 -16.2691 -19.8724,
				14.4276 -16.2163 -20,
				16.4115 -14.1464 -25,
				204.886 182.499 -500,
			]
		}
		coordIndex [
			0, 1, 2, 3, -1
		]
	}
}
#---------- POLYLINE
Shape {
	appearance Appearance {
		material Material {
			diffuseColor 0.5 0.5 0.5
			emissiveColor 0.5 0.5 0.5
		}
	}
	geometry IndexedLineSet {
		coord Coordinate {
			point [
				14.6186 -16.2288 -19.827,
				13.2099 -13.4664 -16.478,
				-4.23695 20.7462 25,
				-204.036 412.545 500,
			]
		}
		coordIndex [
			0, 1, 2, 3, -1
		]
	}
}
#---------- POLYLINE
Shape {
	appearance Appearance {
		material Material {
			diffuseColor 0.5 0.5 0.5
			emissiveColor 0.5 0.5 0.5
		}
	}
	geometry IndexedLineSet {
		coord Coordinate {
			point [
				14.6186 -16.2288 -19.827,
				14.6186 -16.2288 -19.827,
			]
		}
		coordIndex [
			0, 1, -1
		]
	}
}
#---------- POLYLINE
Shape {
	appearance Appearance {
		material Material {
			diffuseColor 0.5 0.5 0.5
			emissiveColor 0.5 0.5 0.5
		}
	}
	geometry IndexedLineSet {
		coord Coordinate {
			point [
				12.179 -20.094 -15.1282,
			]
		}
		coordIndex [
			0, -1
		]
	}
}
#---------- POLYLINE
Shape {
	appearance Appearance {
		material Material {
			diffuseColor 0 0 1
			emissiveColor 0 0 1
		}
	}
	geometry IndexedLineSet {
		coord Coordinate {
			point [
				12.179 -20.094 -15.1282,
				12.1696 -20.1059 -15.1039,
				12.1814 -20.1215 -15.1067,
			]
		}
		coordIndex [
			0, 1, 2, -1
		]
	}
}
#---------- POLYLINE
Shape {
	appearance Appearance {
		material Material {
			diffuseColor 0 1 0
			emissiveColor 0 1 0
		}
	}
	geometry IndexedLineSet {
		coord Coordinate {
			point [
				12.1814 -20.1215 -15.1067,
				14.4552 -19.5697 -13.3341,
				48.717 -11.2541 13.3767,
				500 98.2756 365.2,
			]
		}
		coordIndex [
			0, 1, 2, 3, -1
		]
	}
}
#---------- POLYLINE
Shape {
	appearance Appearance {
		material Material {
			diffuseColor 0 1 0
			emissiveColor 0 1 0
		}
	}
	geometry IndexedLineSet {
		coord Coordinate {
			point [
				12.1814 -20.1215 -15.1067,
				7.08094 -21.3594 -19.0831,
				-0.508667 -23.2015 -25,
				-500 -144.432 -414.407,
			]
		}
		coordIndex [
			0, 1, 2, 3, -1
		]
	}
}
#---------- POLYLINE
Shape {
	appearance Appearance {
		material Material {
			diffuseColor 0.5 0.5 0.5
			emissiveColor 0.5 0.5 0.5
		}
	}
	geometry IndexedLineSet {
		coord Coordinate {
			point [
				12.179 -20.094 -15.1282,
				12.5079 -21.6256 -15.6426,
				17.8898 -46.69 -24.0606,
				115.226 -500 -176.306,
			]
		}
		coordIndex [
			0, 1, 2, 3, -1
		]
	}
}
#---------- POLYLINE
Shape {
	appearance Appearance {
		material Material {
			diffuseColor 0.5 0.5 0.5
			emissiveColor 0.5 0.5 0.5
		}
	}
	geometry IndexedLineSet {
		coord Coordinate {
			point [
				12.179 -20.094 -15.1282,
				12.179 -20.0939 -15.1282,
			]
		}
		coordIndex [
			0, 1, -1
		]
	}
}
#---------- POLYLINE
Shape {
	appearance Appearance {
		material Material {
			diffuseColor 0.5 0.5 0.5
			emissiveColor 0.5 0.5 0.5
		}
	}
	geometry IndexedLineSet {
		coord Coordinate {
			point [
				8.95561 -17.1363 3.14009,
			]
		}
		coordIndex [
			0, -1
		]
	}
}
#---------- POLYLINE
Shape {
	appearance Appearance {
		material Material {
			diffuseColor 0 0 1
			emissiveColor 0 0 1
		}
	}
	geometry IndexedLineSet {
		coord Coordinate {
			point [
				8.95561 -17.1363 3.14009,
				8.99759 -17.19 3.23944,
				9.0737 -17.2417 3.27314,
				9.13722 -17.2933 3.25614,
				9.1669 -17.3542 3.23776,
				9.18254 -17.4099 3.22845,
				9.20495 -17.4518 3.23742,
				9.20873 -17.4828 3.24912,
				9.21117 -17.5051 3.26647,
				9.19968 -17.5045 3.28646,
				9.19695 -17.4965 3.29542,
				9.19727 -17.4961 3.29589,
			]
		}
		coordIndex [
			0, 1, 2, 3, 4, 5, 6, 7, 8, 9, 
			10, 11, -1
		]
	}
}
#---------- POLYLINE
Shape {
	appearance Appearance {
		material Material {
			diffuseColor 0 1 0
			emissiveColor 0 1 0
		}
	}
	geometry IndexedLineSet {
		coord Coordinate {
			point [
				9.19727 -17.4961 3.29589,
				11.6422 -22.0226 3.54811,
				23.566 -44.0981 4.77818,
				269.814 -500 30.1814,
			]
		}
		coordIndex [
			0, 1, 2, 3, -1
		]
	}
}
#---------- POLYLINE
Shape {
	appearance Appearance {
		material Material {
			diffuseColor 0 1 0
			emissiveColor 0 1 0
		}
	}
	geometry IndexedLineSet {
		coord Coordinate {
			point [
				9.19727 -17.4961 3.29589,
				6.95095 -13.3373 3.06416,
				2.17802 -4.50069 2.57178,
				-2.56968 4.28914 2.082,
				-7.31802 13.0802 1.59216,
				-12.0585 21.8566 1.10313,
				-23.9576 43.8866 -0.124404,
				-270.32 500 -25.5394,
			]
		}
		coordIndex [
			0, 1, 2, 3, 4, 5, 6, 7, -1
		]
	}
}
#---------- POLYLINE
Shape {
	appearance Appearance {
		material Material {
			diffuseColor 0.5 0.5 0.5
			emissiveColor 0.5 0.5 0.5
		}
	}
	geometry IndexedLineSet {
		coord Coordinate {
			point [
				8.95561 -17.1363 3.14009,
				14.5407 -19.3933 -1.96837,
				39.7214 -29.5691 -25,
				500 -215.573 -445.997,
			]
		}
		coordIndex [
			0, 1, 2, 3, -1
		]
	}
}
#---------- POLYLINE
Shape {
	appearance Appearance {
		material Material {
			diffuseColor 0.5 0.5 0.5
			emissiveColor 0.5 0.5 0.5
		}
	}
	geometry IndexedLineSet {
		coord Coordinate {
			point [
				8.95561 -17.1363 3.14009,
				8.9556 -17.1362 3.14009,
			]
		}
		coordIndex [
			0, 1, -1
		]
	}
}
#---------- POLYLINE
Shape {
	appearance Appearance {
		material Material {
			diffuseColor 0.5 0.5 0.5
			emissiveColor 0.5 0.5 0.5
		}
	}
	geometry IndexedLineSet {
		coord Coordinate {
			point [
				8.69762 -16.6093 -18.1758,
			]
		}
		coordIndex [
			0, -1
		]
	}
}
#---------- POLYLINE
Shape {
	appearance Appearance {
		material Material {
			diffuseColor 0 0 1
			emissiveColor 0 0 1
		}
	}
	geometry IndexedLineSet {
		coord Coordinate {
			point [
				8.69762 -16.6093 -18.1758,
				8.71278 -16.6698 -18.1585,
				8.66944 -16.6965 -18.1447,
				8.62974 -16.6978 -18.124,
				8.6084 -16.724 -18.1149,
				8.59585 -16.7506 -18.1146,
				8.58724 -16.7281 -18.1077,
				8.59718 -16.7196 -18.0987,
				8.59849 -16.7197 -18.0987,
				8.59852 -16.7196 -18.0988,
			]
		}
		coordIndex [
			0, 1, 2, 3, 4, 5, 6, 7, 8, 9, -1
		]
	}
}
#---------- POLYLINE
Shape {
	appearance Appearance {
		material Material {
			diffuseColor 0 1 0
			emissiveColor 0 1 0
		}
	}
	geometry IndexedLineSet {
		coord Coordinate {
			point [
				8.59852 -16.7196 -18.0988,
				13.3553 -13.5929 -12.139,
				37.1152 2.02467 17.6304,
				37.9422 11.9378 25,
				78.6565 500 387.832,
			]
		}
		coordIndex [
			0, 1, 2, 3, 4, -1
		]
	}
}
#---------- POLYLINE
Shape {
	appearance Appearance {
		material Material {
			diffuseColor 0 1 0
			emissiveColor 0 1 0
		}
	}
	geometry IndexedLineSet {
		coord Coordinate {
			point [
				8.59852 -16.7196 -18.0988,
				7.0811 -17.717 -20,
				3.09043 -20.3401 -25,
				-376.023 -269.535 -500,
			]
		}
		coordIndex [
			0, 1, 2, 3, -1
		]
	}
}
#---------- POLYLINE
Shape {
	appearance Appearance {
		material Material {
			diffuseColor 0.5 0.5 0.5
			emissiveColor 0.5 0.5 0.5
		}
	}
	geometry IndexedLineSet {
		coord Coordinate {
			point [
				8.69762 -16.6093 -18.1758,
				5.36948 -15.4137 -19.327,
				-11.032 -9.52134 -25,
				-500 166.143 -194.127,
			]
		}
		coordIndex [
			0, 1, 2, 3, -1
		]
	}
}
#---------- POLYLINE
Shape {
	appearance Appearance {
		material Material {
			diffuseColor 0.5 0.5 0.5
			emissiveColor 0.5 0.5 0.5
		}
	}
	geometry IndexedLineSet {
		coord Coordinate {
			point [
				8.69762 -16.6093 -18.1758,
				8.69762 -16.6093 -18.1758,
			]
		}
		coordIndex [
			0, 1, -1
		]
	}
}
#End of file.
