#VRML V2.0 utf8
# Generated by VRML 2.0 driver of GEANT4


#---------- CAMERA
Viewpoint {
	position 0 0 1732.05
}

#---------- SOLID: world:0
	Shape {
		appearance Appearance {
			material Material {
				diffuseColor 1 1 1
				transparency 0.7
			}
		}
		geometry IndexedFaceSet {
			coord Coordinate {
				point [
					-500 -500 -500,
					500 -500 -500,
					500 500 -500,
					-500 500 -500,
					-500 -500 500,
					500 -500 500,
					500 500 500,
					-500 500 500,
				]
			}
			coordIndex [
				0, 3, 2, 1, -1,
				4, 7, 3, 0, -1,
				7, 6, 2, 3, -1,
				6, 5, 1, 2, -1,
				5, 4, 0, 1, -1,
				4, 5, 6, 7, -1,
			]
			solid FALSE
		}
	}
#---------- SOLID: phantom:0
	Shape {
		appearance Appearance {
			material Material {
				diffuseColor 0.9 0.3 0.3
				transparency 0.7
			}
		}
		geometry IndexedFaceSet {
			coord Coordinate {
				point [
					50 0 25,
					48.2963 12.941 25,
					43.3013 25 25,
					35.3553 35.3553 25,
					25 43.3013 25,
					12.941 48.2963 25,
					3.06162e-15 50 25,
					-12.941 48.2963 25,
					-25 43.3013 25,
					-35.3553 35.3553 25,
					-43.3013 25 25,
					-48.2963 12.941 25,
					-50 6.12323e-15 25,
					-48.2963 -12.941 25,
					-43.3013 -25 25,
					-35.3553 -35.3553 25,
					-25 -43.3013 25,
					-12.941 -48.2963 25,
					-9.18485e-15 -50 25,
					12.941 -48.2963 25,
					25 -43.3013 25,
					35.3553 -35.3553 25,
					43.3013 -25 25,
					48.2963 -12.941 25,
					50 0 -25,
					48.2963 12.941 -25,
					43.3013 25 -25,
					35.3553 35.3553 -25,
					25 43.3013 -25,
					12.941 48.2963 -25,
					3.06162e-15 50 -25,
					-12.941 48.2963 -25,
					-25 43.3013 -25,
					-35.3553 35.3553 -25,
					-43.3013 25 -25,
					-48.2963 12.941 -25,
					-50 6.12323e-15 -25,
					-48.2963 -12.941 -25,
					-43.3013 -25 -25,
					-35.3553 -35.3553 -25,
					-25 -43.3013 -25,
					-12.941 -48.2963 -25,
					-9.18485e-15 -50 -25,
					12.941 -48.2963 -25,
					25 -43.3013 -25,
					35.3553 -35.3553 -25,
					43.3013 -25 -25,
					48.2963 -12.941 -25,
					0 0 25,
					0 0 -25,
				]
			}
			coordIndex [
				0, 24, 25, 1, -1,
				1, 25, 26, 2, -1,
				2, 26, 27, 3, -1,
				3, 27, 28, 4, -1,
				4, 28, 29, 5, -1,
				5, 29, 30, 6, -1,
				6, 30, 31, 7, -1,
				7, 31, 32, 8, -1,
				8, 32, 33, 9, -1,
				9, 33, 34, 10, -1,
				10, 34, 35, 11, -1,
				11, 35, 36, 12, -1,
				12, 36, 37, 13, -1,
				13, 37, 38, 14, -1,
				14, 38, 39, 15, -1,
				15, 39, 40, 16, -1,
				16, 40, 41, 17, -1,
				17, 41, 42, 18, -1,
				18, 42, 43, 19, -1,
				19, 43, 44, 20, -1,
				20, 44, 45, 21, -1,
				21, 45, 46, 22, -1,
				22, 46, 47, 23, -1,
				23, 47, 24, 0, -1,
				48, 0, 1, -1,
				48, 1, 2, -1,
				48, 2, 3, -1,
				48, 3, 4, -1,
				48, 4, 5, -1,
				48, 5, 6, -1,
				48, 6, 7, -1,
				48, 7, 8, -1,
				48, 8, 9, -1,
				48, 9, 10, -1,
				48, 10, 11, -1,
				48, 11, 12, -1,
				48, 12, 13, -1,
				48, 13, 14, -1,
				48, 14, 15, -1,
				48, 15, 16, -1,
				48, 16, 17, -1,
				48, 17, 18, -1,
				48, 18, 19, -1,
				48, 19, 20, -1,
				48, 20, 21, -1,
				48, 21, 22, -1,
				48, 22, 23, -1,
				48, 23, 0, -1,
				24, 49, 25, -1,
				25, 49, 26, -1,
				26, 49, 27, -1,
				27, 49, 28, -1,
				28, 49, 29, -1,
				29, 49, 30, -1,
				30, 49, 31, -1,
				31, 49, 32, -1,
				32, 49, 33, -1,
				33, 49, 34, -1,
				34, 49, 35, -1,
				35, 49, 36, -1,
				36, 49, 37, -1,
				37, 49, 38, -1,
				38, 49, 39, -1,
				39, 49, 40, -1,
				40, 49, 41, -1,
				41, 49, 42, -1,
				42, 49, 43, -1,
				43, 49, 44, -1,
				44, 49, 45, -1,
				45, 49, 46, -1,
				46, 49, 47, -1,
				47, 49, 24, -1,
			]
			solid FALSE
		}
	}
#---------- SOLID: water_hole_0:0
	Shape {
		appearance Appearance {
			material Material {
				diffuseColor 0.2 0.5 1
				transparency 0.7
			}
		}
		geometry IndexedFaceSet {
			coord Coordinate {
				point [
					5 0 20,
					4.82963 1.2941 20,
					4.33013 2.5 20,
					3.53553 3.53553 20,
					2.5 4.33013 20,
					1.2941 4.82963 20,
					3.06162e-16 5 20,
					-1.2941 4.82963 20,
					-2.5 4.33013 20,
					-3.53553 3.53553 20,
					-4.33013 2.5 20,
					-4.82963 1.2941 20,
					-5 6.12323e-16 20,
					-4.82963 -1.2941 20,
					-4.33013 -2.5 20,
					-3.53553 -3.53553 20,
					-2.5 -4.33013 20,
					-1.2941 -4.82963 20,
					-9.18485e-16 -5 20,
					1.2941 -4.82963 20,
					2.5 -4.33013 20,
					3.53553 -3.53553 20,
					4.33013 -2.5 20,
					4.82963 -1.2941 20,
					5 0 -20,
					4.82963 1.2941 -20,
					4.33013 2.5 -20,
					3.53553 3.53553 -20,
					2.5 4.33013 -20,
					1.2941 4.82963 -20,
					3.06162e-16 5 -20,
					-1.2941 4.82963 -20,
					-2.5 4.33013 -20,
					-3.53553 3.53553 -20,
					-4.33013 2.5 -20,
					-4.82963 1.2941 -20,
					-5 6.12323e-16 -20,
					-4.82963 -1.2941 -20,
					-4.33013 -2.5 -20,
					-3.53553 -3.53553 -20,
					-2.5 -4.33013 -20,
					-1.2941 -4.82963 -20,
					-9.18485e-16 -5 -20,
					1.2941 -4.82963 -20,
					2.5 -4.33013 -20,
					3.53553 -3.53553 -20,
					4.33013 -2.5 -20,
					4.82963 -1.2941 -20,
					0 0 20,
					0 0 -20,
				]
			}
			coordIndex [
				0, 24, 25, 1, -1,
				1, 25, 26, 2, -1,
				2, 26, 27, 3, -1,
				3, 27, 28, 4, -1,
				4, 28, 29, 5, -1,
				5, 29, 30, 6, -1,
				6, 30, 31, 7, -1,
				7, 31, 32, 8, -1,
				8, 32, 33, 9, -1,
				9, 33, 34, 10, -1,
				10, 34, 35, 11, -1,
				11, 35, 36, 12, -1,
				12, 36, 37, 13, -1,
				13, 37, 38, 14, -1,
				14, 38, 39, 15, -1,
				15, 39, 40, 16, -1,
				16, 40, 41, 17, -1,
				17, 41, 42, 18, -1,
				18, 42, 43, 19, -1,
				19, 43, 44, 20, -1,
				20, 44, 45, 21, -1,
				21, 45, 46, 22, -1,
				22, 46, 47, 23, -1,
				23, 47, 24, 0, -1,
				48, 0, 1, -1,
				48, 1, 2, -1,
				48, 2, 3, -1,
				48, 3, 4, -1,
				48, 4, 5, -1,
				48, 5, 6, -1,
				48, 6, 7, -1,
				48, 7, 8, -1,
				48, 8, 9, -1,
				48, 9, 10, -1,
				48, 10, 11, -1,
				48, 11, 12, -1,
				48, 12, 13, -1,
				48, 13, 14, -1,
				48, 14, 15, -1,
				48, 15, 16, -1,
				48, 16, 17, -1,
				48, 17, 18, -1,
				48, 18, 19, -1,
				48, 19, 20, -1,
				48, 20, 21, -1,
				48, 21, 22, -1,
				48, 22, 23, -1,
				48, 23, 0, -1,
				24, 49, 25, -1,
				25, 49, 26, -1,
				26, 49, 27, -1,
				27, 49, 28, -1,
				28, 49, 29, -1,
				29, 49, 30, -1,
				30, 49, 31, -1,
				31, 49, 32, -1,
				32, 49, 33, -1,
				33, 49, 34, -1,
				34, 49, 35, -1,
				35, 49, 36, -1,
				36, 49, 37, -1,
				37, 49, 38, -1,
				38, 49, 39, -1,
				39, 49, 40, -1,
				40, 49, 41, -1,
				41, 49, 42, -1,
				42, 49, 43, -1,
				43, 49, 44, -1,
				44, 49, 45, -1,
				45, 49, 46, -1,
				46, 49, 47, -1,
				47, 49, 24, -1,
			]
			solid FALSE
		}
	}
#---------- SOLID: water_hole_1:0
	Shape {
		appearance Appearance {
			material Material {
				diffuseColor 0.2 0.5 1
				transparency 0.7
			}
		}
		geometry IndexedFaceSet {
			coord Coordinate {
				point [
					25 0 20,
					24.8296 1.2941 20,
					24.3301 2.5 20,
					23.5355 3.53553 20,
					22.5 4.33013 20,
					21.2941 4.82963 20,
					20 5 20,
					18.7059 4.82963 20,
					17.5 4.33013 20,
					16.4645 3.53553 20,
					15.6699 2.5 20,
					15.1704 1.2941 20,
					15 6.12323e-16 20,
					15.1704 -1.2941 20,
					15.6699 -2.5 20,
					16.4645 -3.53553 20,
					17.5 -4.33013 20,
					18.7059 -4.82963 20,
					20 -5 20,
					21.2941 -4.82963 20,
					22.5 -4.33013 20,
					23.5355 -3.53553 20,
					24.3301 -2.5 20,
					24.8296 -1.2941 20,
					25 0 -20,
					24.8296 1.2941 -20,
					24.3301 2.5 -20,
					23.5355 3.53553 -20,
					22.5 4.33013 -20,
					21.2941 4.82963 -20,
					20 5 -20,
					18.7059 4.82963 -20,
					17.5 4.33013 -20,
					16.4645 3.53553 -20,
					15.6699 2.5 -20,
					15.1704 1.2941 -20,
					15 6.12323e-16 -20,
					15.1704 -1.2941 -20,
					15.6699 -2.5 -20,
					16.4645 -3.53553 -20,
					17.5 -4.33013 -20,
					18.7059 -4.82963 -20,
					20 -5 -20,
					21.2941 -4.82963 -20,
					22.5 -4.33013 -20,
					23.5355 -3.53553 -20,
					24.3301 -2.5 -20,
					24.8296 -1.2941 -20,
					20 0 20,
					20 0 -20,
				]
			}
			coordIndex [
				0, 24, 25, 1, -1,
				1, 25, 26, 2, -1,
				2, 26, 27, 3, -1,
				3, 27, 28, 4, -1,
				4, 28, 29, 5, -1,
				5, 29, 30, 6, -1,
				6, 30, 31, 7, -1,
				7, 31, 32, 8, -1,
				8, 32, 33, 9, -1,
				9, 33, 34, 10, -1,
				10, 34, 35, 11, -1,
				11, 35, 36, 12, -1,
				12, 36, 37, 13, -1,
				13, 37, 38, 14, -1,
				14, 38, 39, 15, -1,
				15, 39, 40, 16, -1,
				16, 40, 41, 17, -1,
				17, 41, 42, 18, -1,
				18, 42, 43, 19, -1,
				19, 43, 44, 20, -1,
				20, 44, 45, 21, -1,
				21, 45, 46, 22, -1,
				22, 46, 47, 23, -1,
				23, 47, 24, 0, -1,
				48, 0, 1, -1,
				48, 1, 2, -1,
				48, 2, 3, -1,
				48, 3, 4, -1,
				48, 4, 5, -1,
				48, 5, 6, -1,
				48, 6, 7, -1,
				48, 7, 8, -1,
				48, 8, 9, -1,
				48, 9, 10, -1,
				48, 10, 11, -1,
				48, 11, 12, -1,
				48, 12, 13, -1,
				48, 13, 14, -1,
				48, 14, 15, -1,
				48, 15, 16, -1,
				48, 16, 17, -1,
				48, 17, 18, -1,
				48, 18, 19, -1,
				48, 19, 20, -1,
				48, 20, 21, -1,
				48, 21, 22, -1,
				48, 22, 23, -1,
				48, 23, 0, -1,
				24, 49, 25, -1,
				25, 49, 26, -1,
				26, 49, 27, -1,
				27, 49, 28, -1,
				28, 49, 29, -1,
				29, 49, 30, -1,
				30, 49, 31, -1,
				31, 49, 32, -1,
				32, 49, 33, -1,
				33, 49, 34, -1,
				34, 49, 35, -1,
				35, 49, 36, -1,
				36, 49, 37, -1,
				37, 49, 38, -1,
				38, 49, 39, -1,
				39, 49, 40, -1,
				40, 49, 41, -1,
				41, 49, 42, -1,
				42, 49, 43, -1,
				43, 49, 44, -1,
				44, 49, 45, -1,
				45, 49, 46, -1,
				46, 49, 47, -1,
				47, 49, 24, -1,
			]
			solid FALSE
		}
	}
#---------- SOLID: water_hole_2:0
	Shape {
		appearance Appearance {
			material Material {
				diffuseColor 0.2 0.5 1
				transparency 0.7
			}
		}
		geometry IndexedFaceSet {
			coord Coordinate {
				point [
					15 17.3 20,
					14.8296 18.5941 20,
					14.3301 19.8 20,
					13.5355 20.8355 20,
					12.5 21.6301 20,
					11.2941 22.1296 20,
					10 22.3 20,
					8.7059 22.1296 20,
					7.5 21.6301 20,
					6.46447 20.8355 20,
					5.66987 19.8 20,
					5.17037 18.5941 20,
					5 17.3 20,
					5.17037 16.0059 20,
					5.66987 14.8 20,
					6.46447 13.7645 20,
					7.5 12.9699 20,
					8.7059 12.4704 20,
					10 12.3 20,
					11.2941 12.4704 20,
					12.5 12.9699 20,
					13.5355 13.7645 20,
					14.3301 14.8 20,
					14.8296 16.0059 20,
					15 17.3 -20,
					14.8296 18.5941 -20,
					14.3301 19.8 -20,
					13.5355 20.8355 -20,
					12.5 21.6301 -20,
					11.2941 22.1296 -20,
					10 22.3 -20,
					8.7059 22.1296 -20,
					7.5 21.6301 -20,
					6.46447 20.8355 -20,
					5.66987 19.8 -20,
					5.17037 18.5941 -20,
					5 17.3 -20,
					5.17037 16.0059 -20,
					5.66987 14.8 -20,
					6.46447 13.7645 -20,
					7.5 12.9699 -20,
					8.7059 12.4704 -20,
					10 12.3 -20,
					11.2941 12.4704 -20,
					12.5 12.9699 -20,
					13.5355 13.7645 -20,
					14.3301 14.8 -20,
					14.8296 16.0059 -20,
					10 17.3 20,
					10 17.3 -20,
				]
			}
			coordIndex [
				0, 24, 25, 1, -1,
				1, 25, 26, 2, -1,
				2, 26, 27, 3, -1,
				3, 27, 28, 4, -1,
				4, 28, 29, 5, -1,
				5, 29, 30, 6, -1,
				6, 30, 31, 7, -1,
				7, 31, 32, 8, -1,
				8, 32, 33, 9, -1,
				9, 33, 34, 10, -1,
				10, 34, 35, 11, -1,
				11, 35, 36, 12, -1,
				12, 36, 37, 13, -1,
				13, 37, 38, 14, -1,
				14, 38, 39, 15, -1,
				15, 39, 40, 16, -1,
				16, 40, 41, 17, -1,
				17, 41, 42, 18, -1,
				18, 42, 43, 19, -1,
				19, 43, 44, 20, -1,
				20, 44, 45, 21, -1,
				21, 45, 46, 22, -1,
				22, 46, 47, 23, -1,
				23, 47, 24, 0, -1,
				48, 0, 1, -1,
				48, 1, 2, -1,
				48, 2, 3, -1,
				48, 3, 4, -1,
				48, 4, 5, -1,
				48, 5, 6, -1,
				48, 6, 7, -1,
				48, 7, 8, -1,
				48, 8, 9, -1,
				48, 9, 10, -1,
				48, 10, 11, -1,
				48, 11, 12, -1,
				48, 12, 13, -1,
				48, 13, 14, -1,
				48, 14, 15, -1,
				48, 15, 16, -1,
				48, 16, 17, -1,
				48, 17, 18, -1,
				48, 18, 19, -1,
				48, 19, 20, -1,
				48, 20, 21, -1,
				48, 21, 22, -1,
				48, 22, 23, -1,
				48, 23, 0, -1,
				24, 49, 25, -1,
				25, 49, 26, -1,
				26, 49, 27, -1,
				27, 49, 28, -1,
				28, 49, 29, -1,
				29, 49, 30, -1,
				30, 49, 31, -1,
				31, 49, 32, -1,
				32, 49, 33, -1,
				33, 49, 34, -1,
				34, 49, 35, -1,
				35, 49, 36, -1,
				36, 49, 37, -1,
				37, 49, 38, -1,
				38, 49, 39, -1,
				39, 49, 40, -1,
				40, 49, 41, -1,
				41, 49, 42, -1,
				42, 49, 43, -1,
				43, 49, 44, -1,
				44, 49, 45, -1,
				45, 49, 46, -1,
				46, 49, 47, -1,
				47, 49, 24, -1,
			]
			solid FALSE
		}
	}
#---------- SOLID: water_hole_3:0
	Shape {
		appearance Appearance {
			material Material {
				diffuseColor 0.2 0.5 1
				transparency 0.7
			}
		}
		geometry IndexedFaceSet {
			coord Coordinate {
				point [
					-5 17.3 20,
					-5.17037 18.5941 20,
					-5.66987 19.8 20,
					-6.46447 20.8355 20,
					-7.5 21.6301 20,
					-8.7059 22.1296 20,
					-10 22.3 20,
					-11.2941 22.1296 20,
					-12.5 21.6301 20,
					-13.5355 20.8355 20,
					-14.3301 19.8 20,
					-14.8296 18.5941 20,
					-15 17.3 20,
					-14.8296 16.0059 20,
					-14.3301 14.8 20,
					-13.5355 13.7645 20,
					-12.5 12.9699 20,
					-11.2941 12.4704 20,
					-10 12.3 20,
					-8.7059 12.4704 20,
					-7.5 12.9699 20,
					-6.46447 13.7645 20,
					-5.66987 14.8 20,
					-5.17037 16.0059 20,
					-5 17.3 -20,
					-5.17037 18.5941 -20,
					-5.66987 19.8 -20,
					-6.46447 20.8355 -20,
					-7.5 21.6301 -20,
					-8.7059 22.1296 -20,
					-10 22.3 -20,
					-11.2941 22.1296 -20,
					-12.5 21.6301 -20,
					-13.5355 20.8355 -20,
					-14.3301 19.8 -20,
					-14.8296 18.5941 -20,
					-15 17.3 -20,
					-14.8296 16.0059 -20,
					-14.3301 14.8 -20,
					-13.5355 13.7645 -20,
					-12.5 12.9699 -20,
					-11.2941 12.4704 -20,
					-10 12.3 -20,
					-8.7059 12.4704 -20,
					-7.5 12.9699 -20,
					-6.46447 13.7645 -20,
					-5.66987 14.8 -20,
					-5.17037 16.0059 -20,
					-10 17.3 20,
					-10 17.3 -20,
				]
			}
			coordIndex [
				0, 24, 25, 1, -1,
				1, 25, 26, 2, -1,
				2, 26, 27, 3, -1,
				3, 27, 28, 4, -1,
				4, 28, 29, 5, -1,
				5, 29, 30, 6, -1,
				6, 30, 31, 7, -1,
				7, 31, 32, 8, -1,
				8, 32, 33, 9, -1,
				9, 33, 34, 10, -1,
				10, 34, 35, 11, -1,
				11, 35, 36, 12, -1,
				12, 36, 37, 13, -1,
				13, 37, 38, 14, -1,
				14, 38, 39, 15, -1,
				15, 39, 40, 16, -1,
				16, 40, 41, 17, -1,
				17, 41, 42, 18, -1,
				18, 42, 43, 19, -1,
				19, 43, 44, 20, -1,
				20, 44, 45, 21, -1,
				21, 45, 46, 22, -1,
				22, 46, 47, 23, -1,
				23, 47, 24, 0, -1,
				48, 0, 1, -1,
				48, 1, 2, -1,
				48, 2, 3, -1,
				48, 3, 4, -1,
				48, 4, 5, -1,
				48, 5, 6, -1,
				48, 6, 7, -1,
				48, 7, 8, -1,
				48, 8, 9, -1,
				48, 9, 10, -1,
				48, 10, 11, -1,
				48, 11, 12, -1,
				48, 12, 13, -1,
				48, 13, 14, -1,
				48, 14, 15, -1,
				48, 15, 16, -1,
				48, 16, 17, -1,
				48, 17, 18, -1,
				48, 18, 19, -1,
				48, 19, 20, -1,
				48, 20, 21, -1,
				48, 21, 22, -1,
				48, 22, 23, -1,
				48, 23, 0, -1,
				24, 49, 25, -1,
				25, 49, 26, -1,
				26, 49, 27, -1,
				27, 49, 28, -1,
				28, 49, 29, -1,
				29, 49, 30, -1,
				30, 49, 31, -1,
				31, 49, 32, -1,
				32, 49, 33, -1,
				33, 49, 34, -1,
				34, 49, 35, -1,
				35, 49, 36, -1,
				36, 49, 37, -1,
				37, 49, 38, -1,
				38, 49, 39, -1,
				39, 49, 40, -1,
				40, 49, 41, -1,
				41, 49, 42, -1,
				42, 49, 43, -1,
				43, 49, 44, -1,
				44, 49, 45, -1,
				45, 49, 46, -1,
				46, 49, 47, -1,
				47, 49, 24, -1,
			]
			solid FALSE
		}
	}
#---------- SOLID: water_hole_4:0
	Shape {
		appearance Appearance {
			material Material {
				diffuseColor 0.2 0.5 1
				transparency 0.7
			}
		}
		geometry IndexedFaceSet {
			coord Coordinate {
				point [
					-15 0 20,
					-15.1704 1.2941 20,
					-15.6699 2.5 20,
					-16.4645 3.53553 20,
					-17.5 4.33013 20,
					-18.7059 4.82963 20,
					-20 5 20,
					-21.2941 4.82963 20,
					-22.5 4.33013 20,
					-23.5355 3.53553 20,
					-24.3301 2.5 20,
					-24.8296 1.2941 20,
					-25 6.12323e-16 20,
					-24.8296 -1.2941 20,
					-24.3301 -2.5 20,
					-23.5355 -3.53553 20,
					-22.5 -4.33013 20,
					-21.2941 -4.82963 20,
					-20 -5 20,
					-18.7059 -4.82963 20,
					-17.5 -4.33013 20,
					-16.4645 -3.53553 20,
					-15.6699 -2.5 20,
					-15.1704 -1.2941 20,
					-15 0 -20,
					-15.1704 1.2941 -20,
					-15.6699 2.5 -20,
					-16.4645 3.53553 -20,
					-17.5 4.33013 -20,
					-18.7059 4.82963 -20,
					-20 5 -20,
					-21.2941 4.82963 -20,
					-22.5 4.33013 -20,
					-23.5355 3.53553 -20,
					-24.3301 2.5 -20,
					-24.8296 1.2941 -20,
					-25 6.12323e-16 -20,
					-24.8296 -1.2941 -20,
					-24.3301 -2.5 -20,
					-23.5355 -3.53553 -20,
					-22.5 -4.33013 -20,
					-21.2941 -4.82963 -20,
					-20 -5 -20,
					-18.7059 -4.82963 -20,
					-17.5 -4.33013 -20,
					-16.4645 -3.53553 -20,
					-15.6699 -2.5 -20,
					-15.1704 -1.2941 -20,
					-20 0 20,
					-20 0 -20,
				]
			}
			coordIndex [
				0, 24, 25, 1, -1,
				1, 25, 26, 2, -1,
				2, 26, 27, 3, -1,
				3, 27, 28, 4, -1,
				4, 28, 29, 5, -1,
				5, 29, 30, 6, -1,
				6, 30, 31, 7, -1,
				7, 31, 32, 8, -1,
				8, 32, 33, 9, -1,
				9, 33, 34, 10, -1,
				10, 34, 35, 11, -1,
				11, 35, 36, 12, -1,
				12, 36, 37, 13, -1,
				13, 37, 38, 14, -1,
				14, 38, 39, 15, -1,
				15, 39, 40, 16, -1,
				16, 40, 41, 17, -1,
				17, 41, 42, 18, -1,
				18, 42, 43, 19, -1,
				19, 43, 44, 20, -1,
				20, 44, 45, 21, -1,
				21, 45, 46, 22, -1,
				22, 46, 47, 23, -1,
				23, 47, 24, 0, -1,
				48, 0, 1, -1,
				48, 1, 2, -1,
				48, 2, 3, -1,
				48, 3, 4, -1,
				48, 4, 5, -1,
				48, 5, 6, -1,
				48, 6, 7, -1,
				48, 7, 8, -1,
				48, 8, 9, -1,
				48, 9, 10, -1,
				48, 10, 11, -1,
				48, 11, 12, -1,
				48, 12, 13, -1,
				48, 13, 14, -1,
				48, 14, 15, -1,
				48, 15, 16, -1,
				48, 16, 17, -1,
				48, 17, 18, -1,
				48, 18, 19, -1,
				48, 19, 20, -1,
				48, 20, 21, -1,
				48, 21, 22, -1,
				48, 22, 23, -1,
				48, 23, 0, -1,
				24, 49, 25, -1,
				25, 49, 26, -1,
				26, 49, 27, -1,
				27, 49, 28, -1,
				28, 49, 29, -1,
				29, 49, 30, -1,
				30, 49, 31, -1,
				31, 49, 32, -1,
				32, 49, 33, -1,
				33, 49, 34, -1,
				34, 49, 35, -1,
				35, 49, 36, -1,
				36, 49, 37, -1,
				37, 49, 38, -1,
				38, 49, 39, -1,
				39, 49, 40, -1,
				40, 49, 41, -1,
				41, 49, 42, -1,
				42, 49, 43, -1,
				43, 49, 44, -1,
				44, 49, 45, -1,
				45, 49, 46, -1,
				46, 49, 47, -1,
				47, 49, 24, -1,
			]
			solid FALSE
		}
	}
#---------- SOLID: water_hole_5:0
	Shape {
		appearance Appearance {
			material Material {
				diffuseColor 0.2 0.5 1
				transparency 0.7
			}
		}
		geometry IndexedFaceSet {
			coord Coordinate {
				point [
					-5 -17.3 20,
					-5.17037 -16.0059 20,
					-5.66987 -14.8 20,
					-6.46447 -13.7645 20,
					-7.5 -12.9699 20,
					-8.7059 -12.4704 20,
					-10 -12.3 20,
					-11.2941 -12.4704 20,
					-12.5 -12.9699 20,
					-13.5355 -13.7645 20,
					-14.3301 -14.8 20,
					-14.8296 -16.0059 20,
					-15 -17.3 20,
					-14.8296 -18.5941 20,
					-14.3301 -19.8 20,
					-13.5355 -20.8355 20,
					-12.5 -21.6301 20,
					-11.2941 -22.1296 20,
					-10 -22.3 20,
					-8.7059 -22.1296 20,
					-7.5 -21.6301 20,
					-6.46447 -20.8355 20,
					-5.66987 -19.8 20,
					-5.17037 -18.5941 20,
					-5 -17.3 -20,
					-5.17037 -16.0059 -20,
					-5.66987 -14.8 -20,
					-6.46447 -13.7645 -20,
					-7.5 -12.9699 -20,
					-8.7059 -12.4704 -20,
					-10 -12.3 -20,
					-11.2941 -12.4704 -20,
					-12.5 -12.9699 -20,
					-13.5355 -13.7645 -20,
					-14.3301 -14.8 -20,
					-14.8296 -16.0059 -20,
					-15 -17.3 -20,
					-14.8296 -18.5941 -20,
					-14.3301 -19.8 -20,
					-13.5355 -20.8355 -20,
					-12.5 -21.6301 -20,
					-11.2941 -22.1296 -20,
					-10 -22.3 -20,
					-8.7059 -22.1296 -20,
					-7.5 -21.6301 -20,
					-6.46447 -20.8355 -20,
					-5.66987 -19.8 -20,
					-5.17037 -18.5941 -20,
					-10 -17.3 20,
					-10 -17.3 -20,
				]
			}
			coordIndex [
				0, 24, 25, 1, -1,
				1, 25, 26, 2, -1,
				2, 26, 27, 3, -1,
				3, 27, 28, 4, -1,
				4, 28, 29, 5, -1,
				5, 29, 30, 6, -1,
				6, 30, 31, 7, -1,
				7, 31, 32, 8, -1,
				8, 32, 33, 9, -1,
				9, 33, 34, 10, -1,
				10, 34, 35, 11, -1,
				11, 35, 36, 12, -1,
				12, 36, 37, 13, -1,
				13, 37, 38, 14, -1,
				14, 38, 39, 15, -1,
				15, 39, 40, 16, -1,
				16, 40, 41, 17, -1,
				17, 41, 42, 18, -1,
				18, 42, 43, 19, -1,
				19, 43, 44, 20, -1,
				20, 44, 45, 21, -1,
				21, 45, 46, 22, -1,
				22, 46, 47, 23, -1,
				23, 47, 24, 0, -1,
				48, 0, 1, -1,
				48, 1, 2, -1,
				48, 2, 3, -1,
				48, 3, 4, -1,
				48, 4, 5, -1,
				48, 5, 6, -1,
				48, 6, 7, -1,
				48, 7, 8, -1,
				48, 8, 9, -1,
				48, 9, 10, -1,
				48, 10, 11, -1,
				48, 11, 12, -1,
				48, 12, 13, -1,
				48, 13, 14, -1,
				48, 14, 15, -1,
				48, 15, 16, -1,
				48, 16, 17, -1,
				48, 17, 18, -1,
				48, 18, 19, -1,
				48, 19, 20, -1,
				48, 20, 21, -1,
				48, 21, 22, -1,
				48, 22, 23, -1,
				48, 23, 0, -1,
				24, 49, 25, -1,
				25, 49, 26, -1,
				26, 49, 27, -1,
				27, 49, 28, -1,
				28, 49, 29, -1,
				29, 49, 30, -1,
				30, 49, 31, -1,
				31, 49, 32, -1,
				32, 49, 33, -1,
				33, 49, 34, -1,
				34, 49, 35, -1,
				35, 49, 36, -1,
				36, 49, 37, -1,
				37, 49, 38, -1,
				38, 49, 39, -1,
				39, 49, 40, -1,
				40, 49, 41, -1,
				41, 49, 42, -1,
				42, 49, 43, -1,
				43, 49, 44, -1,
				44, 49, 45, -1,
				45, 49, 46, -1,
				46, 49, 47, -1,
				47, 49, 24, -1,
			]
			solid FALSE
		}
	}
#---------- SOLID: water_hole_6:0
	Shape {
		appearance Appearance {
			material Material {
				diffuseColor 0.2 0.5 1
				transparency 0.7
			}
		}
		geometry IndexedFaceSet {
			coord Coordinate {
				point [
					15 -17.3 20,
					14.8296 -16.0059 20,
					14.3301 -14.8 20,
					13.5355 -13.7645 20,
					12.5 -12.9699 20,
					11.2941 -12.4704 20,
					10 -12.3 20,
					8.7059 -12.4704 20,
					7.5 -12.9699 20,
					6.46447 -13.7645 20,
					5.66987 -14.8 20,
					5.17037 -16.0059 20,
					5 -17.3 20,
					5.17037 -18.5941 20,
					5.66987 -19.8 20,
					6.46447 -20.8355 20,
					7.5 -21.6301 20,
					8.7059 -22.1296 20,
					10 -22.3 20,
					11.2941 -22.1296 20,
					12.5 -21.6301 20,
					13.5355 -20.8355 20,
					14.3301 -19.8 20,
					14.8296 -18.5941 20,
					15 -17.3 -20,
					14.8296 -16.0059 -20,
					14.3301 -14.8 -20,
					13.5355 -13.7645 -20,
					12.5 -12.9699 -20,
					11.2941 -12.4704 -20,
					10 -12.3 -20,
					8.7059 -12.4704 -20,
					7.5 -12.9699 -20,
					6.46447 -13.7645 -20,
					5.66987 -14.8 -20,
					5.17037 -16.0059 -20,
					5 -17.3 -20,
					5.17037 -18.5941 -20,
					5.66987 -19.8 -20,
					6.46447 -20.8355 -20,
					7.5 -21.6301 -20,
					8.7059 -22.1296 -20,
					10 -22.3 -20,
					11.2941 -22.1296 -20,
					12.5 -21.6301 -20,
					13.5355 -20.8355 -20,
					14.3301 -19.8 -20,
					14.8296 -18.5941 -20,
					10 -17.3 20,
					10 -17.3 -20,
				]
			}
			coordIndex [
				0, 24, 25, 1, -1,
				1, 25, 26, 2, -1,
				2, 26, 27, 3, -1,
				3, 27, 28, 4, -1,
				4, 28, 29, 5, -1,
				5, 29, 30, 6, -1,
				6, 30, 31, 7, -1,
				7, 31, 32, 8, -1,
				8, 32, 33, 9, -1,
				9, 33, 34, 10, -1,
				10, 34, 35, 11, -1,
				11, 35, 36, 12, -1,
				12, 36, 37, 13, -1,
				13, 37, 38, 14, -1,
				14, 38, 39, 15, -1,
				15, 39, 40, 16, -1,
				16, 40, 41, 17, -1,
				17, 41, 42, 18, -1,
				18, 42, 43, 19, -1,
				19, 43, 44, 20, -1,
				20, 44, 45, 21, -1,
				21, 45, 46, 22, -1,
				22, 46, 47, 23, -1,
				23, 47, 24, 0, -1,
				48, 0, 1, -1,
				48, 1, 2, -1,
				48, 2, 3, -1,
				48, 3, 4, -1,
				48, 4, 5, -1,
				48, 5, 6, -1,
				48, 6, 7, -1,
				48, 7, 8, -1,
				48, 8, 9, -1,
				48, 9, 10, -1,
				48, 10, 11, -1,
				48, 11, 12, -1,
				48, 12, 13, -1,
				48, 13, 14, -1,
				48, 14, 15, -1,
				48, 15, 16, -1,
				48, 16, 17, -1,
				48, 17, 18, -1,
				48, 18, 19, -1,
				48, 19, 20, -1,
				48, 20, 21, -1,
				48, 21, 22, -1,
				48, 22, 23, -1,
				48, 23, 0, -1,
				24, 49, 25, -1,
				25, 49, 26, -1,
				26, 49, 27, -1,
				27, 49, 28, -1,
				28, 49, 29, -1,
				29, 49, 30, -1,
				30, 49, 31, -1,
				31, 49, 32, -1,
				32, 49, 33, -1,
				33, 49, 34, -1,
				34, 49, 35, -1,
				35, 49, 36, -1,
				36, 49, 37, -1,
				37, 49, 38, -1,
				38, 49, 39, -1,
				39, 49, 40, -1,
				40, 49, 41, -1,
				41, 49, 42, -1,
				42, 49, 43, -1,
				43, 49, 44, -1,
				44, 49, 45, -1,
				45, 49, 46, -1,
				46, 49, 47, -1,
				47, 49, 24, -1,
			]
			solid FALSE
		}
	}
#---------- POLYLINE
Shape {
	appearance Appearance {
		material Material {
			diffuseColor 0.5 0.5 0.5
			emissiveColor 0.5 0.5 0.5
		}
	}
	geometry IndexedLineSet {
		coord Coordinate {
			point [
				-3.6951 1.17751 19.8379,
			]
		}
		coordIndex [
			0, -1
		]
	}
}
#---------- POLYLINE
Shape {
	appearance Appearance {
		material Material {
			diffuseColor 0 0 1
			emissiveColor 0 0 1
		}
	}
	geometry IndexedLineSet {
		coord Coordinate {
			point [
				-3.6951 1.17751 19.8379,
				-3.71116 1.25245 19.8978,
				-3.72195 1.31393 19.9586,
				-3.72472 1.34004 19.9906,
				-3.72643 1.34581 19.9978,
				-3.72649 1.34591 19.9979,
				-3.72755 1.34764 20,
				-3.72771 1.34791 20.0003,
				-3.72785 1.34812 20.0006,
				-3.7279 1.3482 20.0007,
				-3.72809 1.3485 20.0011,
				-3.72825 1.34873 20.0014,
				-3.72843 1.34897 20.0017,
				-3.72859 1.3492 20.002,
				-3.72932 1.35037 20.0036,
				-3.73043 1.35318 20.0054,
				-3.73212 1.35774 20.0076,
				-3.735 1.36403 20.0109,
				-3.73935 1.37297 20.0154,
				-3.74567 1.38603 20.0205,
				-3.75327 1.4036 20.0273,
				-3.76117 1.42602 20.0406,
				-3.7652 1.46149 20.059,
				-3.7643 1.50748 20.0948,
				-3.77858 1.54325 20.1309,
				-3.80235 1.56647 20.1663,
				-3.82187 1.58598 20.2027,
				-3.83057 1.60367 20.2393,
				-3.83723 1.60577 20.2782,
				-3.84173 1.60105 20.3153,
				-3.8367 1.59192 20.3473,
				-3.83163 1.58029 20.3769,
				-3.82212 1.56575 20.4017,
				-3.80039 1.51155 20.4679,
				-3.76436 1.49578 20.5178,
				-3.7576 1.49095 20.5659,
				-3.77097 1.4974 20.6025,
				-3.77429 1.49194 20.6358,
				-3.76606 1.49524 20.6635,
				-3.75174 1.49321 20.6833,
				-3.73798 1.47867 20.6861,
				-3.7378 1.47822 20.6857,
			]
		}
		coordIndex [
			0, 1, 2, 3, 4, 5, 6, 7, 8, 9, 
			10, 11, 12, 13, 14, 15, 16, 17, 18, 19, 
			20, 21, 22, 23, 24, 25, 26, 27, 28, 29, 
			30, 31, 32, 33, 34, 35, 36, 37, 38, 39, 
			40, 41, -1
		]
	}
}
#---------- POLYLINE
Shape {
	appearance Appearance {
		material Material {
			diffuseColor 0 1 0
			emissiveColor 0 1 0
		}
	}
	geometry IndexedLineSet {
		coord Coordinate {
			point [
				-3.7378 1.47822 20.6857,
				-3.746 -0.122396 20,
				-3.76225 -3.29325 18.6417,
				-4.00075 -49.8397 -1.29727,
				-6.30733 -500 -194.131,
			]
		}
		coordIndex [
			0, 1, 2, 3, 4, -1
		]
	}
}
#---------- POLYLINE
Shape {
	appearance Appearance {
		material Material {
			diffuseColor 0 1 0
			emissiveColor 0 1 0
		}
	}
	geometry IndexedLineSet {
		coord Coordinate {
			point [
				-3.7378 1.47822 20.6857,
				-3.68619 11.5498 25,
				-1.18342 500 234.236,
			]
		}
		coordIndex [
			0, 1, 2, -1
		]
	}
}
#---------- POLYLINE
Shape {
	appearance Appearance {
		material Material {
			diffuseColor 0.5 0.5 0.5
			emissiveColor 0.5 0.5 0.5
		}
	}
	geometry IndexedLineSet {
		coord Coordinate {
			point [
				-3.6951 1.17751 19.8379,
				-3.39761 -1.07133 20,
				3.06253 -49.9061 23.5206,
				62.6035 -500 55.9688,
			]
		}
		coordIndex [
			0, 1, 2, 3, -1
		]
	}
}
#---------- POLYLINE
Shape {
	appearance Appearance {
		material Material {
			diffuseColor 0.5 0.5 0.5
			emissiveColor 0.5 0.5 0.5
		}
	}
	geometry IndexedLineSet {
		coord Coordinate {
			point [
				-3.6951 1.17751 19.8379,
				-3.69509 1.17751 19.8379,
			]
		}
		coordIndex [
			0, 1, -1
		]
	}
}
#---------- POLYLINE
Shape {
	appearance Appearance {
		material Material {
			diffuseColor 0.5 0.5 0.5
			emissiveColor 0.5 0.5 0.5
		}
	}
	geometry IndexedLineSet {
		coord Coordinate {
			point [
				-4.11787 -0.0568879 -8.80475,
			]
		}
		coordIndex [
			0, -1
		]
	}
}
#---------- POLYLINE
Shape {
	appearance Appearance {
		material Material {
			diffuseColor 0 0 1
			emissiveColor 0 0 1
		}
	}
	geometry IndexedLineSet {
		coord Coordinate {
			point [
				-4.11787 -0.0568879 -8.80475,
				-4.11786 -0.0567874 -8.80543,
			]
		}
		coordIndex [
			0, 1, -1
		]
	}
}
#---------- POLYLINE
Shape {
	appearance Appearance {
		material Material {
			diffuseColor 0 1 0
			emissiveColor 0 1 0
		}
	}
	geometry IndexedLineSet {
		coord Coordinate {
			point [
				-4.11786 -0.0567874 -8.80543,
				-0.816082 -4.93295 -9.83771,
				5.76173 -14.6472 -11.8942,
				10.8896 -22.2202 -13.4974,
				25.1179 -43.233 -17.9459,
				334.407 -500 -114.644,
			]
		}
		coordIndex [
			0, 1, 2, 3, 4, 5, -1
		]
	}
}
#---------- POLYLINE
Shape {
	appearance Appearance {
		material Material {
			diffuseColor 0 1 0
			emissiveColor 0 1 0
		}
	}
	geometry IndexedLineSet {
		coord Coordinate {
			point [
				-4.11786 -0.0567874 -8.80543,
				-4.88335 1.07371 -8.5661,
				-12.5568 12.406 -6.16704,
				-39.1898 31.0509 20.6469,
				-500 353.647 484.587,
			]
		}
		coordIndex [
			0, 1, 2, 3, 4, -1
		]
	}
}
#---------- POLYLINE
Shape {
	appearance Appearance {
		material Material {
			diffuseColor 0.5 0.5 0.5
			emissiveColor 0.5 0.5 0.5
		}
	}
	geometry IndexedLineSet {
		coord Coordinate {
			point [
				-4.11787 -0.0568879 -8.80475,
				-1.55357 -4.75252 -11.7596,
				5.02515 -16.7992 -19.3402,
				5.59777 -17.8477 -20,
				9.93695 -25.7935 -25,
				268.903 -500 -323.404,
			]
		}
		coordIndex [
			0, 1, 2, 3, 4, 5, -1
		]
	}
}
#---------- POLYLINE
Shape {
	appearance Appearance {
		material Material {
			diffuseColor 0.5 0.5 0.5
			emissiveColor 0.5 0.5 0.5
		}
	}
	geometry IndexedLineSet {
		coord Coordinate {
			point [
				-4.11787 -0.0568879 -8.80475,
				-4.11788 -0.0568803 -8.80474,
			]
		}
		coordIndex [
			0, 1, -1
		]
	}
}
#---------- POLYLINE
Shape {
	appearance Appearance {
		material Material {
			diffuseColor 0.5 0.5 0.5
			emissiveColor 0.5 0.5 0.5
		}
	}
	geometry IndexedLineSet {
		coord Coordinate {
			point [
				-1.18982 2.85949 10.2093,
			]
		}
		coordIndex [
			0, -1
		]
	}
}
#---------- POLYLINE
Shape {
	appearance Appearance {
		material Material {
			diffuseColor 0 0 1
			emissiveColor 0 0 1
		}
	}
	geometry IndexedLineSet {
		coord Coordinate {
			point [
				-1.18982 2.85949 10.2093,
				-1.3097 2.79051 10.2119,
				-1.40844 2.72869 10.2191,
				-1.46583 2.69259 10.216,
				-1.48453 2.65716 10.1791,
				-1.52416 2.63363 10.1659,
				-1.54975 2.6167 10.1841,
				-1.55971 2.60783 10.2117,
				-1.57567 2.62228 10.2276,
				-1.59443 2.62316 10.2378,
				-1.60363 2.62657 10.244,
				-1.60439 2.62641 10.2438,
			]
		}
		coordIndex [
			0, 1, 2, 3, 4, 5, 6, 7, 8, 9, 
			10, 11, -1
		]
	}
}
#---------- POLYLINE
Shape {
	appearance Appearance {
		material Material {
			diffuseColor 0 1 0
			emissiveColor 0 1 0
		}
	}
	geometry IndexedLineSet {
		coord Coordinate {
			point [
				-1.60439 2.62641 10.2438,
				4.11669 2.83775 -5.11627,
				11.5227 3.11135 -25,
				188.444 9.64713 -500,
			]
		}
		coordIndex [
			0, 1, 2, 3, -1
		]
	}
}
#---------- POLYLINE
Shape {
	appearance Appearance {
		material Material {
			diffuseColor 0 1 0
			emissiveColor 0 1 0
		}
	}
	geometry IndexedLineSet {
		coord Coordinate {
			point [
				-1.60439 2.62641 10.2438,
				-4.31485 2.52628 17.5209,
				-7.10056 2.42337 25,
				-184.021 -4.11241 500,
			]
		}
		coordIndex [
			0, 1, 2, 3, -1
		]
	}
}
#---------- POLYLINE
Shape {
	appearance Appearance {
		material Material {
			diffuseColor 0.5 0.5 0.5
			emissiveColor 0.5 0.5 0.5
		}
	}
	geometry IndexedLineSet {
		coord Coordinate {
			point [
				-1.18982 2.85949 10.2093,
				-4.97128 -0.535142 9.49159,
				-39.0959 -31.169 3.01486,
				-500 -444.925 -84.4629,
			]
		}
		coordIndex [
			0, 1, 2, 3, -1
		]
	}
}
#---------- POLYLINE
Shape {
	appearance Appearance {
		material Material {
			diffuseColor 0.5 0.5 0.5
			emissiveColor 0.5 0.5 0.5
		}
	}
	geometry IndexedLineSet {
		coord Coordinate {
			point [
				-1.18982 2.85949 10.2093,
				-1.18981 2.8595 10.2093,
			]
		}
		coordIndex [
			0, 1, -1
		]
	}
}
#---------- POLYLINE
Shape {
	appearance Appearance {
		material Material {
			diffuseColor 0.5 0.5 0.5
			emissiveColor 0.5 0.5 0.5
		}
	}
	geometry IndexedLineSet {
		coord Coordinate {
			point [
				-4.2698 -2.41665 7.54789,
			]
		}
		coordIndex [
			0, -1
		]
	}
}
#---------- POLYLINE
Shape {
	appearance Appearance {
		material Material {
			diffuseColor 0 0 1
			emissiveColor 0 0 1
		}
	}
	geometry IndexedLineSet {
		coord Coordinate {
			point [
				-4.2698 -2.41665 7.54789,
				-4.25613 -2.41905 7.53702,
				-4.23499 -2.41662 7.51709,
				-4.22279 -2.40339 7.5046,
				-4.23178 -2.40987 7.49742,
				-4.23161 -2.41108 7.49666,
			]
		}
		coordIndex [
			0, 1, 2, 3, 4, 5, -1
		]
	}
}
#---------- POLYLINE
Shape {
	appearance Appearance {
		material Material {
			diffuseColor 0 1 0
			emissiveColor 0 1 0
		}
	}
	geometry IndexedLineSet {
		coord Coordinate {
			point [
				-4.23161 -2.41108 7.49666,
				-4.46346 2.25333 7.30258,
				-5.1508 16.0813 6.72724,
				-5.29556 18.9936 6.60606,
				-6.8136 49.5336 5.33537,
				-29.2047 500 -13.4074,
			]
		}
		coordIndex [
			0, 1, 2, 3, 4, 5, -1
		]
	}
}
#---------- POLYLINE
Shape {
	appearance Appearance {
		material Material {
			diffuseColor 0 1 0
			emissiveColor 0 1 0
		}
	}
	geometry IndexedLineSet {
		coord Coordinate {
			point [
				-4.23161 -2.41108 7.49666,
				-4.218 -2.68486 7.50805,
				-1.86787 -49.9651 9.47526,
				20.5018 -500 28.2001,
			]
		}
		coordIndex [
			0, 1, 2, 3, -1
		]
	}
}
#---------- POLYLINE
Shape {
	appearance Appearance {
		material Material {
			diffuseColor 0.5 0.5 0.5
			emissiveColor 0.5 0.5 0.5
		}
	}
	geometry IndexedLineSet {
		coord Coordinate {
			point [
				-4.2698 -2.41665 7.54789,
				-4.9109 0.939706 10.0268,
				-7.23959 13.1311 19.0308,
				-7.49024 14.4433 20,
				-8.78337 21.2132 25,
				-100.237 500 378.614,
			]
		}
		coordIndex [
			0, 1, 2, 3, 4, 5, -1
		]
	}
}
#---------- POLYLINE
Shape {
	appearance Appearance {
		material Material {
			diffuseColor 0.5 0.5 0.5
			emissiveColor 0.5 0.5 0.5
		}
	}
	geometry IndexedLineSet {
		coord Coordinate {
			point [
				-4.2698 -2.41665 7.54789,
				-4.2698 -2.41666 7.54788,
			]
		}
		coordIndex [
			0, 1, -1
		]
	}
}
#---------- POLYLINE
Shape {
	appearance Appearance {
		material Material {
			diffuseColor 0.5 0.5 0.5
			emissiveColor 0.5 0.5 0.5
		}
	}
	geometry IndexedLineSet {
		coord Coordinate {
			point [
				-1.28522 -4.42017 3.77963,
			]
		}
		coordIndex [
			0, -1
		]
	}
}
#---------- POLYLINE
Shape {
	appearance Appearance {
		material Material {
			diffuseColor 0 0 1
			emissiveColor 0 0 1
		}
	}
	geometry IndexedLineSet {
		coord Coordinate {
			point [
				-1.28522 -4.42017 3.77963,
				-1.28704 -4.48137 3.78425,
				-1.29853 -4.53065 3.76624,
				-1.26889 -4.55452 3.74198,
				-1.24544 -4.58375 3.74074,
				-1.2272 -4.60237 3.76081,
				-1.22509 -4.62953 3.76217,
				-1.21712 -4.61202 3.752,
				-1.21477 -4.61085 3.74982,
			]
		}
		coordIndex [
			0, 1, 2, 3, 4, 5, 6, 7, 8, -1
		]
	}
}
#---------- POLYLINE
Shape {
	appearance Appearance {
		material Material {
			diffuseColor 0 1 0
			emissiveColor 0 1 0
		}
	}
	geometry IndexedLineSet {
		coord Coordinate {
			point [
				-1.21477 -4.61085 3.74982,
				-1.60948 -4.73388 3.86801,
				-46.3767 -18.687 17.2723,
				-500 -160.073 153.097,
			]
		}
		coordIndex [
			0, 1, 2, 3, -1
		]
	}
}
#---------- POLYLINE
Shape {
	appearance Appearance {
		material Material {
			diffuseColor 0 1 0
			emissiveColor 0 1 0
		}
	}
	geometry IndexedLineSet {
		coord Coordinate {
			point [
				-1.21477 -4.61085 3.74982,
				-0.204063 -4.29583 3.44719,
				1.52531 -4.76166 2.83102,
				47.0158 -17.0151 -13.3774,
				500 -139.033 -174.777,
			]
		}
		coordIndex [
			0, 1, 2, 3, 4, -1
		]
	}
}
#---------- POLYLINE
Shape {
	appearance Appearance {
		material Material {
			diffuseColor 0.5 0.5 0.5
			emissiveColor 0.5 0.5 0.5
		}
	}
	geometry IndexedLineSet {
		coord Coordinate {
			point [
				-1.28522 -4.42017 3.77963,
				-1.59609 -4.73841 4.0061,
				-9.06825 -12.3876 9.4494,
				-14.8893 -18.3465 13.6899,
				-30.415 -34.24 25,
				-485.396 -500 356.444,
			]
		}
		coordIndex [
			0, 1, 2, 3, 4, 5, -1
		]
	}
}
#---------- POLYLINE
Shape {
	appearance Appearance {
		material Material {
			diffuseColor 0.5 0.5 0.5
			emissiveColor 0.5 0.5 0.5
		}
	}
	geometry IndexedLineSet {
		coord Coordinate {
			point [
				-1.28522 -4.42017 3.77963,
				-1.28522 -4.42016 3.77963,
			]
		}
		coordIndex [
			0, 1, -1
		]
	}
}
#---------- POLYLINE
Shape {
	appearance Appearance {
		material Material {
			diffuseColor 0.5 0.5 0.5
			emissiveColor 0.5 0.5 0.5
		}
	}
	geometry IndexedLineSet {
		coord Coordinate {
			point [
				1.24345 -0.191753 -13.315,
			]
		}
		coordIndex [
			0, -1
		]
	}
}
#---------- POLYLINE
Shape {
	appearance Appearance {
		material Material {
			diffuseColor 0 0 1
			emissiveColor 0 0 1
		}
	}
	geometry IndexedLineSet {
		coord Coordinate {
			point [
				1.24345 -0.191753 -13.315,
				1.19276 -0.175011 -13.2876,
				1.14378 -0.157166 -13.2852,
				1.11559 -0.151702 -13.2563,
				1.10873 -0.158401 -13.2232,
				1.08971 -0.169 -13.204,
				1.08145 -0.188113 -13.2008,
				1.08252 -0.195404 -13.1986,
				1.08231 -0.19516 -13.1982,
			]
		}
		coordIndex [
			0, 1, 2, 3, 4, 5, 6, 7, 8, -1
		]
	}
}
#---------- POLYLINE
Shape {
	appearance Appearance {
		material Material {
			diffuseColor 0 1 0
			emissiveColor 0 1 0
		}
	}
	geometry IndexedLineSet {
		coord Coordinate {
			point [
				1.08231 -0.19516 -13.1982,
				-4.91344 0.926343 -15.0487,
				-16.0001 3.0001 -18.4704,
				-20.9562 3.92714 -20,
				-37.1567 6.95744 -25,
				-500 93.5322 -167.849,
			]
		}
		coordIndex [
			0, 1, 2, 3, 4, 5, -1
		]
	}
}
#---------- POLYLINE
Shape {
	appearance Appearance {
		material Material {
			diffuseColor 0 1 0
			emissiveColor 0 1 0
		}
	}
	geometry IndexedLineSet {
		coord Coordinate {
			point [
				1.08231 -0.19516 -13.1982,
				4.91607 -0.912265 -12.0149,
				15.9874 -2.98316 -8.59795,
				22.663 -4.23183 -6.53764,
				34.3993 -6.42709 -2.91545,
				35.4295 -6.39492 2.44036,
				33.9934 -7.91358 2.96965,
				11.5666 -4.64306 16.4266,
				-21.8576 -10.3229 -10.5167,
				43.5311 -3.58774 25,
				500 43.4292 272.937,
			]
		}
		coordIndex [
			0, 1, 2, 3, 4, 5, 6, 7, 8, 9, 
			10, -1
		]
	}
}
#---------- POLYLINE
Shape {
	appearance Appearance {
		material Material {
			diffuseColor 0.5 0.5 0.5
			emissiveColor 0.5 0.5 0.5
		}
	}
	geometry IndexedLineSet {
		coord Coordinate {
			point [
				1.24345 -0.191753 -13.315,
				2.99866 -4.001 -6.3424,
				7.21355 -13.1484 10.4013,
				9.62984 -18.3924 20,
				10.8885 -21.124 25,
				130.46 -280.626 500,
			]
		}
		coordIndex [
			0, 1, 2, 3, 4, 5, -1
		]
	}
}
#---------- POLYLINE
Shape {
	appearance Appearance {
		material Material {
			diffuseColor 0.5 0.5 0.5
			emissiveColor 0.5 0.5 0.5
		}
	}
	geometry IndexedLineSet {
		coord Coordinate {
			point [
				1.24345 -0.191753 -13.315,
				1.24346 -0.191751 -13.315,
			]
		}
		coordIndex [
			0, 1, -1
		]
	}
}
#---------- POLYLINE
Shape {
	appearance Appearance {
		material Material {
			diffuseColor 0.5 0.5 0.5
			emissiveColor 0.5 0.5 0.5
		}
	}
	geometry IndexedLineSet {
		coord Coordinate {
			point [
				0.108676 -0.427916 8.79517,
			]
		}
		coordIndex [
			0, -1
		]
	}
}
#---------- POLYLINE
Shape {
	appearance Appearance {
		material Material {
			diffuseColor 0 0 1
			emissiveColor 0 0 1
		}
	}
	geometry IndexedLineSet {
		coord Coordinate {
			point [
				0.108676 -0.427916 8.79517,
				0.0830431 -0.405475 8.78428,
				0.0580381 -0.406408 8.76889,
				0.0603562 -0.397092 8.74787,
				0.0622451 -0.393493 8.73587,
				0.0628583 -0.393451 8.7352,
			]
		}
		coordIndex [
			0, 1, 2, 3, 4, 5, -1
		]
	}
}
#---------- POLYLINE
Shape {
	appearance Appearance {
		material Material {
			diffuseColor 0 1 0
			emissiveColor 0 1 0
		}
	}
	geometry IndexedLineSet {
		coord Coordinate {
			point [
				0.0628583 -0.393451 8.7352,
				3.41788 3.6494 11.1486,
				10.6298 12.3398 16.3364,
				14.9913 17.5955 19.4738,
				22.6737 26.8529 25,
				415.323 500 307.447,
			]
		}
		coordIndex [
			0, 1, 2, 3, 4, 5, -1
		]
	}
}
#---------- POLYLINE
Shape {
	appearance Appearance {
		material Material {
			diffuseColor 0 1 0
			emissiveColor 0 1 0
		}
	}
	geometry IndexedLineSet {
		coord Coordinate {
			point [
				0.0628583 -0.393451 8.7352,
				-2.95673 -4.03209 6.5631,
				-9.82066 -12.3032 1.62562,
				-14.8781 -18.3975 -2.01237,
				-22.8509 -28.0049 -7.74754,
				-33.4366 -37.1751 -13.3933,
				-500 -441.354 -262.23,
			]
		}
		coordIndex [
			0, 1, 2, 3, 4, 5, 6, -1
		]
	}
}
#---------- POLYLINE
Shape {
	appearance Appearance {
		material Material {
			diffuseColor 0.5 0.5 0.5
			emissiveColor 0.5 0.5 0.5
		}
	}
	geometry IndexedLineSet {
		coord Coordinate {
			point [
				0.108676 -0.427916 8.79517,
				-4.73658 1.6015 2.77544,
				-27.0929 10.9654 -25,
				-409.419 171.101 -500,
			]
		}
		coordIndex [
			0, 1, 2, 3, -1
		]
	}
}
#---------- POLYLINE
Shape {
	appearance Appearance {
		material Material {
			diffuseColor 0.5 0.5 0.5
			emissiveColor 0.5 0.5 0.5
		}
	}
	geometry IndexedLineSet {
		coord Coordinate {
			point [
				0.108676 -0.427916 8.79517,
				0.108685 -0.427922 8.79517,
			]
		}
		coordIndex [
			0, 1, -1
		]
	}
}
#---------- POLYLINE
Shape {
	appearance Appearance {
		material Material {
			diffuseColor 0.5 0.5 0.5
			emissiveColor 0.5 0.5 0.5
		}
	}
	geometry IndexedLineSet {
		coord Coordinate {
			point [
				-2.84586 -2.03724 -11.0001,
			]
		}
		coordIndex [
			0, -1
		]
	}
}
#---------- POLYLINE
Shape {
	appearance Appearance {
		material Material {
			diffuseColor 0 0 1
			emissiveColor 0 0 1
		}
	}
	geometry IndexedLineSet {
		coord Coordinate {
			point [
				-2.84586 -2.03724 -11.0001,
				-2.5858 -2.042 -10.9674,
				-2.38501 -2.09742 -11.0392,
				-2.26547 -2.17069 -11.1601,
				-2.13122 -2.21135 -11.236,
				-2.01767 -2.16133 -11.2815,
				-1.97288 -2.1216 -11.3437,
				-1.99589 -2.07899 -11.3984,
				-2.0214 -2.0746 -11.4469,
				-2.06111 -2.08696 -11.4618,
				-2.09256 -2.1021 -11.4617,
				-2.10303 -2.12089 -11.4805,
				-2.11098 -2.13561 -11.4949,
				-2.10097 -2.14708 -11.4943,
				-2.09931 -2.14731 -11.4949,
				-2.09941 -2.1474 -11.495,
			]
		}
		coordIndex [
			0, 1, 2, 3, 4, 5, 6, 7, 8, 9, 
			10, 11, 12, 13, 14, 15, -1
		]
	}
}
#---------- POLYLINE
Shape {
	appearance Appearance {
		material Material {
			diffuseColor 0 1 0
			emissiveColor 0 1 0
		}
	}
	geometry IndexedLineSet {
		coord Coordinate {
			point [
				-2.09941 -2.1474 -11.495,
				-0.0239664 -4.99994 -14.3277,
				7.79523 -15.7468 -25,
				355.811 -494.067 -500,
			]
		}
		coordIndex [
			0, 1, 2, 3, -1
		]
	}
}
#---------- POLYLINE
Shape {
	appearance Appearance {
		material Material {
			diffuseColor 0 1 0
			emissiveColor 0 1 0
		}
	}
	geometry IndexedLineSet {
		coord Coordinate {
			point [
				-2.09941 -2.1474 -11.495,
				-4.76469 1.51582 -7.85721,
				-28.838 34.6027 25,
				-367.451 500 487.166,
			]
		}
		coordIndex [
			0, 1, 2, 3, -1
		]
	}
}
#---------- POLYLINE
Shape {
	appearance Appearance {
		material Material {
			diffuseColor 0.5 0.5 0.5
			emissiveColor 0.5 0.5 0.5
		}
	}
	geometry IndexedLineSet {
		coord Coordinate {
			point [
				-2.84586 -2.03724 -11.0001,
				-4.84122 -1.25005 -10.0233,
				-16.1763 3.22175 -4.4742,
				-20.5941 4.96458 -2.3115,
				-47.5097 15.583 10.865,
				-500 194.094 232.381,
			]
		}
		coordIndex [
			0, 1, 2, 3, 4, 5, -1
		]
	}
}
#---------- POLYLINE
Shape {
	appearance Appearance {
		material Material {
			diffuseColor 0.5 0.5 0.5
			emissiveColor 0.5 0.5 0.5
		}
	}
	geometry IndexedLineSet {
		coord Coordinate {
			point [
				-2.84586 -2.03724 -11.0001,
				-2.84587 -2.03724 -11.0001,
			]
		}
		coordIndex [
			0, 1, -1
		]
	}
}
#---------- POLYLINE
Shape {
	appearance Appearance {
		material Material {
			diffuseColor 0.5 0.5 0.5
			emissiveColor 0.5 0.5 0.5
		}
	}
	geometry IndexedLineSet {
		coord Coordinate {
			point [
				-2.40921 -3.00017 14.9863,
			]
		}
		coordIndex [
			0, -1
		]
	}
}
#---------- POLYLINE
Shape {
	appearance Appearance {
		material Material {
			diffuseColor 0 0 1
			emissiveColor 0 0 1
		}
	}
	geometry IndexedLineSet {
		coord Coordinate {
			point [
				-2.40921 -3.00017 14.9863,
				-2.46597 -3.1661 14.9725,
				-2.52857 -3.2825 14.9075,
				-2.52814 -3.38246 14.8713,
				-2.56669 -3.46067 14.9062,
				-2.60276 -3.51328 14.9562,
				-2.65266 -3.49361 14.9917,
				-2.65458 -3.53373 15.0217,
				-2.6828 -3.54492 15.0505,
				-2.70818 -3.56487 15.058,
				-2.72624 -3.5539 15.0761,
				-2.7296 -3.54177 15.0957,
				-2.73269 -3.54067 15.1101,
				-2.73246 -3.54066 15.1104,
			]
		}
		coordIndex [
			0, 1, 2, 3, 4, 5, 6, 7, 8, 9, 
			10, 11, 12, 13, -1
		]
	}
}
#---------- POLYLINE
Shape {
	appearance Appearance {
		material Material {
			diffuseColor 0 1 0
			emissiveColor 0 1 0
		}
	}
	geometry IndexedLineSet {
		coord Coordinate {
			point [
				-2.73246 -3.54066 15.1104,
				-4.9494 -0.709516 15.9524,
				-28.7723 29.7135 25,
				-397.032 500 164.86,
			]
		}
		coordIndex [
			0, 1, 2, 3, -1
		]
	}
}
#---------- POLYLINE
Shape {
	appearance Appearance {
		material Material {
			diffuseColor 0 1 0
			emissiveColor 0 1 0
		}
	}
	geometry IndexedLineSet {
		coord Coordinate {
			point [
				-2.73246 -3.54066 15.1104,
				-1.87564 -4.63486 14.785,
				5.85372 -14.5057 11.8495,
				11.7186 -21.9954 9.6221,
				27.2977 -41.8907 3.70534,
				386.022 -500 -132.533,
			]
		}
		coordIndex [
			0, 1, 2, 3, 4, 5, -1
		]
	}
}
#---------- POLYLINE
Shape {
	appearance Appearance {
		material Material {
			diffuseColor 0.5 0.5 0.5
			emissiveColor 0.5 0.5 0.5
		}
	}
	geometry IndexedLineSet {
		coord Coordinate {
			point [
				-2.40921 -3.00017 14.9863,
				4.84243 -1.24534 13.6755,
				15.1591 1.25119 11.8106,
				23.7333 3.32607 10.2608,
				49.0962 9.46367 5.67619,
				500 118.578 -75.8289,
			]
		}
		coordIndex [
			0, 1, 2, 3, 4, 5, -1
		]
	}
}
#---------- POLYLINE
Shape {
	appearance Appearance {
		material Material {
			diffuseColor 0.5 0.5 0.5
			emissiveColor 0.5 0.5 0.5
		}
	}
	geometry IndexedLineSet {
		coord Coordinate {
			point [
				-2.40921 -3.00017 14.9863,
				-2.40921 -3.00016 14.9863,
			]
		}
		coordIndex [
			0, 1, -1
		]
	}
}
#---------- POLYLINE
Shape {
	appearance Appearance {
		material Material {
			diffuseColor 0.5 0.5 0.5
			emissiveColor 0.5 0.5 0.5
		}
	}
	geometry IndexedLineSet {
		coord Coordinate {
			point [
				3.25356 3.55103 -9.16821,
			]
		}
		coordIndex [
			0, -1
		]
	}
}
#---------- POLYLINE
Shape {
	appearance Appearance {
		material Material {
			diffuseColor 0 0 1
			emissiveColor 0 0 1
		}
	}
	geometry IndexedLineSet {
		coord Coordinate {
			point [
				3.25356 3.55103 -9.16821,
				3.20283 3.47643 -9.1,
				3.14505 3.39968 -9.05339,
				3.07456 3.34271 -9.00731,
				2.9905 3.31026 -8.99509,
				2.9182 3.2908 -8.96239,
				2.85334 3.25908 -8.93697,
				2.78818 3.23425 -8.92667,
				2.73589 3.20049 -8.90834,
				2.60293 3.09934 -8.88028,
				2.52019 3.00174 -8.84248,
				2.48045 2.91681 -8.78556,
				2.51157 2.85052 -8.72476,
				2.50373 2.82466 -8.6535,
				2.50184 2.87143 -8.60792,
				2.49529 2.91422 -8.5777,
				2.45877 2.9355 -8.57521,
				2.4239 2.93378 -8.5713,
				2.40071 2.95007 -8.56172,
				2.38847 2.96155 -8.54647,
				2.38078 2.96826 -8.53733,
				2.38109 2.96838 -8.53713,
			]
		}
		coordIndex [
			0, 1, 2, 3, 4, 5, 6, 7, 8, 9, 
			10, 11, 12, 13, 14, 15, 16, 17, 18, 19, 
			20, 21, -1
		]
	}
}
#---------- POLYLINE
Shape {
	appearance Appearance {
		material Material {
			diffuseColor 0 1 0
			emissiveColor 0 1 0
		}
	}
	geometry IndexedLineSet {
		coord Coordinate {
			point [
				2.38109 2.96838 -8.53713,
				3.69591 3.36753 -9.48463,
				25.2261 9.90353 -25,
				500 154.032 -367.138,
			]
		}
		coordIndex [
			0, 1, 2, 3, -1
		]
	}
}
#---------- POLYLINE
Shape {
	appearance Appearance {
		material Material {
			diffuseColor 0 1 0
			emissiveColor 0 1 0
		}
	}
	geometry IndexedLineSet {
		coord Coordinate {
			point [
				2.38109 2.96838 -8.53713,
				-4.94425 0.7446 -3.25825,
				-15.6779 -2.51386 4.47678,
				-22.1952 -4.49234 9.17336,
				-40.4031 -10.0198 22.2946,
				-39.4942 -6.80192 25,
				103.647 500 451.095,
			]
		}
		coordIndex [
			0, 1, 2, 3, 4, 5, 6, -1
		]
	}
}
#---------- POLYLINE
Shape {
	appearance Appearance {
		material Material {
			diffuseColor 0.5 0.5 0.5
			emissiveColor 0.5 0.5 0.5
		}
	}
	geometry IndexedLineSet {
		coord Coordinate {
			point [
				3.25356 3.55103 -9.16821,
				3.51892 3.55207 -7.7378,
				9.59217 3.57594 25,
				97.7103 3.92229 500,
			]
		}
		coordIndex [
			0, 1, 2, 3, -1
		]
	}
}
#---------- POLYLINE
Shape {
	appearance Appearance {
		material Material {
			diffuseColor 0.5 0.5 0.5
			emissiveColor 0.5 0.5 0.5
		}
	}
	geometry IndexedLineSet {
		coord Coordinate {
			point [
				3.25356 3.55103 -9.16821,
				3.25357 3.55104 -9.16822,
			]
		}
		coordIndex [
			0, 1, -1
		]
	}
}
#---------- POLYLINE
Shape {
	appearance Appearance {
		material Material {
			diffuseColor 0.5 0.5 0.5
			emissiveColor 0.5 0.5 0.5
		}
	}
	geometry IndexedLineSet {
		coord Coordinate {
			point [
				16.2231 2.18318 -16.5746,
			]
		}
		coordIndex [
			0, -1
		]
	}
}
#---------- POLYLINE
Shape {
	appearance Appearance {
		material Material {
			diffuseColor 0 0 1
			emissiveColor 0 0 1
		}
	}
	geometry IndexedLineSet {
		coord Coordinate {
			point [
				16.2231 2.18318 -16.5746,
				16.2539 2.16126 -16.5305,
				16.2852 2.14005 -16.4994,
				16.2978 2.10367 -16.4855,
				16.3029 2.07134 -16.4814,
				16.3188 2.05302 -16.471,
				16.3302 2.03923 -16.4651,
				16.3298 2.04006 -16.4622,
				16.3297 2.03982 -16.4621,
			]
		}
		coordIndex [
			0, 1, 2, 3, 4, 5, 6, 7, 8, -1
		]
	}
}
#---------- POLYLINE
Shape {
	appearance Appearance {
		material Material {
			diffuseColor 0 1 0
			emissiveColor 0 1 0
		}
	}
	geometry IndexedLineSet {
		coord Coordinate {
			point [
				16.3297 2.03982 -16.4621,
				16.6009 3.66689 -15.3399,
				17.0325 6.2557 -13.5544,
				-23.7429 -44.0031 -1.14321,
				-393.696 -500 111.463,
			]
		}
		coordIndex [
			0, 1, 2, 3, 4, -1
		]
	}
}
#---------- POLYLINE
Shape {
	appearance Appearance {
		material Material {
			diffuseColor 0 1 0
			emissiveColor 0 1 0
		}
	}
	geometry IndexedLineSet {
		coord Coordinate {
			point [
				16.3297 2.03982 -16.4621,
				15.5952 -2.36599 -19.5008,
				14.2661 -10.3392 -25,
				-67.3599 -500 -362.721,
			]
		}
		coordIndex [
			0, 1, 2, 3, -1
		]
	}
}
#---------- POLYLINE
Shape {
	appearance Appearance {
		material Material {
			diffuseColor 0.5 0.5 0.5
			emissiveColor 0.5 0.5 0.5
		}
	}
	geometry IndexedLineSet {
		coord Coordinate {
			point [
				16.2231 2.18318 -16.5746,
				15.9851 2.98005 -16.9573,
				10.9831 19.7296 -25,
				-132.444 500 -255.615,
			]
		}
		coordIndex [
			0, 1, 2, 3, -1
		]
	}
}
#---------- POLYLINE
Shape {
	appearance Appearance {
		material Material {
			diffuseColor 0.5 0.5 0.5
			emissiveColor 0.5 0.5 0.5
		}
	}
	geometry IndexedLineSet {
		coord Coordinate {
			point [
				16.2231 2.18318 -16.5746,
				16.2231 2.18317 -16.5746,
			]
		}
		coordIndex [
			0, 1, -1
		]
	}
}
#---------- POLYLINE
Shape {
	appearance Appearance {
		material Material {
			diffuseColor 0.5 0.5 0.5
			emissiveColor 0.5 0.5 0.5
		}
	}
	geometry IndexedLineSet {
		coord Coordinate {
			point [
				22.2807 1.00965 12.6165,
			]
		}
		coordIndex [
			0, -1
		]
	}
}
#---------- POLYLINE
Shape {
	appearance Appearance {
		material Material {
			diffuseColor 0 0 1
			emissiveColor 0 0 1
		}
	}
	geometry IndexedLineSet {
		coord Coordinate {
			point [
				22.2807 1.00965 12.6165,
				22.2962 0.971468 12.7582,
				22.2811 0.984101 12.8804,
				22.2975 0.985553 12.9616,
				22.3236 0.990304 12.9931,
				22.3226 1.00824 12.9794,
				22.3273 1.02105 12.9775,
				22.3268 1.02183 12.9774,
			]
		}
		coordIndex [
			0, 1, 2, 3, 4, 5, 6, 7, -1
		]
	}
}
#---------- POLYLINE
Shape {
	appearance Appearance {
		material Material {
			diffuseColor 0 1 0
			emissiveColor 0 1 0
		}
	}
	geometry IndexedLineSet {
		coord Coordinate {
			point [
				22.3268 1.02183 12.9774,
				15.0001 -0.0256645 14.7897,
				4.77354 -1.48773 17.3193,
				-4.16543 -2.76572 19.5304,
				-26.278 -5.92711 25,
				-500 -73.6543 142.177,
			]
		}
		coordIndex [
			0, 1, 2, 3, 4, 5, -1
		]
	}
}
#---------- POLYLINE
Shape {
	appearance Appearance {
		material Material {
			diffuseColor 0 1 0
			emissiveColor 0 1 0
		}
	}
	geometry IndexedLineSet {
		coord Coordinate {
			point [
				22.3268 1.02183 12.9774,
				24.8068 1.37639 12.364,
				49.755 4.94319 6.19291,
				500 69.3139 -105.177,
			]
		}
		coordIndex [
			0, 1, 2, 3, -1
		]
	}
}
#---------- POLYLINE
Shape {
	appearance Appearance {
		material Material {
			diffuseColor 0.5 0.5 0.5
			emissiveColor 0.5 0.5 0.5
		}
	}
	geometry IndexedLineSet {
		coord Coordinate {
			point [
				22.2807 1.00965 12.6165,
				24.6109 -1.93377 8.51572,
				43.1194 -25.3125 -24.0552,
				313.576 -366.936 -500,
			]
		}
		coordIndex [
			0, 1, 2, 3, -1
		]
	}
}
#---------- POLYLINE
Shape {
	appearance Appearance {
		material Material {
			diffuseColor 0.5 0.5 0.5
			emissiveColor 0.5 0.5 0.5
		}
	}
	geometry IndexedLineSet {
		coord Coordinate {
			point [
				22.2807 1.00965 12.6165,
				22.2807 1.00966 12.6165,
			]
		}
		coordIndex [
			0, 1, -1
		]
	}
}
#---------- POLYLINE
Shape {
	appearance Appearance {
		material Material {
			diffuseColor 0.5 0.5 0.5
			emissiveColor 0.5 0.5 0.5
		}
	}
	geometry IndexedLineSet {
		coord Coordinate {
			point [
				19.7449 -2.33612 -4.00884,
			]
		}
		coordIndex [
			0, -1
		]
	}
}
#---------- POLYLINE
Shape {
	appearance Appearance {
		material Material {
			diffuseColor 0 0 1
			emissiveColor 0 0 1
		}
	}
	geometry IndexedLineSet {
		coord Coordinate {
			point [
				19.7449 -2.33612 -4.00884,
				19.7437 -2.29851 -3.90738,
				19.7299 -2.307 -3.81902,
				19.7281 -2.33899 -3.75226,
				19.7698 -2.32549 -3.70749,
				19.8214 -2.32367 -3.69378,
				19.8656 -2.32425 -3.6967,
				19.8987 -2.33906 -3.69719,
				19.916 -2.35166 -3.69095,
				19.9159 -2.35414 -3.68896,
				19.916 -2.35413 -3.68884,
			]
		}
		coordIndex [
			0, 1, 2, 3, 4, 5, 6, 7, 8, 9, 
			10, -1
		]
	}
}
#---------- POLYLINE
Shape {
	appearance Appearance {
		material Material {
			diffuseColor 0 1 0
			emissiveColor 0 1 0
		}
	}
	geometry IndexedLineSet {
		coord Coordinate {
			point [
				19.916 -2.35413 -3.68884,
				17.8687 -4.52301 -0.946125,
				10.5039 -12.3255 8.92066,
				5.06279 -18.0899 16.2102,
				-1.49812 -25.0407 25,
				-356.05 -400.661 500,
			]
		}
		coordIndex [
			0, 1, 2, 3, 4, 5, -1
		]
	}
}
#---------- POLYLINE
Shape {
	appearance Appearance {
		material Material {
			diffuseColor 0 1 0
			emissiveColor 0 1 0
		}
	}
	geometry IndexedLineSet {
		coord Coordinate {
			point [
				19.916 -2.35413 -3.68884,
				24.3926 2.38853 -9.68629,
				35.8231 14.4983 -25,
				390.375 390.118 -500,
			]
		}
		coordIndex [
			0, 1, 2, 3, -1
		]
	}
}
#---------- POLYLINE
Shape {
	appearance Appearance {
		material Material {
			diffuseColor 0.5 0.5 0.5
			emissiveColor 0.5 0.5 0.5
		}
	}
	geometry IndexedLineSet {
		coord Coordinate {
			point [
				19.7449 -2.33612 -4.00884,
				20.6831 -4.95312 -6.62428,
				27.2743 -23.3398 -25,
				197.653 -498.624 -500,
			]
		}
		coordIndex [
			0, 1, 2, 3, -1
		]
	}
}
#---------- POLYLINE
Shape {
	appearance Appearance {
		material Material {
			diffuseColor 0.5 0.5 0.5
			emissiveColor 0.5 0.5 0.5
		}
	}
	geometry IndexedLineSet {
		coord Coordinate {
			point [
				19.7449 -2.33612 -4.00884,
				19.7449 -2.33612 -4.00885,
			]
		}
		coordIndex [
			0, 1, -1
		]
	}
}
#---------- POLYLINE
Shape {
	appearance Appearance {
		material Material {
			diffuseColor 0.5 0.5 0.5
			emissiveColor 0.5 0.5 0.5
		}
	}
	geometry IndexedLineSet {
		coord Coordinate {
			point [
				21.5281 1.38243 -11.1356,
			]
		}
		coordIndex [
			0, -1
		]
	}
}
#---------- POLYLINE
Shape {
	appearance Appearance {
		material Material {
			diffuseColor 0 0 1
			emissiveColor 0 0 1
		}
	}
	geometry IndexedLineSet {
		coord Coordinate {
			point [
				21.5281 1.38243 -11.1356,
				21.6449 1.4391 -11.3408,
				21.6912 1.43501 -11.4328,
				21.6703 1.4233 -11.5157,
				21.6724 1.42416 -11.5889,
				21.7317 1.42283 -11.6011,
				21.7753 1.43464 -11.5764,
				21.8073 1.4302 -11.5664,
				21.8324 1.43315 -11.5534,
				21.8496 1.44757 -11.5483,
				21.8539 1.45486 -11.549,
				21.8541 1.45428 -11.5494,
			]
		}
		coordIndex [
			0, 1, 2, 3, 4, 5, 6, 7, 8, 9, 
			10, 11, -1
		]
	}
}
#---------- POLYLINE
Shape {
	appearance Appearance {
		material Material {
			diffuseColor 0 1 0
			emissiveColor 0 1 0
		}
	}
	geometry IndexedLineSet {
		coord Coordinate {
			point [
				21.8541 1.45428 -11.5494,
				24.984 -0.400155 -12.5636,
				47.9908 -14.0316 -20.0187,
				500 -281.845 -166.487,
			]
		}
		coordIndex [
			0, 1, 2, 3, -1
		]
	}
}
#---------- POLYLINE
Shape {
	appearance Appearance {
		material Material {
			diffuseColor 0 1 0
			emissiveColor 0 1 0
		}
	}
	geometry IndexedLineSet {
		coord Coordinate {
			point [
				21.8541 1.45428 -11.5494,
				17.2551 4.17917 -10.0591,
				-5.00043 17.3655 -2.8475,
				-12.344 21.7165 -0.467906,
				-35.3583 35.3524 6.98959,
				-500 310.651 157.551,
			]
		}
		coordIndex [
			0, 1, 2, 3, 4, 5, -1
		]
	}
}
#---------- POLYLINE
Shape {
	appearance Appearance {
		material Material {
			diffuseColor 0.5 0.5 0.5
			emissiveColor 0.5 0.5 0.5
		}
	}
	geometry IndexedLineSet {
		coord Coordinate {
			point [
				21.5281 1.38243 -11.1356,
				24.87 1.13256 -17.5529,
				28.7483 0.842591 -25,
				276.115 -17.6527 -500,
			]
		}
		coordIndex [
			0, 1, 2, 3, -1
		]
	}
}
#---------- POLYLINE
Shape {
	appearance Appearance {
		material Material {
			diffuseColor 0.5 0.5 0.5
			emissiveColor 0.5 0.5 0.5
		}
	}
	geometry IndexedLineSet {
		coord Coordinate {
			point [
				21.5281 1.38243 -11.1356,
				21.5281 1.38243 -11.1356,
			]
		}
		coordIndex [
			0, 1, -1
		]
	}
}
#---------- POLYLINE
Shape {
	appearance Appearance {
		material Material {
			diffuseColor 0.5 0.5 0.5
			emissiveColor 0.5 0.5 0.5
		}
	}
	geometry IndexedLineSet {
		coord Coordinate {
			point [
				15.5216 -1.3576 -9.29976,
			]
		}
		coordIndex [
			0, -1
		]
	}
}
#---------- POLYLINE
Shape {
	appearance Appearance {
		material Material {
			diffuseColor 0 0 1
			emissiveColor 0 0 1
		}
	}
	geometry IndexedLineSet {
		coord Coordinate {
			point [
				15.5216 -1.3576 -9.29976,
				15.4637 -1.28372 -9.3775,
				15.4 -1.24376 -9.45454,
				15.3343 -1.21612 -9.50706,
				15.283 -1.17014 -9.55484,
				15.2448 -1.14518 -9.61939,
				15.2123 -1.14796 -9.68571,
				15.1981 -1.15989 -9.75302,
				15.1983 -1.17734 -9.80981,
				15.2043 -1.20202 -9.85928,
				15.2101 -1.22392 -9.91031,
				15.2194 -1.24204 -9.95082,
				15.2363 -1.25768 -9.98629,
				15.2525 -1.26839 -10.0178,
			]
		}
		coordIndex [
			0, 1, 2, 3, 4, 5, 6, 7, 8, 9, 
			10, 11, 12, 13, -1
		]
	}
}
#---------- POLYLINE
Shape {
	appearance Appearance {
		material Material {
			diffuseColor 0 1 0
			emissiveColor 0 1 0
		}
	}
	geometry IndexedLineSet {
		coord Coordinate {
			point [
				15.2525 -1.26839 -10.0178,
				20.2127 -4.99547 -18.7679,
				23.7456 -7.65001 -25,
				293.013 -209.975 -500,
			]
		}
		coordIndex [
			0, 1, 2, 3, -1
		]
	}
}
#---------- POLYLINE
Shape {
	appearance Appearance {
		material Material {
			diffuseColor 0 1 0
			emissiveColor 0 1 0
		}
	}
	geometry IndexedLineSet {
		coord Coordinate {
			point [
				15.2525 -1.26839 -10.0178,
				15.1425 -1.18504 -9.90711,
				0.857068 9.63677 4.46173,
				-18.383 46.498 7.43037,
				-255.092 500 43.9533,
			]
		}
		coordIndex [
			0, 1, 2, 3, 4, -1
		]
	}
}
#---------- POLYLINE
Shape {
	appearance Appearance {
		material Material {
			diffuseColor 0.5 0.5 0.5
			emissiveColor 0.5 0.5 0.5
		}
	}
	geometry IndexedLineSet {
		coord Coordinate {
			point [
				15.5216 -1.3576 -9.29976,
				15.0329 0.572953 -10.473,
				11.9632 12.7016 -17.8435,
				11.0651 16.2502 -20,
				8.98266 24.478 -25,
				-111.37 500 -313.973,
			]
		}
		coordIndex [
			0, 1, 2, 3, 4, 5, -1
		]
	}
}
#---------- POLYLINE
Shape {
	appearance Appearance {
		material Material {
			diffuseColor 0.5 0.5 0.5
			emissiveColor 0.5 0.5 0.5
		}
	}
	geometry IndexedLineSet {
		coord Coordinate {
			point [
				15.5216 -1.3576 -9.29976,
				15.5216 -1.35761 -9.29975,
			]
		}
		coordIndex [
			0, 1, -1
		]
	}
}
#---------- POLYLINE
Shape {
	appearance Appearance {
		material Material {
			diffuseColor 0.5 0.5 0.5
			emissiveColor 0.5 0.5 0.5
		}
	}
	geometry IndexedLineSet {
		coord Coordinate {
			point [
				21.3263 0.206981 8.77681,
			]
		}
		coordIndex [
			0, -1
		]
	}
}
#---------- POLYLINE
Shape {
	appearance Appearance {
		material Material {
			diffuseColor 0 0 1
			emissiveColor 0 0 1
		}
	}
	geometry IndexedLineSet {
		coord Coordinate {
			point [
				21.3263 0.206981 8.77681,
				21.3651 0.482544 8.97615,
				21.2366 0.595281 9.20599,
				21.1569 0.610507 9.42659,
				21.1684 0.666453 9.60089,
				21.1763 0.636598 9.73398,
				21.2433 0.644118 9.82959,
				21.3192 0.674779 9.88504,
				21.3931 0.652906 9.92081,
				21.4488 0.682466 9.95837,
				21.4528 0.725971 9.98063,
				21.4555 0.759244 9.95873,
				21.4702 0.787562 9.95052,
				21.478 0.813701 9.94535,
				21.4682 0.825365 9.92908,
				21.4677 0.829751 9.921,
				21.4676 0.830065 9.92099,
			]
		}
		coordIndex [
			0, 1, 2, 3, 4, 5, 6, 7, 8, 9, 
			10, 11, 12, 13, 14, 15, 16, -1
		]
	}
}
#---------- POLYLINE
Shape {
	appearance Appearance {
		material Material {
			diffuseColor 0 1 0
			emissiveColor 0 1 0
		}
	}
	geometry IndexedLineSet {
		coord Coordinate {
			point [
				21.4676 0.830065 9.92099,
				20.3485 4.98784 5.51061,
				13.1765 31.6326 -22.753,
				13.7469 31.3492 -25,
				134.315 -28.5576 -500,
			]
		}
		coordIndex [
			0, 1, 2, 3, 4, -1
		]
	}
}
#---------- POLYLINE
Shape {
	appearance Appearance {
		material Material {
			diffuseColor 0 1 0
			emissiveColor 0 1 0
		}
	}
	geometry IndexedLineSet {
		coord Coordinate {
			point [
				21.4676 0.830065 9.92099,
				22.8052 -4.13897 15.1919,
				25.294 -13.3853 25,
				145.827 -461.18 500,
			]
		}
		coordIndex [
			0, 1, 2, 3, -1
		]
	}
}
#---------- POLYLINE
Shape {
	appearance Appearance {
		material Material {
			diffuseColor 0.5 0.5 0.5
			emissiveColor 0.5 0.5 0.5
		}
	}
	geometry IndexedLineSet {
		coord Coordinate {
			point [
				21.3263 0.206981 8.77681,
				22.5276 -4.31405 12.2118,
				27 -21.1452 25,
				154.241 -500 388.829,
			]
		}
		coordIndex [
			0, 1, 2, 3, -1
		]
	}
}
#---------- POLYLINE
Shape {
	appearance Appearance {
		material Material {
			diffuseColor 0.5 0.5 0.5
			emissiveColor 0.5 0.5 0.5
		}
	}
	geometry IndexedLineSet {
		coord Coordinate {
			point [
				21.3263 0.206981 8.77681,
				21.3263 0.206972 8.7768,
			]
		}
		coordIndex [
			0, 1, -1
		]
	}
}
#---------- POLYLINE
Shape {
	appearance Appearance {
		material Material {
			diffuseColor 0.5 0.5 0.5
			emissiveColor 0.5 0.5 0.5
		}
	}
	geometry IndexedLineSet {
		coord Coordinate {
			point [
				16.5796 -0.652567 9.46988,
			]
		}
		coordIndex [
			0, -1
		]
	}
}
#---------- POLYLINE
Shape {
	appearance Appearance {
		material Material {
			diffuseColor 0 0 1
			emissiveColor 0 0 1
		}
	}
	geometry IndexedLineSet {
		coord Coordinate {
			point [
				16.5796 -0.652567 9.46988,
				16.581 -0.655314 9.48496,
				16.5817 -0.655016 9.48567,
				16.5816 -0.655006 9.48565,
			]
		}
		coordIndex [
			0, 1, 2, 3, -1
		]
	}
}
#---------- POLYLINE
Shape {
	appearance Appearance {
		material Material {
			diffuseColor 0 1 0
			emissiveColor 0 1 0
		}
	}
	geometry IndexedLineSet {
		coord Coordinate {
			point [
				16.5816 -0.655006 9.48565,
				21.4521 1.9018 5.06545,
				24.1203 2.83256 5.06032,
				48.6829 11.4008 5.01303,
				500 168.834 4.14413,
			]
		}
		coordIndex [
			0, 1, 2, 3, 4, -1
		]
	}
}
#---------- POLYLINE
Shape {
	appearance Appearance {
		material Material {
			diffuseColor 0 1 0
			emissiveColor 0 1 0
		}
	}
	geometry IndexedLineSet {
		coord Coordinate {
			point [
				16.5816 -0.655006 9.48565,
				15.195 -1.3829 10.744,
				11.5329 -3.30542 14.0677,
				7.32775 -5.96968 21.4393,
				5.13359 -11.4208 15.6068,
				8.949 -12.4117 8.91203,
				13.2968 -13.5409 1.28303,
				14.0319 -13.7318 -0.00676159,
				4.23303 -8.26883 -5.88871,
				-0.0691485 -10.8752 -25,
				-106.997 -75.6549 -500,
			]
		}
		coordIndex [
			0, 1, 2, 3, 4, 5, 6, 7, 8, 9, 
			10, -1
		]
	}
}
#---------- POLYLINE
Shape {
	appearance Appearance {
		material Material {
			diffuseColor 0.5 0.5 0.5
			emissiveColor 0.5 0.5 0.5
		}
	}
	geometry IndexedLineSet {
		coord Coordinate {
			point [
				16.5796 -0.652567 9.46988,
				16.8055 3.84646 11.7971,
				18.0873 29.3709 25,
				41.7215 500 268.44,
			]
		}
		coordIndex [
			0, 1, 2, 3, -1
		]
	}
}
#---------- POLYLINE
Shape {
	appearance Appearance {
		material Material {
			diffuseColor 0.5 0.5 0.5
			emissiveColor 0.5 0.5 0.5
		}
	}
	geometry IndexedLineSet {
		coord Coordinate {
			point [
				16.5796 -0.652567 9.46988,
				16.5796 -0.652575 9.46987,
			]
		}
		coordIndex [
			0, 1, -1
		]
	}
}
#---------- POLYLINE
Shape {
	appearance Appearance {
		material Material {
			diffuseColor 0.5 0.5 0.5
			emissiveColor 0.5 0.5 0.5
		}
	}
	geometry IndexedLineSet {
		coord Coordinate {
			point [
				21.5108 -2.86493 -15.2559,
			]
		}
		coordIndex [
			0, -1
		]
	}
}
#---------- POLYLINE
Shape {
	appearance Appearance {
		material Material {
			diffuseColor 0 0 1
			emissiveColor 0 0 1
		}
	}
	geometry IndexedLineSet {
		coord Coordinate {
			point [
				21.5108 -2.86493 -15.2559,
				21.5495 -2.89298 -15.1139,
				21.5678 -2.895 -15.0566,
				21.59 -2.89869 -15.0141,
				21.6082 -2.89741 -14.9817,
				21.6153 -2.88321 -14.9537,
				21.6004 -2.87712 -14.9371,
				21.5936 -2.87306 -14.9328,
				21.5932 -2.87329 -14.9325,
			]
		}
		coordIndex [
			0, 1, 2, 3, 4, 5, 6, 7, 8, -1
		]
	}
}
#---------- POLYLINE
Shape {
	appearance Appearance {
		material Material {
			diffuseColor 0 1 0
			emissiveColor 0 1 0
		}
	}
	geometry IndexedLineSet {
		coord Coordinate {
			point [
				21.5932 -2.87329 -14.9325,
				19.4673 -4.97155 -4.04537,
				13.7958 -10.5694 25,
				-78.9559 -102.116 500,
			]
		}
		coordIndex [
			0, 1, 2, 3, -1
		]
	}
}
#---------- POLYLINE
Shape {
	appearance Appearance {
		material Material {
			diffuseColor 0 1 0
			emissiveColor 0 1 0
		}
	}
	geometry IndexedLineSet {
		coord Coordinate {
			point [
				21.5932 -2.87329 -14.9325,
				22.5828 -1.89663 -20,
				23.5591 -0.932984 -25,
				116.311 90.6133 -500,
			]
		}
		coordIndex [
			0, 1, 2, 3, -1
		]
	}
}
#---------- POLYLINE
Shape {
	appearance Appearance {
		material Material {
			diffuseColor 0.5 0.5 0.5
			emissiveColor 0.5 0.5 0.5
		}
	}
	geometry IndexedLineSet {
		coord Coordinate {
			point [
				21.5108 -2.86493 -15.2559,
				17.5799 -4.3753 -15.4733,
				-6.57577 -13.6566 -16.8091,
				-14.9829 -16.8868 -17.2741,
				-41.9283 -27.24 -18.7642,
				-500 -203.243 -44.0958,
			]
		}
		coordIndex [
			0, 1, 2, 3, 4, 5, -1
		]
	}
}
#---------- POLYLINE
Shape {
	appearance Appearance {
		material Material {
			diffuseColor 0.5 0.5 0.5
			emissiveColor 0.5 0.5 0.5
		}
	}
	geometry IndexedLineSet {
		coord Coordinate {
			point [
				21.5108 -2.86493 -15.2559,
				21.5108 -2.86493 -15.2559,
			]
		}
		coordIndex [
			0, 1, -1
		]
	}
}
#---------- POLYLINE
Shape {
	appearance Appearance {
		material Material {
			diffuseColor 0.5 0.5 0.5
			emissiveColor 0.5 0.5 0.5
		}
	}
	geometry IndexedLineSet {
		coord Coordinate {
			point [
				24.2104 1.89293 -19.2769,
			]
		}
		coordIndex [
			0, -1
		]
	}
}
#---------- POLYLINE
Shape {
	appearance Appearance {
		material Material {
			diffuseColor 0 0 1
			emissiveColor 0 0 1
		}
	}
	geometry IndexedLineSet {
		coord Coordinate {
			point [
				24.2104 1.89293 -19.2769,
				24.1809 1.88535 -19.2459,
				24.1615 1.90313 -19.2204,
				24.1522 1.91839 -19.194,
				24.1351 1.92297 -19.1744,
				24.1177 1.93028 -19.1669,
				24.1114 1.93184 -19.1695,
				24.1113 1.93179 -19.1692,
			]
		}
		coordIndex [
			0, 1, 2, 3, 4, 5, 6, 7, -1
		]
	}
}
#---------- POLYLINE
Shape {
	appearance Appearance {
		material Material {
			diffuseColor 0 1 0
			emissiveColor 0 1 0
		}
	}
	geometry IndexedLineSet {
		coord Coordinate {
			point [
				24.1113 1.93179 -19.1692,
				22.8885 4.08124 -18.1336,
				14.9441 18.0456 -11.4055,
				13.1672 21.169 -9.90067,
				-3.1775 49.8989 3.94155,
				-259.243 500 220.802,
			]
		}
		coordIndex [
			0, 1, 2, 3, 4, 5, -1
		]
	}
}
#---------- POLYLINE
Shape {
	appearance Appearance {
		material Material {
			diffuseColor 0 1 0
			emissiveColor 0 1 0
		}
	}
	geometry IndexedLineSet {
		coord Coordinate {
			point [
				24.1113 1.93179 -19.1692,
				24.9842 0.397582 -19.9084,
				30.9962 -10.1701 -25,
				309.664 -500 -261.002,
			]
		}
		coordIndex [
			0, 1, 2, 3, -1
		]
	}
}
#---------- POLYLINE
Shape {
	appearance Appearance {
		material Material {
			diffuseColor 0.5 0.5 0.5
			emissiveColor 0.5 0.5 0.5
		}
	}
	geometry IndexedLineSet {
		coord Coordinate {
			point [
				24.2104 1.89293 -19.2769,
				15.125 -1.11096 -9.06223,
				-15.1715 -11.1279 25,
				-437.658 -150.814 500,
			]
		}
		coordIndex [
			0, 1, 2, 3, -1
		]
	}
}
#---------- POLYLINE
Shape {
	appearance Appearance {
		material Material {
			diffuseColor 0.5 0.5 0.5
			emissiveColor 0.5 0.5 0.5
		}
	}
	geometry IndexedLineSet {
		coord Coordinate {
			point [
				24.2104 1.89293 -19.2769,
				24.2104 1.89294 -19.2769,
			]
		}
		coordIndex [
			0, 1, -1
		]
	}
}
#---------- POLYLINE
Shape {
	appearance Appearance {
		material Material {
			diffuseColor 0.5 0.5 0.5
			emissiveColor 0.5 0.5 0.5
		}
	}
	geometry IndexedLineSet {
		coord Coordinate {
			point [
				22.7588 2.03382 -9.34429,
			]
		}
		coordIndex [
			0, -1
		]
	}
}
#---------- POLYLINE
Shape {
	appearance Appearance {
		material Material {
			diffuseColor 0 0 1
			emissiveColor 0 0 1
		}
	}
	geometry IndexedLineSet {
		coord Coordinate {
			point [
				22.7588 2.03382 -9.34429,
				22.5905 1.90692 -9.17497,
				22.5286 1.81741 -9.01715,
				22.4453 1.8266 -8.88394,
				22.3828 1.84543 -8.77615,
				22.3724 1.8846 -8.67832,
				22.3661 1.94318 -8.6185,
				22.3695 1.98404 -8.56817,
				22.3784 2.03136 -8.5443,
				22.3715 2.06861 -8.52833,
				22.3709 2.10176 -8.51601,
				22.3662 2.12108 -8.50936,
				22.3727 2.12651 -8.50445,
				22.3725 2.12665 -8.50401,
			]
		}
		coordIndex [
			0, 1, 2, 3, 4, 5, 6, 7, 8, 9, 
			10, 11, 12, 13, -1
		]
	}
}
#---------- POLYLINE
Shape {
	appearance Appearance {
		material Material {
			diffuseColor 0 1 0
			emissiveColor 0 1 0
		}
	}
	geometry IndexedLineSet {
		coord Coordinate {
			point [
				22.3725 2.12665 -8.50401,
				21.576 2.17482 -8.79456,
				19.6482 4.98761 -9.09595,
				13.5927 13.8226 -10.0426,
				8.05289 21.9053 -10.9087,
				-10.4467 48.8965 -13.8008,
				-319.63 500 -62.1371,
			]
		}
		coordIndex [
			0, 1, 2, 3, 4, 5, 6, -1
		]
	}
}
#---------- POLYLINE
Shape {
	appearance Appearance {
		material Material {
			diffuseColor 0 1 0
			emissiveColor 0 1 0
		}
	}
	geometry IndexedLineSet {
		coord Coordinate {
			point [
				22.3725 2.12665 -8.50401,
				24.5857 1.99279 -7.69665,
				49.9979 0.455835 1.57347,
				500 -26.7608 165.73,
			]
		}
		coordIndex [
			0, 1, 2, 3, -1
		]
	}
}
#---------- POLYLINE
Shape {
	appearance Appearance {
		material Material {
			diffuseColor 0.5 0.5 0.5
			emissiveColor 0.5 0.5 0.5
		}
	}
	geometry IndexedLineSet {
		coord Coordinate {
			point [
				22.7588 2.03382 -9.34429,
				24.441 2.29731 -9.48295,
				49.6092 6.23956 -11.5575,
				500 76.7872 -48.6813,
			]
		}
		coordIndex [
			0, 1, 2, 3, -1
		]
	}
}
#---------- POLYLINE
Shape {
	appearance Appearance {
		material Material {
			diffuseColor 0.5 0.5 0.5
			emissiveColor 0.5 0.5 0.5
		}
	}
	geometry IndexedLineSet {
		coord Coordinate {
			point [
				22.7588 2.03382 -9.34429,
				22.7588 2.03382 -9.3443,
			]
		}
		coordIndex [
			0, 1, -1
		]
	}
}
#---------- POLYLINE
Shape {
	appearance Appearance {
		material Material {
			diffuseColor 0.5 0.5 0.5
			emissiveColor 0.5 0.5 0.5
		}
	}
	geometry IndexedLineSet {
		coord Coordinate {
			point [
				10.739 18.7729 -14.424,
			]
		}
		coordIndex [
			0, -1
		]
	}
}
#---------- POLYLINE
Shape {
	appearance Appearance {
		material Material {
			diffuseColor 0 0 1
			emissiveColor 0 0 1
		}
	}
	geometry IndexedLineSet {
		coord Coordinate {
			point [
				10.739 18.7729 -14.424,
				10.6456 18.8532 -14.4415,
				10.6216 18.8902 -14.4511,
				10.6285 18.9206 -14.4656,
				10.6308 18.9439 -14.4504,
				10.6267 18.9653 -14.4461,
				10.6274 18.975 -14.4469,
				10.6277 18.9749 -14.4474,
			]
		}
		coordIndex [
			0, 1, 2, 3, 4, 5, 6, 7, -1
		]
	}
}
#---------- POLYLINE
Shape {
	appearance Appearance {
		material Material {
			diffuseColor 0 1 0
			emissiveColor 0 1 0
		}
	}
	geometry IndexedLineSet {
		coord Coordinate {
			point [
				10.6277 18.9749 -14.4474,
				5.20382 15.887 -9.78792,
				-16.474 3.54508 8.83473,
				-24.8482 -1.22261 16.0287,
				-35.2913 -7.16821 25,
				-500 -271.741 424.214,
			]
		}
		coordIndex [
			0, 1, 2, 3, 4, 5, -1
		]
	}
}
#---------- POLYLINE
Shape {
	appearance Appearance {
		material Material {
			diffuseColor 0 1 0
			emissiveColor 0 1 0
		}
	}
	geometry IndexedLineSet {
		coord Coordinate {
			point [
				10.6277 18.9749 -14.4474,
				13.6632 20.7031 -17.055,
				22.9116 25.9685 -25,
				500 297.59 -434.849,
			]
		}
		coordIndex [
			0, 1, 2, 3, -1
		]
	}
}
#---------- POLYLINE
Shape {
	appearance Appearance {
		material Material {
			diffuseColor 0.5 0.5 0.5
			emissiveColor 0.5 0.5 0.5
		}
	}
	geometry IndexedLineSet {
		coord Coordinate {
			point [
				10.739 18.7729 -14.424,
				11.3261 12.479 -12.4792,
				13.8005 -14.051 -4.28108,
				14.3358 -19.7902 -2.50759,
				16.8796 -47.0646 5.92053,
				59.1245 -500 145.883,
			]
		}
		coordIndex [
			0, 1, 2, 3, 4, 5, -1
		]
	}
}
#---------- POLYLINE
Shape {
	appearance Appearance {
		material Material {
			diffuseColor 0.5 0.5 0.5
			emissiveColor 0.5 0.5 0.5
		}
	}
	geometry IndexedLineSet {
		coord Coordinate {
			point [
				10.739 18.7729 -14.424,
				10.739 18.7729 -14.424,
			]
		}
		coordIndex [
			0, 1, -1
		]
	}
}
#---------- POLYLINE
Shape {
	appearance Appearance {
		material Material {
			diffuseColor 0.5 0.5 0.5
			emissiveColor 0.5 0.5 0.5
		}
	}
	geometry IndexedLineSet {
		coord Coordinate {
			point [
				10.9098 20.6259 7.12541,
			]
		}
		coordIndex [
			0, -1
		]
	}
}
#---------- POLYLINE
Shape {
	appearance Appearance {
		material Material {
			diffuseColor 0 0 1
			emissiveColor 0 0 1
		}
	}
	geometry IndexedLineSet {
		coord Coordinate {
			point [
				10.9098 20.6259 7.12541,
				10.9436 20.6144 7.10696,
				10.9683 20.6192 7.08694,
				10.9803 20.6308 7.06641,
				10.9813 20.6409 7.06841,
				10.9812 20.6414 7.06827,
			]
		}
		coordIndex [
			0, 1, 2, 3, 4, 5, -1
		]
	}
}
#---------- POLYLINE
Shape {
	appearance Appearance {
		material Material {
			diffuseColor 0 1 0
			emissiveColor 0 1 0
		}
	}
	geometry IndexedLineSet {
		coord Coordinate {
			point [
				10.9812 20.6414 7.06827,
				13.8164 20.5304 2.92888,
				32.9458 19.7811 -25,
				358.289 7.03882 -500,
			]
		}
		coordIndex [
			0, 1, 2, 3, -1
		]
	}
}
#---------- POLYLINE
Shape {
	appearance Appearance {
		material Material {
			diffuseColor 0 1 0
			emissiveColor 0 1 0
		}
	}
	geometry IndexedLineSet {
		coord Coordinate {
			point [
				10.9812 20.6414 7.06827,
				6.44796 20.8189 13.6868,
				-0.985152 21.1101 24.5391,
				-2.36908 20.77 25,
				-500 -101.504 190.734,
			]
		}
		coordIndex [
			0, 1, 2, 3, 4, -1
		]
	}
}
#---------- POLYLINE
Shape {
	appearance Appearance {
		material Material {
			diffuseColor 0.5 0.5 0.5
			emissiveColor 0.5 0.5 0.5
		}
	}
	geometry IndexedLineSet {
		coord Coordinate {
			point [
				10.9098 20.6259 7.12541,
				10.6249 22.2608 6.14659,
				5.85032 49.6566 -10.2551,
				-72.6356 500 -279.874,
			]
		}
		coordIndex [
			0, 1, 2, 3, -1
		]
	}
}
#---------- POLYLINE
Shape {
	appearance Appearance {
		material Material {
			diffuseColor 0.5 0.5 0.5
			emissiveColor 0.5 0.5 0.5
		}
	}
	geometry IndexedLineSet {
		coord Coordinate {
			point [
				10.9098 20.6259 7.12541,
				10.9098 20.6259 7.12542,
			]
		}
		coordIndex [
			0, 1, -1
		]
	}
}
#---------- POLYLINE
Shape {
	appearance Appearance {
		material Material {
			diffuseColor 0.5 0.5 0.5
			emissiveColor 0.5 0.5 0.5
		}
	}
	geometry IndexedLineSet {
		coord Coordinate {
			point [
				5.12408 17.3399 14.6014,
			]
		}
		coordIndex [
			0, -1
		]
	}
}
#---------- POLYLINE
Shape {
	appearance Appearance {
		material Material {
			diffuseColor 0 0 1
			emissiveColor 0 0 1
		}
	}
	geometry IndexedLineSet {
		coord Coordinate {
			point [
				5.12408 17.3399 14.6014,
				5.13073 17.3367 14.6274,
				5.13817 17.3369 14.6518,
				5.14739 17.3317 14.6736,
				5.15565 17.3258 14.6944,
				5.16284 17.3248 14.7151,
				5.17295 17.3283 14.7326,
				5.18427 17.3323 14.7483,
				5.19585 17.3382 14.7622,
				5.20442 17.343 14.7741,
				5.25005 17.3286 14.7995,
				5.28395 17.3502 14.8125,
				5.31671 17.3436 14.8024,
				5.34597 17.3437 14.8081,
				5.36391 17.3604 14.81,
				5.37846 17.3716 14.8041,
				5.3786 17.372 14.8044,
			]
		}
		coordIndex [
			0, 1, 2, 3, 4, 5, 6, 7, 8, 9, 
			10, 11, 12, 13, 14, 15, 16, -1
		]
	}
}
#---------- POLYLINE
Shape {
	appearance Appearance {
		material Material {
			diffuseColor 0 1 0
			emissiveColor 0 1 0
		}
	}
	geometry IndexedLineSet {
		coord Coordinate {
			point [
				5.3786 17.372 14.8044,
				10.8866 12.3792 17.8828,
				23.6208 0.836256 25,
				500 -430.978 291.248,
			]
		}
		coordIndex [
			0, 1, 2, 3, -1
		]
	}
}
#---------- POLYLINE
Shape {
	appearance Appearance {
		material Material {
			diffuseColor 0 1 0
			emissiveColor 0 1 0
		}
	}
	geometry IndexedLineSet {
		coord Coordinate {
			point [
				5.3786 17.372 14.8044,
				5.01607 17.7006 14.6018,
				-16.4627 37.17 2.5973,
				-31.4934 38.8351 4.80217,
				-500 90.7346 73.5277,
			]
		}
		coordIndex [
			0, 1, 2, 3, 4, -1
		]
	}
}
#---------- POLYLINE
Shape {
	appearance Appearance {
		material Material {
			diffuseColor 0.5 0.5 0.5
			emissiveColor 0.5 0.5 0.5
		}
	}
	geometry IndexedLineSet {
		coord Coordinate {
			point [
				5.12408 17.3399 14.6014,
				14.4117 19.653 11.0527,
				42.3329 26.6068 0.384088,
				500 140.59 -174.489,
			]
		}
		coordIndex [
			0, 1, 2, 3, -1
		]
	}
}
#---------- POLYLINE
Shape {
	appearance Appearance {
		material Material {
			diffuseColor 0.5 0.5 0.5
			emissiveColor 0.5 0.5 0.5
		}
	}
	geometry IndexedLineSet {
		coord Coordinate {
			point [
				5.12408 17.3399 14.6014,
				5.12407 17.3399 14.6014,
			]
		}
		coordIndex [
			0, 1, -1
		]
	}
}
#---------- POLYLINE
Shape {
	appearance Appearance {
		material Material {
			diffuseColor 0.5 0.5 0.5
			emissiveColor 0.5 0.5 0.5
		}
	}
	geometry IndexedLineSet {
		coord Coordinate {
			point [
				11.5475 20.5421 4.12588,
			]
		}
		coordIndex [
			0, -1
		]
	}
}
#---------- POLYLINE
Shape {
	appearance Appearance {
		material Material {
			diffuseColor 0 0 1
			emissiveColor 0 0 1
		}
	}
	geometry IndexedLineSet {
		coord Coordinate {
			point [
				11.5475 20.5421 4.12588,
				11.6082 20.5331 4.18296,
				11.659 20.5177 4.23145,
				11.7109 20.4947 4.26135,
				11.7407 20.4947 4.3039,
				11.7492 20.5104 4.34521,
				11.727 20.5372 4.33846,
				11.7155 20.5187 4.32739,
				11.7029 20.5115 4.3171,
				11.7008 20.5092 4.31436,
			]
		}
		coordIndex [
			0, 1, 2, 3, 4, 5, 6, 7, 8, 9, -1
		]
	}
}
#---------- POLYLINE
Shape {
	appearance Appearance {
		material Material {
			diffuseColor 0 1 0
			emissiveColor 0 1 0
		}
	}
	geometry IndexedLineSet {
		coord Coordinate {
			point [
				11.7008 20.5092 4.31436,
				11.9145 21.9189 5.54879,
				14.6988 40.2857 21.6314,
				12.9751 41.0435 25,
				-230.07 147.907 500,
			]
		}
		coordIndex [
			0, 1, 2, 3, 4, -1
		]
	}
}
#---------- POLYLINE
Shape {
	appearance Appearance {
		material Material {
			diffuseColor 0 1 0
			emissiveColor 0 1 0
		}
	}
	geometry IndexedLineSet {
		coord Coordinate {
			point [
				11.7008 20.5092 4.31436,
				10.4596 12.3212 -2.85537,
				6.62592 -12.9686 -25,
				-67.2035 -500 -451.463,
			]
		}
		coordIndex [
			0, 1, 2, 3, -1
		]
	}
}
#---------- POLYLINE
Shape {
	appearance Appearance {
		material Material {
			diffuseColor 0.5 0.5 0.5
			emissiveColor 0.5 0.5 0.5
		}
	}
	geometry IndexedLineSet {
		coord Coordinate {
			point [
				11.5475 20.5421 4.12588,
				13.6215 20.7474 8.20517,
				22.1603 21.5927 25,
				263.658 45.498 500,
			]
		}
		coordIndex [
			0, 1, 2, 3, -1
		]
	}
}
#---------- POLYLINE
Shape {
	appearance Appearance {
		material Material {
			diffuseColor 0.5 0.5 0.5
			emissiveColor 0.5 0.5 0.5
		}
	}
	geometry IndexedLineSet {
		coord Coordinate {
			point [
				11.5475 20.5421 4.12588,
				11.5475 20.5421 4.12587,
			]
		}
		coordIndex [
			0, 1, -1
		]
	}
}
#---------- POLYLINE
Shape {
	appearance Appearance {
		material Material {
			diffuseColor 0.5 0.5 0.5
			emissiveColor 0.5 0.5 0.5
		}
	}
	geometry IndexedLineSet {
		coord Coordinate {
			point [
				9.58097 20.5559 2.37432,
			]
		}
		coordIndex [
			0, -1
		]
	}
}
#---------- POLYLINE
Shape {
	appearance Appearance {
		material Material {
			diffuseColor 0 0 1
			emissiveColor 0 0 1
		}
	}
	geometry IndexedLineSet {
		coord Coordinate {
			point [
				9.58097 20.5559 2.37432,
				9.58314 20.565 2.37206,
				9.58306 20.5653 2.37242,
			]
		}
		coordIndex [
			0, 1, 2, -1
		]
	}
}
#---------- POLYLINE
Shape {
	appearance Appearance {
		material Material {
			diffuseColor 0 1 0
			emissiveColor 0 1 0
		}
	}
	geometry IndexedLineSet {
		coord Coordinate {
			point [
				9.58306 20.5653 2.37242,
				14.3168 19.823 -3.68338,
				30.9795 17.2101 -25,
				402.278 -41.0147 -500,
			]
		}
		coordIndex [
			0, 1, 2, 3, -1
		]
	}
}
#---------- POLYLINE
Shape {
	appearance Appearance {
		material Material {
			diffuseColor 0 1 0
			emissiveColor 0 1 0
		}
	}
	geometry IndexedLineSet {
		coord Coordinate {
			point [
				9.58306 20.5653 2.37242,
				6.66276 21.0233 6.10834,
				-8.10447 23.339 25,
				-379.402 81.5638 500,
			]
		}
		coordIndex [
			0, 1, 2, 3, -1
		]
	}
}
#---------- POLYLINE
Shape {
	appearance Appearance {
		material Material {
			diffuseColor 0.5 0.5 0.5
			emissiveColor 0.5 0.5 0.5
		}
	}
	geometry IndexedLineSet {
		coord Coordinate {
			point [
				9.58097 20.5559 2.37432,
				8.00962 21.8868 0.443661,
				-12.6988 39.4257 -25,
				-399.298 366.855 -500,
			]
		}
		coordIndex [
			0, 1, 2, 3, -1
		]
	}
}
#---------- POLYLINE
Shape {
	appearance Appearance {
		material Material {
			diffuseColor 0.5 0.5 0.5
			emissiveColor 0.5 0.5 0.5
		}
	}
	geometry IndexedLineSet {
		coord Coordinate {
			point [
				9.58097 20.5559 2.37432,
				9.58097 20.5559 2.37433,
			]
		}
		coordIndex [
			0, 1, -1
		]
	}
}
#---------- POLYLINE
Shape {
	appearance Appearance {
		material Material {
			diffuseColor 0.5 0.5 0.5
			emissiveColor 0.5 0.5 0.5
		}
	}
	geometry IndexedLineSet {
		coord Coordinate {
			point [
				12.0984 21.178 4.36312,
			]
		}
		coordIndex [
			0, -1
		]
	}
}
#---------- POLYLINE
Shape {
	appearance Appearance {
		material Material {
			diffuseColor 0 0 1
			emissiveColor 0 0 1
		}
	}
	geometry IndexedLineSet {
		coord Coordinate {
			point [
				12.0984 21.178 4.36312,
				12.1179 21.1788 4.32043,
				12.1717 21.207 4.2074,
				12.2087 21.1926 4.10763,
				12.2182 21.1781 4.07874,
				12.2251 21.1613 4.05734,
				12.2444 21.1637 4.0472,
				12.25 21.166 4.04469,
				12.2501 21.1664 4.04459,
			]
		}
		coordIndex [
			0, 1, 2, 3, 4, 5, 6, 7, 8, -1
		]
	}
}
#---------- POLYLINE
Shape {
	appearance Appearance {
		material Material {
			diffuseColor 0 1 0
			emissiveColor 0 1 0
		}
	}
	geometry IndexedLineSet {
		coord Coordinate {
			point [
				12.2501 21.1664 4.04459,
				11.9374 21.7631 3.67617,
				13.6411 20.7267 5.81993,
				28.8836 11.4547 25,
				406.37 -218.171 500,
			]
		}
		coordIndex [
			0, 1, 2, 3, 4, -1
		]
	}
}
#---------- POLYLINE
Shape {
	appearance Appearance {
		material Material {
			diffuseColor 0 1 0
			emissiveColor 0 1 0
		}
	}
	geometry IndexedLineSet {
		coord Coordinate {
			point [
				12.2501 21.1664 4.04459,
				14.8698 16.1665 7.13177,
				20.7502 4.9434 14.0614,
				24.4915 -2.19699 18.4702,
				30.0325 -12.7724 25,
				285.319 -500 325.837,
			]
		}
		coordIndex [
			0, 1, 2, 3, 4, 5, -1
		]
	}
}
#---------- POLYLINE
Shape {
	appearance Appearance {
		material Material {
			diffuseColor 0.5 0.5 0.5
			emissiveColor 0.5 0.5 0.5
		}
	}
	geometry IndexedLineSet {
		coord Coordinate {
			point [
				12.0984 21.178 4.36312,
				14.9834 17.7067 6.23152,
				43.9645 -17.1628 25,
				445.265 -500 284.887,
			]
		}
		coordIndex [
			0, 1, 2, 3, -1
		]
	}
}
#---------- POLYLINE
Shape {
	appearance Appearance {
		material Material {
			diffuseColor 0.5 0.5 0.5
			emissiveColor 0.5 0.5 0.5
		}
	}
	geometry IndexedLineSet {
		coord Coordinate {
			point [
				12.0984 21.178 4.36312,
				12.0984 21.178 4.36313,
			]
		}
		coordIndex [
			0, 1, -1
		]
	}
}
#---------- POLYLINE
Shape {
	appearance Appearance {
		material Material {
			diffuseColor 0.5 0.5 0.5
			emissiveColor 0.5 0.5 0.5
		}
	}
	geometry IndexedLineSet {
		coord Coordinate {
			point [
				9.95199 14.8962 4.44386,
			]
		}
		coordIndex [
			0, -1
		]
	}
}
#---------- POLYLINE
Shape {
	appearance Appearance {
		material Material {
			diffuseColor 0 0 1
			emissiveColor 0 0 1
		}
	}
	geometry IndexedLineSet {
		coord Coordinate {
			point [
				9.95199 14.8962 4.44386,
				9.97367 14.8979 4.50247,
				9.98817 14.9093 4.54646,
				10.0043 14.9318 4.57535,
				10.012 14.9141 4.60372,
				10.022 14.8928 4.62049,
				10.0056 14.8822 4.62759,
				10.0076 14.8808 4.63358,
				10.0076 14.8807 4.63398,
			]
		}
		coordIndex [
			0, 1, 2, 3, 4, 5, 6, 7, 8, -1
		]
	}
}
#---------- POLYLINE
Shape {
	appearance Appearance {
		material Material {
			diffuseColor 0 1 0
			emissiveColor 0 1 0
		}
	}
	geometry IndexedLineSet {
		coord Coordinate {
			point [
				10.0076 14.8807 4.63398,
				8.27475 12.6071 6.43556,
				2.11814 4.52918 12.8365,
				-3.80556 -3.24311 18.9952,
				-9.58114 -10.8211 25,
				-382.411 -500 412.625,
			]
		}
		coordIndex [
			0, 1, 2, 3, 4, 5, -1
		]
	}
}
#---------- POLYLINE
Shape {
	appearance Appearance {
		material Material {
			diffuseColor 0 1 0
			emissiveColor 0 1 0
		}
	}
	geometry IndexedLineSet {
		coord Coordinate {
			point [
				10.0076 14.8807 4.63398,
				14.0676 20.2077 0.412847,
				29.4579 40.4009 -15.5882,
				379.744 500 -379.774,
			]
		}
		coordIndex [
			0, 1, 2, 3, -1
		]
	}
}
#---------- POLYLINE
Shape {
	appearance Appearance {
		material Material {
			diffuseColor 0.5 0.5 0.5
			emissiveColor 0.5 0.5 0.5
		}
	}
	geometry IndexedLineSet {
		coord Coordinate {
			point [
				9.95199 14.8962 4.44386,
				14.8943 18.3227 4.35475,
				36.99 33.6414 3.95635,
				500 354.642 -4.39193,
			]
		}
		coordIndex [
			0, 1, 2, 3, -1
		]
	}
}
#---------- POLYLINE
Shape {
	appearance Appearance {
		material Material {
			diffuseColor 0.5 0.5 0.5
			emissiveColor 0.5 0.5 0.5
		}
	}
	geometry IndexedLineSet {
		coord Coordinate {
			point [
				9.95199 14.8962 4.44386,
				9.95198 14.8962 4.44385,
			]
		}
		coordIndex [
			0, 1, -1
		]
	}
}
#---------- POLYLINE
Shape {
	appearance Appearance {
		material Material {
			diffuseColor 0.5 0.5 0.5
			emissiveColor 0.5 0.5 0.5
		}
	}
	geometry IndexedLineSet {
		coord Coordinate {
			point [
				12.1331 21.4982 -17.8346,
			]
		}
		coordIndex [
			0, -1
		]
	}
}
#---------- POLYLINE
Shape {
	appearance Appearance {
		material Material {
			diffuseColor 0 0 1
			emissiveColor 0 0 1
		}
	}
	geometry IndexedLineSet {
		coord Coordinate {
			point [
				12.1331 21.4982 -17.8346,
				12.1955 21.4373 -17.8888,
				12.2504 21.3835 -17.9446,
				12.3071 21.3222 -17.9801,
				12.3517 21.2488 -17.9923,
				12.3861 21.1777 -18.0091,
				12.4124 21.1087 -18.0251,
				12.4189 21.0403 -18.0323,
				12.4086 20.9787 -18.0511,
				12.4011 20.9194 -18.0668,
				12.3979 20.8621 -18.0538,
				12.3803 20.7129 -18.0089,
				12.3496 20.5867 -17.9711,
				12.2693 20.5645 -17.8894,
				12.1797 20.5429 -17.8663,
				12.1074 20.5819 -17.8606,
				12.0723 20.6249 -17.829,
				12.1262 20.6178 -17.8282,
				12.1479 20.6571 -17.8358,
				12.1541 20.678 -17.8635,
				12.1454 20.6991 -17.8799,
				12.1245 20.6913 -17.8888,
				12.1189 20.696 -17.9051,
				12.1191 20.6968 -17.9052,
			]
		}
		coordIndex [
			0, 1, 2, 3, 4, 5, 6, 7, 8, 9, 
			10, 11, 12, 13, 14, 15, 16, 17, 18, 19, 
			20, 21, 22, 23, -1
		]
	}
}
#---------- POLYLINE
Shape {
	appearance Appearance {
		material Material {
			diffuseColor 0 1 0
			emissiveColor 0 1 0
		}
	}
	geometry IndexedLineSet {
		coord Coordinate {
			point [
				12.1191 20.6968 -17.9052,
				12.6655 21.5303 -18.0437,
				26.3921 42.4671 -21.5238,
				326.359 500 -97.5741,
			]
		}
		coordIndex [
			0, 1, 2, 3, -1
		]
	}
}
#---------- POLYLINE
Shape {
	appearance Appearance {
		material Material {
			diffuseColor 0 1 0
			emissiveColor 0 1 0
		}
	}
	geometry IndexedLineSet {
		coord Coordinate {
			point [
				12.1191 20.6968 -17.9052,
				7.18351 13.1687 -16.6539,
				1.64536 4.72152 -15.2498,
				-3.67379 -3.39165 -13.9012,
				-9.52886 -12.3222 -12.4168,
				-14.377 -19.717 -11.1876,
				-27.759 -40.1282 -7.79493,
				-11.3462 -34.3754 -25,
				441.78 124.45 -500,
			]
		}
		coordIndex [
			0, 1, 2, 3, 4, 5, 6, 7, 8, -1
		]
	}
}
#---------- POLYLINE
Shape {
	appearance Appearance {
		material Material {
			diffuseColor 0.5 0.5 0.5
			emissiveColor 0.5 0.5 0.5
		}
	}
	geometry IndexedLineSet {
		coord Coordinate {
			point [
				12.1331 21.4982 -17.8346,
				6.85465 13.4133 -10.3258,
				1.25704 4.83941 -2.36297,
				-3.92485 -3.09767 5.0085,
				-9.93307 -12.3004 13.5555,
				-14.4633 -19.2395 20,
				-17.9782 -24.6231 25,
				-328.338 -500 466.501,
			]
		}
		coordIndex [
			0, 1, 2, 3, 4, 5, 6, 7, -1
		]
	}
}
#---------- POLYLINE
Shape {
	appearance Appearance {
		material Material {
			diffuseColor 0.5 0.5 0.5
			emissiveColor 0.5 0.5 0.5
		}
	}
	geometry IndexedLineSet {
		coord Coordinate {
			point [
				12.1331 21.4982 -17.8346,
				12.1331 21.4982 -17.8346,
			]
		}
		coordIndex [
			0, 1, -1
		]
	}
}
#---------- POLYLINE
Shape {
	appearance Appearance {
		material Material {
			diffuseColor 0.5 0.5 0.5
			emissiveColor 0.5 0.5 0.5
		}
	}
	geometry IndexedLineSet {
		coord Coordinate {
			point [
				14.2174 17.554 -10.7573,
			]
		}
		coordIndex [
			0, -1
		]
	}
}
#---------- POLYLINE
Shape {
	appearance Appearance {
		material Material {
			diffuseColor 0 0 1
			emissiveColor 0 0 1
		}
	}
	geometry IndexedLineSet {
		coord Coordinate {
			point [
				14.2174 17.554 -10.7573,
				14.1801 17.6417 -10.7764,
				14.1481 17.7128 -10.8185,
				14.1114 17.7704 -10.8694,
				14.0825 17.8343 -10.9086,
				14.0799 17.9036 -10.9366,
				14.0942 18.0787 -11.0067,
				14.1242 18.2373 -11.0025,
				14.0165 18.2065 -10.9446,
				13.9138 18.2016 -10.912,
				13.8608 18.188 -10.8387,
				13.8412 18.1765 -10.7648,
				13.8203 18.194 -10.7048,
				13.7896 18.1918 -10.6573,
				13.7538 18.1758 -10.6488,
				13.7343 18.1546 -10.6646,
				13.7173 18.1626 -10.6822,
				13.7165 18.1629 -10.6819,
			]
		}
		coordIndex [
			0, 1, 2, 3, 4, 5, 6, 7, 8, 9, 
			10, 11, 12, 13, 14, 15, 16, 17, -1
		]
	}
}
#---------- POLYLINE
Shape {
	appearance Appearance {
		material Material {
			diffuseColor 0 1 0
			emissiveColor 0 1 0
		}
	}
	geometry IndexedLineSet {
		coord Coordinate {
			point [
				13.7165 18.1629 -10.6819,
				14.9329 18.1165 -9.74566,
				47.0609 16.89 14.984,
				500 -0.40115 363.621,
			]
		}
		coordIndex [
			0, 1, 2, 3, -1
		]
	}
}
#---------- POLYLINE
Shape {
	appearance Appearance {
		material Material {
			diffuseColor 0 1 0
			emissiveColor 0 1 0
		}
	}
	geometry IndexedLineSet {
		coord Coordinate {
			point [
				13.7165 18.1629 -10.6819,
				5.14372 18.4902 -17.2806,
				-4.88513 18.873 -25,
				-500 37.7743 -406.1,
			]
		}
		coordIndex [
			0, 1, 2, 3, -1
		]
	}
}
#---------- POLYLINE
Shape {
	appearance Appearance {
		material Material {
			diffuseColor 0.5 0.5 0.5
			emissiveColor 0.5 0.5 0.5
		}
	}
	geometry IndexedLineSet {
		coord Coordinate {
			point [
				14.2174 17.554 -10.7573,
				6.91746 21.2367 7.56543,
				-0.0286038 24.741 25,
				-189.272 120.213 500,
			]
		}
		coordIndex [
			0, 1, 2, 3, -1
		]
	}
}
#---------- POLYLINE
Shape {
	appearance Appearance {
		material Material {
			diffuseColor 0.5 0.5 0.5
			emissiveColor 0.5 0.5 0.5
		}
	}
	geometry IndexedLineSet {
		coord Coordinate {
			point [
				14.2174 17.554 -10.7573,
				14.2174 17.554 -10.7573,
			]
		}
		coordIndex [
			0, 1, -1
		]
	}
}
#---------- POLYLINE
Shape {
	appearance Appearance {
		material Material {
			diffuseColor 0.5 0.5 0.5
			emissiveColor 0.5 0.5 0.5
		}
	}
	geometry IndexedLineSet {
		coord Coordinate {
			point [
				7.67868 15.1964 19.127,
			]
		}
		coordIndex [
			0, -1
		]
	}
}
#---------- POLYLINE
Shape {
	appearance Appearance {
		material Material {
			diffuseColor 0 0 1
			emissiveColor 0 0 1
		}
	}
	geometry IndexedLineSet {
		coord Coordinate {
			point [
				7.67868 15.1964 19.127,
				7.67867 15.1965 19.127,
			]
		}
		coordIndex [
			0, 1, -1
		]
	}
}
#---------- POLYLINE
Shape {
	appearance Appearance {
		material Material {
			diffuseColor 0 1 0
			emissiveColor 0 1 0
		}
	}
	geometry IndexedLineSet {
		coord Coordinate {
			point [
				7.67867 15.1965 19.127,
				6.47452 14.8494 20,
				-0.422133 12.8615 25,
				-500 -131.142 387.189,
			]
		}
		coordIndex [
			0, 1, 2, 3, -1
		]
	}
}
#---------- POLYLINE
Shape {
	appearance Appearance {
		material Material {
			diffuseColor 0 1 0
			emissiveColor 0 1 0
		}
	}
	geometry IndexedLineSet {
		coord Coordinate {
			point [
				7.67867 15.1965 19.127,
				15 17.3069 13.8191,
				20.8574 18.9953 9.57258,
				39.1424 31.1106 3.76449,
				500 336.465 -142.623,
			]
		}
		coordIndex [
			0, 1, 2, 3, 4, -1
		]
	}
}
#---------- POLYLINE
Shape {
	appearance Appearance {
		material Material {
			diffuseColor 0.5 0.5 0.5
			emissiveColor 0.5 0.5 0.5
		}
	}
	geometry IndexedLineSet {
		coord Coordinate {
			point [
				7.67868 15.1964 19.127,
				5.03066 16.7471 17.6122,
				-31.9904 38.4268 -3.56506,
				-500 312.495 -271.282,
			]
		}
		coordIndex [
			0, 1, 2, 3, -1
		]
	}
}
#---------- POLYLINE
Shape {
	appearance Appearance {
		material Material {
			diffuseColor 0.5 0.5 0.5
			emissiveColor 0.5 0.5 0.5
		}
	}
	geometry IndexedLineSet {
		coord Coordinate {
			point [
				7.67868 15.1964 19.127,
				7.67869 15.1964 19.127,
			]
		}
		coordIndex [
			0, 1, -1
		]
	}
}
#---------- POLYLINE
Shape {
	appearance Appearance {
		material Material {
			diffuseColor 0.5 0.5 0.5
			emissiveColor 0.5 0.5 0.5
		}
	}
	geometry IndexedLineSet {
		coord Coordinate {
			point [
				-12.24 13.421 18.8511,
			]
		}
		coordIndex [
			0, -1
		]
	}
}
#---------- POLYLINE
Shape {
	appearance Appearance {
		material Material {
			diffuseColor 0 0 1
			emissiveColor 0 0 1
		}
	}
	geometry IndexedLineSet {
		coord Coordinate {
			point [
				-12.24 13.421 18.8511,
				-12.266 13.3996 18.8603,
				-12.2852 13.3805 18.8558,
				-12.2842 13.3588 18.8474,
				-12.2837 13.3591 18.8475,
			]
		}
		coordIndex [
			0, 1, 2, 3, 4, -1
		]
	}
}
#---------- POLYLINE
Shape {
	appearance Appearance {
		material Material {
			diffuseColor 0 1 0
			emissiveColor 0 1 0
		}
	}
	geometry IndexedLineSet {
		coord Coordinate {
			point [
				-12.2837 13.3591 18.8475,
				-12.7417 14.1364 20,
				-14.2981 16.7776 23.9165,
				-12.4334 18.7465 25,
				443.335 500 289.843,
			]
		}
		coordIndex [
			0, 1, 2, 3, 4, -1
		]
	}
}
#---------- POLYLINE
Shape {
	appearance Appearance {
		material Material {
			diffuseColor 0 1 0
			emissiveColor 0 1 0
		}
	}
	geometry IndexedLineSet {
		coord Coordinate {
			point [
				-12.2837 13.3591 18.8475,
				-11.8744 12.6646 17.8177,
				-4.96086 0.932493 0.420778,
				-11.3005 2.53283 -25,
				-129.76 32.4359 -500,
			]
		}
		coordIndex [
			0, 1, 2, 3, 4, -1
		]
	}
}
#---------- POLYLINE
Shape {
	appearance Appearance {
		material Material {
			diffuseColor 0.5 0.5 0.5
			emissiveColor 0.5 0.5 0.5
		}
	}
	geometry IndexedLineSet {
		coord Coordinate {
			point [
				-12.24 13.421 18.8511,
				-12.7609 13.1314 18.7728,
				-49.467 -7.28125 13.2531,
				-500 -257.827 -54.4967,
			]
		}
		coordIndex [
			0, 1, 2, 3, -1
		]
	}
}
#---------- POLYLINE
Shape {
	appearance Appearance {
		material Material {
			diffuseColor 0.5 0.5 0.5
			emissiveColor 0.5 0.5 0.5
		}
	}
	geometry IndexedLineSet {
		coord Coordinate {
			point [
				-12.24 13.421 18.8511,
				-12.24 13.421 18.8511,
			]
		}
		coordIndex [
			0, 1, -1
		]
	}
}
#---------- POLYLINE
Shape {
	appearance Appearance {
		material Material {
			diffuseColor 0.5 0.5 0.5
			emissiveColor 0.5 0.5 0.5
		}
	}
	geometry IndexedLineSet {
		coord Coordinate {
			point [
				-6.82134 20.5563 -18.933,
			]
		}
		coordIndex [
			0, -1
		]
	}
}
#---------- POLYLINE
Shape {
	appearance Appearance {
		material Material {
			diffuseColor 0 0 1
			emissiveColor 0 0 1
		}
	}
	geometry IndexedLineSet {
		coord Coordinate {
			point [
				-6.82134 20.5563 -18.933,
				-6.83925 20.5874 -18.9721,
				-6.85794 20.6077 -19.0085,
				-6.86584 20.6068 -19.045,
				-6.87958 20.5909 -19.0692,
				-6.89838 20.5863 -19.0871,
				-6.89152 20.5927 -19.1041,
				-6.88546 20.5931 -19.1033,
				-6.8855 20.5931 -19.1032,
			]
		}
		coordIndex [
			0, 1, 2, 3, 4, 5, 6, 7, 8, -1
		]
	}
}
#---------- POLYLINE
Shape {
	appearance Appearance {
		material Material {
			diffuseColor 0 1 0
			emissiveColor 0 1 0
		}
	}
	geometry IndexedLineSet {
		coord Coordinate {
			point [
				-6.8855 20.5931 -19.1032,
				-5.97294 20.2636 -18.6309,
				5.10902 16.2616 -12.8957,
				13.099 13.3762 -8.76066,
				50 0.0502293 10.3367,
				500 -162.457 243.225,
			]
		}
		coordIndex [
			0, 1, 2, 3, 4, 5, -1
		]
	}
}
#---------- POLYLINE
Shape {
	appearance Appearance {
		material Material {
			diffuseColor 0 1 0
			emissiveColor 0 1 0
		}
	}
	geometry IndexedLineSet {
		coord Coordinate {
			point [
				-6.8855 20.5931 -19.1032,
				-8.61831 21.2189 -20,
				-18.2796 24.7078 -25,
				-500 198.67 -274.305,
			]
		}
		coordIndex [
			0, 1, 2, 3, -1
		]
	}
}
#---------- POLYLINE
Shape {
	appearance Appearance {
		material Material {
			diffuseColor 0.5 0.5 0.5
			emissiveColor 0.5 0.5 0.5
		}
	}
	geometry IndexedLineSet {
		coord Coordinate {
			point [
				-6.82134 20.5563 -18.933,
				-13.7456 15.7326 -20,
				-46.1914 -6.87106 -25,
				-500 -323.02 -94.9331,
			]
		}
		coordIndex [
			0, 1, 2, 3, -1
		]
	}
}
#---------- POLYLINE
Shape {
	appearance Appearance {
		material Material {
			diffuseColor 0.5 0.5 0.5
			emissiveColor 0.5 0.5 0.5
		}
	}
	geometry IndexedLineSet {
		coord Coordinate {
			point [
				-6.82134 20.5563 -18.933,
				-6.82134 20.5564 -18.933,
			]
		}
		coordIndex [
			0, 1, -1
		]
	}
}
#---------- POLYLINE
Shape {
	appearance Appearance {
		material Material {
			diffuseColor 0.5 0.5 0.5
			emissiveColor 0.5 0.5 0.5
		}
	}
	geometry IndexedLineSet {
		coord Coordinate {
			point [
				-8.7512 22.0017 14.7253,
			]
		}
		coordIndex [
			0, -1
		]
	}
}
#---------- POLYLINE
Shape {
	appearance Appearance {
		material Material {
			diffuseColor 0 0 1
			emissiveColor 0 0 1
		}
	}
	geometry IndexedLineSet {
		coord Coordinate {
			point [
				-8.7512 22.0017 14.7253,
				-8.75296 22.0027 14.7247,
				-8.75283 22.0026 14.7249,
			]
		}
		coordIndex [
			0, 1, 2, -1
		]
	}
}
#---------- POLYLINE
Shape {
	appearance Appearance {
		material Material {
			diffuseColor 0 1 0
			emissiveColor 0 1 0
		}
	}
	geometry IndexedLineSet {
		coord Coordinate {
			point [
				-8.75283 22.0026 14.7249,
				-12.4133 15.0143 20,
				-15.883 8.39039 25,
				-282.179 -500 408.755,
			]
		}
		coordIndex [
			0, 1, 2, 3, -1
		]
	}
}
#---------- POLYLINE
Shape {
	appearance Appearance {
		material Material {
			diffuseColor 0 1 0
			emissiveColor 0 1 0
		}
	}
	geometry IndexedLineSet {
		coord Coordinate {
			point [
				-8.75283 22.0026 14.7249,
				-8.68874 22.125 14.6325,
				5.73913 49.6695 -6.15926,
				241.623 500 -346.088,
			]
		}
		coordIndex [
			0, 1, 2, 3, -1
		]
	}
}
#---------- POLYLINE
Shape {
	appearance Appearance {
		material Material {
			diffuseColor 0.5 0.5 0.5
			emissiveColor 0.5 0.5 0.5
		}
	}
	geometry IndexedLineSet {
		coord Coordinate {
			point [
				-8.7512 22.0017 14.7253,
				-14.947 16.5738 13.0336,
				-48.3605 -12.699 3.9103,
				-500 -408.37 -119.406,
			]
		}
		coordIndex [
			0, 1, 2, 3, -1
		]
	}
}
#---------- POLYLINE
Shape {
	appearance Appearance {
		material Material {
			diffuseColor 0.5 0.5 0.5
			emissiveColor 0.5 0.5 0.5
		}
	}
	geometry IndexedLineSet {
		coord Coordinate {
			point [
				-8.7512 22.0017 14.7253,
				-8.75119 22.0017 14.7253,
			]
		}
		coordIndex [
			0, 1, -1
		]
	}
}
#---------- POLYLINE
Shape {
	appearance Appearance {
		material Material {
			diffuseColor 0.5 0.5 0.5
			emissiveColor 0.5 0.5 0.5
		}
	}
	geometry IndexedLineSet {
		coord Coordinate {
			point [
				-9.68493 15.5016 -8.57315,
			]
		}
		coordIndex [
			0, -1
		]
	}
}
#---------- POLYLINE
Shape {
	appearance Appearance {
		material Material {
			diffuseColor 0 0 1
			emissiveColor 0 0 1
		}
	}
	geometry IndexedLineSet {
		coord Coordinate {
			point [
				-9.68493 15.5016 -8.57315,
				-9.57345 15.4553 -8.81014,
				-9.40474 15.302 -8.82807,
				-9.28863 15.2057 -8.89665,
				-9.18119 15.1848 -8.83781,
				-9.14032 15.0962 -8.83984,
				-9.15666 15.0236 -8.85327,
				-9.21527 15.0194 -8.87902,
				-9.24633 15.0364 -8.91887,
				-9.25668 15.03 -8.95855,
				-9.24389 15.0026 -8.97707,
				-9.23049 14.9928 -8.99563,
				-9.22007 14.9893 -9.00784,
				-9.21872 14.9888 -9.0098,
				-9.2187 14.9888 -9.00983,
			]
		}
		coordIndex [
			0, 1, 2, 3, 4, 5, 6, 7, 8, 9, 
			10, 11, 12, 13, 14, -1
		]
	}
}
#---------- POLYLINE
Shape {
	appearance Appearance {
		material Material {
			diffuseColor 0 1 0
			emissiveColor 0 1 0
		}
	}
	geometry IndexedLineSet {
		coord Coordinate {
			point [
				-9.2187 14.9888 -9.00983,
				-11.573 12.5539 -9.87711,
				-18.9786 4.89456 -12.6052,
				-24.8574 -1.18569 -14.7709,
				-44.9275 -21.9435 -22.1644,
				-500 -492.608 -189.806,
			]
		}
		coordIndex [
			0, 1, 2, 3, 4, 5, -1
		]
	}
}
#---------- POLYLINE
Shape {
	appearance Appearance {
		material Material {
			diffuseColor 0 1 0
			emissiveColor 0 1 0
		}
	}
	geometry IndexedLineSet {
		coord Coordinate {
			point [
				-9.2187 14.9888 -9.00983,
				-5.30954 19.0319 -7.56976,
				20.4181 45.641 1.90787,
				459.725 500 163.741,
			]
		}
		coordIndex [
			0, 1, 2, 3, -1
		]
	}
}
#---------- POLYLINE
Shape {
	appearance Appearance {
		material Material {
			diffuseColor 0.5 0.5 0.5
			emissiveColor 0.5 0.5 0.5
		}
	}
	geometry IndexedLineSet {
		coord Coordinate {
			point [
				-9.68493 15.5016 -8.57315,
				-9.30123 12.3491 -5.11356,
				-5.96144 -15.0918 25,
				46.7193 -447.934 500,
			]
		}
		coordIndex [
			0, 1, 2, 3, -1
		]
	}
}
#---------- POLYLINE
Shape {
	appearance Appearance {
		material Material {
			diffuseColor 0.5 0.5 0.5
			emissiveColor 0.5 0.5 0.5
		}
	}
	geometry IndexedLineSet {
		coord Coordinate {
			point [
				-9.68493 15.5016 -8.57315,
				-9.68493 15.5016 -8.57314,
			]
		}
		coordIndex [
			0, 1, -1
		]
	}
}
#---------- POLYLINE
Shape {
	appearance Appearance {
		material Material {
			diffuseColor 0.5 0.5 0.5
			emissiveColor 0.5 0.5 0.5
		}
	}
	geometry IndexedLineSet {
		coord Coordinate {
			point [
				-5.3528 15.9005 5.45917,
			]
		}
		coordIndex [
			0, -1
		]
	}
}
#---------- POLYLINE
Shape {
	appearance Appearance {
		material Material {
			diffuseColor 0 0 1
			emissiveColor 0 0 1
		}
	}
	geometry IndexedLineSet {
		coord Coordinate {
			point [
				-5.3528 15.9005 5.45917,
				-5.36634 15.8726 5.46147,
				-5.37783 15.8458 5.46421,
				-5.39004 15.8216 5.46672,
				-5.39978 15.798 5.46897,
				-5.40301 15.7751 5.47308,
				-5.40324 15.7536 5.47211,
				-5.40725 15.7339 5.46846,
				-5.40939 15.7156 5.46825,
				-5.4132 15.6987 5.46695,
				-5.42816 15.6764 5.46595,
				-5.43452 15.6872 5.45664,
				-5.43411 15.6865 5.45715,
			]
		}
		coordIndex [
			0, 1, 2, 3, 4, 5, 6, 7, 8, 9, 
			10, 11, 12, -1
		]
	}
}
#---------- POLYLINE
Shape {
	appearance Appearance {
		material Material {
			diffuseColor 0 1 0
			emissiveColor 0 1 0
		}
	}
	geometry IndexedLineSet {
		coord Coordinate {
			point [
				-5.43411 15.6865 5.45715,
				-7.37485 18.6961 6.15403,
				-12.8013 21.4416 8.48074,
				-26.3415 28.2922 14.2864,
				-37.9594 32.5436 12.7011,
				-500 201.621 -50.3462,
			]
		}
		coordIndex [
			0, 1, 2, 3, 4, 5, -1
		]
	}
}
#---------- POLYLINE
Shape {
	appearance Appearance {
		material Material {
			diffuseColor 0 1 0
			emissiveColor 0 1 0
		}
	}
	geometry IndexedLineSet {
		coord Coordinate {
			point [
				-5.43411 15.6865 5.45715,
				-5.32727 15.5208 5.41878,
				-4.0325 13.5129 4.95385,
				8.58263 6.85047 9.26714,
				42.8509 7.19553 -2.59774,
				49.3782 7.86097 -5.55149,
				500 53.8009 -209.47,
			]
		}
		coordIndex [
			0, 1, 2, 3, 4, 5, 6, -1
		]
	}
}
#---------- POLYLINE
Shape {
	appearance Appearance {
		material Material {
			diffuseColor 0.5 0.5 0.5
			emissiveColor 0.5 0.5 0.5
		}
	}
	geometry IndexedLineSet {
		coord Coordinate {
			point [
				-5.3528 15.9005 5.45917,
				-7.20928 21.4487 -1.04573,
				-14.0458 41.88 -25,
				-149.61 447.02 -500,
			]
		}
		coordIndex [
			0, 1, 2, 3, -1
		]
	}
}
#---------- POLYLINE
Shape {
	appearance Appearance {
		material Material {
			diffuseColor 0.5 0.5 0.5
			emissiveColor 0.5 0.5 0.5
		}
	}
	geometry IndexedLineSet {
		coord Coordinate {
			point [
				-5.3528 15.9005 5.45917,
				-5.35279 15.9005 5.45918,
			]
		}
		coordIndex [
			0, 1, -1
		]
	}
}
#---------- POLYLINE
Shape {
	appearance Appearance {
		material Material {
			diffuseColor 0.5 0.5 0.5
			emissiveColor 0.5 0.5 0.5
		}
	}
	geometry IndexedLineSet {
		coord Coordinate {
			point [
				-6.29055 15.1936 -17.893,
			]
		}
		coordIndex [
			0, -1
		]
	}
}
#---------- POLYLINE
Shape {
	appearance Appearance {
		material Material {
			diffuseColor 0 0 1
			emissiveColor 0 0 1
		}
	}
	geometry IndexedLineSet {
		coord Coordinate {
			point [
				-6.29055 15.1936 -17.893,
				-6.27838 15.1803 -17.9081,
				-6.28783 15.1705 -17.9202,
				-6.28768 15.1707 -17.9199,
			]
		}
		coordIndex [
			0, 1, 2, 3, -1
		]
	}
}
#---------- POLYLINE
Shape {
	appearance Appearance {
		material Material {
			diffuseColor 0 1 0
			emissiveColor 0 1 0
		}
	}
	geometry IndexedLineSet {
		coord Coordinate {
			point [
				-6.28768 15.1707 -17.9199,
				-5.86798 14.4846 -18.8709,
				-3.16304 10.0628 -25,
				206.467 -332.622 -500,
			]
		}
		coordIndex [
			0, 1, 2, 3, -1
		]
	}
}
#---------- POLYLINE
Shape {
	appearance Appearance {
		material Material {
			diffuseColor 0 1 0
			emissiveColor 0 1 0
		}
	}
	geometry IndexedLineSet {
		coord Coordinate {
			point [
				-6.28768 15.1707 -17.9199,
				-10.6249 22.2608 -8.09221,
				-23.8799 43.9289 21.9423,
				-234.859 388.82 500,
			]
		}
		coordIndex [
			0, 1, 2, 3, -1
		]
	}
}
#---------- POLYLINE
Shape {
	appearance Appearance {
		material Material {
			diffuseColor 0.5 0.5 0.5
			emissiveColor 0.5 0.5 0.5
		}
	}
	geometry IndexedLineSet {
		coord Coordinate {
			point [
				-6.29055 15.1936 -17.893,
				-5.09509 16.3295 -18.5528,
				6.58555 27.4277 -25,
				500 496.24 -297.342,
			]
		}
		coordIndex [
			0, 1, 2, 3, -1
		]
	}
}
#---------- POLYLINE
Shape {
	appearance Appearance {
		material Material {
			diffuseColor 0.5 0.5 0.5
			emissiveColor 0.5 0.5 0.5
		}
	}
	geometry IndexedLineSet {
		coord Coordinate {
			point [
				-6.29055 15.1936 -17.893,
				-6.29056 15.1936 -17.893,
			]
		}
		coordIndex [
			0, 1, -1
		]
	}
}
#---------- POLYLINE
Shape {
	appearance Appearance {
		material Material {
			diffuseColor 0.5 0.5 0.5
			emissiveColor 0.5 0.5 0.5
		}
	}
	geometry IndexedLineSet {
		coord Coordinate {
			point [
				-12.4896 16.2384 7.90104,
			]
		}
		coordIndex [
			0, -1
		]
	}
}
#---------- POLYLINE
Shape {
	appearance Appearance {
		material Material {
			diffuseColor 0 0 1
			emissiveColor 0 0 1
		}
	}
	geometry IndexedLineSet {
		coord Coordinate {
			point [
				-12.4896 16.2384 7.90104,
				-12.4647 16.1575 7.90121,
				-12.3962 16.1558 7.92617,
				-12.3528 16.1739 7.9665,
				-12.3523 16.1739 7.96644,
			]
		}
		coordIndex [
			0, 1, 2, 3, 4, -1
		]
	}
}
#---------- POLYLINE
Shape {
	appearance Appearance {
		material Material {
			diffuseColor 0 1 0
			emissiveColor 0 1 0
		}
	}
	geometry IndexedLineSet {
		coord Coordinate {
			point [
				-12.3523 16.1739 7.96644,
				-14.4866 15.0931 8.69836,
				-20.146 12.2273 10.6391,
				-47.5221 15.5452 -0.482629,
				-500 70.3848 -184.305,
			]
		}
		coordIndex [
			0, 1, 2, 3, 4, -1
		]
	}
}
#---------- POLYLINE
Shape {
	appearance Appearance {
		material Material {
			diffuseColor 0 1 0
			emissiveColor 0 1 0
		}
	}
	geometry IndexedLineSet {
		coord Coordinate {
			point [
				-12.3523 16.1739 7.96644,
				-5.56583 19.6104 5.63916,
				29.9967 37.6188 -6.55628,
				34.9726 16.1781 -25,
				154.766 -500 -469.026,
			]
		}
		coordIndex [
			0, 1, 2, 3, 4, -1
		]
	}
}
#---------- POLYLINE
Shape {
	appearance Appearance {
		material Material {
			diffuseColor 0.5 0.5 0.5
			emissiveColor 0.5 0.5 0.5
		}
	}
	geometry IndexedLineSet {
		coord Coordinate {
			point [
				-12.4896 16.2384 7.90104,
				-14.9597 16.6668 7.73783,
				-44.9632 21.8703 5.75543,
				-500 100.787 -24.3099,
			]
		}
		coordIndex [
			0, 1, 2, 3, -1
		]
	}
}
#---------- POLYLINE
Shape {
	appearance Appearance {
		material Material {
			diffuseColor 0.5 0.5 0.5
			emissiveColor 0.5 0.5 0.5
		}
	}
	geometry IndexedLineSet {
		coord Coordinate {
			point [
				-12.4896 16.2384 7.90104,
				-12.4896 16.2384 7.90104,
			]
		}
		coordIndex [
			0, 1, -1
		]
	}
}
#---------- POLYLINE
Shape {
	appearance Appearance {
		material Material {
			diffuseColor 0.5 0.5 0.5
			emissiveColor 0.5 0.5 0.5
		}
	}
	geometry IndexedLineSet {
		coord Coordinate {
			point [
				-11.7134 21.4065 -5.67478,
			]
		}
		coordIndex [
			0, -1
		]
	}
}
#---------- POLYLINE
Shape {
	appearance Appearance {
		material Material {
			diffuseColor 0 0 1
			emissiveColor 0 0 1
		}
	}
	geometry IndexedLineSet {
		coord Coordinate {
			point [
				-11.7134 21.4065 -5.67478,
				-11.7959 21.3705 -5.60193,
				-11.8788 21.3143 -5.56219,
				-11.953 21.2829 -5.50043,
				-12.0066 21.2892 -5.431,
				-12.0689 21.3025 -5.37511,
				-12.1369 21.3172 -5.3357,
				-12.2001 21.2923 -5.30453,
				-12.2636 21.2854 -5.28389,
				-12.3266 21.2823 -5.27633,
				-12.3663 21.26 -5.23889,
				-12.3944 21.2362 -5.1948,
				-12.4344 21.2392 -5.15825,
				-12.4638 21.2476 -5.118,
				-12.4891 21.2502 -5.0793,
				-12.5003 21.2422 -5.03867,
				-12.5156 21.2282 -5.00458,
				-12.5276 21.2131 -4.97484,
				-12.5496 21.2011 -4.95127,
				-12.5681 21.1945 -4.92569,
				-12.5852 21.1891 -4.90121,
				-12.6008 21.1829 -4.87703,
				-12.6152 21.1755 -4.85587,
				-12.6582 21.155 -4.79308,
				-12.7102 21.1212 -4.77981,
				-12.7314 21.1146 -4.83023,
				-12.768 21.1166 -4.85498,
				-12.7973 21.1245 -4.87625,
				-12.8074 21.153 -4.87597,
				-12.8186 21.17 -4.88966,
				-12.8071 21.1729 -4.90539,
				-12.8067 21.1725 -4.90578,
			]
		}
		coordIndex [
			0, 1, 2, 3, 4, 5, 6, 7, 8, 9, 
			10, 11, 12, 13, 14, 15, 16, 17, 18, 19, 
			20, 21, 22, 23, 24, 25, 26, 27, 28, 29, 
			30, 31, -1
		]
	}
}
#---------- POLYLINE
Shape {
	appearance Appearance {
		material Material {
			diffuseColor 0 1 0
			emissiveColor 0 1 0
		}
	}
	geometry IndexedLineSet {
		coord Coordinate {
			point [
				-12.8067 21.1725 -4.90578,
				-12.9248 21.3553 -4.72163,
				-20.664 33.3447 7.35163,
				-27.5065 41.754 9.54118,
				-400.37 500 128.856,
			]
		}
		coordIndex [
			0, 1, 2, 3, 4, -1
		]
	}
}
#---------- POLYLINE
Shape {
	appearance Appearance {
		material Material {
			diffuseColor 0 1 0
			emissiveColor 0 1 0
		}
	}
	geometry IndexedLineSet {
		coord Coordinate {
			point [
				-12.8067 21.1725 -4.90578,
				-7.50862 12.9649 -13.1708,
				0.0742172 1.21794 -25,
				304.562 -470.48 -500,
			]
		}
		coordIndex [
			0, 1, 2, 3, -1
		]
	}
}
#---------- POLYLINE
Shape {
	appearance Appearance {
		material Material {
			diffuseColor 0.5 0.5 0.5
			emissiveColor 0.5 0.5 0.5
		}
	}
	geometry IndexedLineSet {
		coord Coordinate {
			point [
				-11.7134 21.4065 -5.67478,
				-6.88378 13.3899 0.673073,
				-1.65869 4.71686 7.54065,
				3.39462 -3.67104 14.1825,
				11.625 -17.3324 25,
				302.41 -500 407.192,
			]
		}
		coordIndex [
			0, 1, 2, 3, 4, 5, -1
		]
	}
}
#---------- POLYLINE
Shape {
	appearance Appearance {
		material Material {
			diffuseColor 0.5 0.5 0.5
			emissiveColor 0.5 0.5 0.5
		}
	}
	geometry IndexedLineSet {
		coord Coordinate {
			point [
				-11.7134 21.4065 -5.67478,
				-11.7134 21.4065 -5.6748,
			]
		}
		coordIndex [
			0, 1, -1
		]
	}
}
#---------- POLYLINE
Shape {
	appearance Appearance {
		material Material {
			diffuseColor 0.5 0.5 0.5
			emissiveColor 0.5 0.5 0.5
		}
	}
	geometry IndexedLineSet {
		coord Coordinate {
			point [
				-13.2213 14.6237 -6.33207,
			]
		}
		coordIndex [
			0, -1
		]
	}
}
#---------- POLYLINE
Shape {
	appearance Appearance {
		material Material {
			diffuseColor 0 0 1
			emissiveColor 0 0 1
		}
	}
	geometry IndexedLineSet {
		coord Coordinate {
			point [
				-13.2213 14.6237 -6.33207,
				-13.2701 14.7305 -6.36512,
				-13.3207 14.8356 -6.38706,
				-13.3719 14.9298 -6.41188,
				-13.3941 15.0271 -6.42362,
				-13.3949 15.1182 -6.39103,
				-13.3857 15.1954 -6.35395,
				-13.3367 15.3652 -6.24301,
				-13.4213 15.5124 -6.18169,
				-13.4249 15.6512 -6.12631,
				-13.3546 15.7563 -6.11884,
				-13.2864 15.838 -6.10343,
				-13.2755 15.9233 -6.08472,
				-13.2569 15.9852 -6.08634,
				-13.2177 15.9889 -6.12426,
				-13.212 15.9843 -6.16999,
				-13.184 16.0084 -6.18002,
				-13.1562 16.0241 -6.1809,
				-13.1363 16.0347 -6.17143,
				-13.1242 16.0426 -6.1577,
				-13.1207 16.0423 -6.15599,
				-13.1206 16.0421 -6.15613,
			]
		}
		coordIndex [
			0, 1, 2, 3, 4, 5, 6, 7, 8, 9, 
			10, 11, 12, 13, 14, 15, 16, 17, 18, 19, 
			20, 21, -1
		]
	}
}
#---------- POLYLINE
Shape {
	appearance Appearance {
		material Material {
			diffuseColor 0 1 0
			emissiveColor 0 1 0
		}
	}
	geometry IndexedLineSet {
		coord Coordinate {
			point [
				-13.1206 16.0421 -6.15613,
				-12.9339 13.2513 -3.14101,
				-11.1909 -12.7966 25,
				18.2291 -452.465 500,
			]
		}
		coordIndex [
			0, 1, 2, 3, -1
		]
	}
}
#---------- POLYLINE
Shape {
	appearance Appearance {
		material Material {
			diffuseColor 0 1 0
			emissiveColor 0 1 0
		}
	}
	geometry IndexedLineSet {
		coord Coordinate {
			point [
				-13.1206 16.0421 -6.15613,
				-13.4471 20.9218 -11.4279,
				-14.2878 33.4843 -25,
				-43.7077 473.153 -500,
			]
		}
		coordIndex [
			0, 1, 2, 3, -1
		]
	}
}
#---------- POLYLINE
Shape {
	appearance Appearance {
		material Material {
			diffuseColor 0.5 0.5 0.5
			emissiveColor 0.5 0.5 0.5
		}
	}
	geometry IndexedLineSet {
		coord Coordinate {
			point [
				-13.2213 14.6237 -6.33207,
				-13.918 14.1936 -7.59416,
				-23.5255 8.2622 -25,
				-285.711 -153.605 -500,
			]
		}
		coordIndex [
			0, 1, 2, 3, -1
		]
	}
}
#---------- POLYLINE
Shape {
	appearance Appearance {
		material Material {
			diffuseColor 0.5 0.5 0.5
			emissiveColor 0.5 0.5 0.5
		}
	}
	geometry IndexedLineSet {
		coord Coordinate {
			point [
				-13.2213 14.6237 -6.33207,
				-13.2213 14.6237 -6.33206,
			]
		}
		coordIndex [
			0, 1, -1
		]
	}
}
#---------- POLYLINE
Shape {
	appearance Appearance {
		material Material {
			diffuseColor 0.5 0.5 0.5
			emissiveColor 0.5 0.5 0.5
		}
	}
	geometry IndexedLineSet {
		coord Coordinate {
			point [
				-7.07331 21.1501 9.53244,
			]
		}
		coordIndex [
			0, -1
		]
	}
}
#---------- POLYLINE
Shape {
	appearance Appearance {
		material Material {
			diffuseColor 0 0 1
			emissiveColor 0 0 1
		}
	}
	geometry IndexedLineSet {
		coord Coordinate {
			point [
				-7.07331 21.1501 9.53244,
				-7.03409 21.166 9.57723,
				-7.02849 21.1536 9.63593,
				-7.02469 21.1366 9.68996,
				-7.01963 21.1192 9.74076,
				-7.01228 21.0978 9.78641,
				-6.99449 21.0741 9.82498,
				-6.96611 21.0587 9.8573,
				-6.9445 21.0437 9.8912,
				-6.93841 21.0387 9.92477,
				-6.93355 21.0455 9.95639,
				-6.92503 21.0563 9.98442,
				-6.91878 21.0684 10.0102,
				-6.91775 21.0787 10.0368,
				-6.91665 21.093 10.0576,
				-6.92068 21.1067 10.0764,
				-6.92957 21.1215 10.0903,
				-6.93921 21.1389 10.0966,
				-6.94675 21.1547 10.1012,
				-6.9578 21.1668 10.1048,
				-6.96789 21.1769 10.1103,
				-6.9731 21.1895 10.1151,
				-6.97564 21.199 10.1175,
				-6.98087 21.2067 10.1183,
				-6.98893 21.2105 10.1205,
				-6.99692 21.2137 10.1208,
				-7.00388 21.2176 10.1198,
				-7.01089 21.22 10.1185,
				-7.0172 21.2233 10.1179,
				-7.02272 21.2273 10.1177,
				-7.02804 21.231 10.1173,
				-7.03245 21.235 10.119,
				-7.035 21.2383 10.123,
				-7.04192 21.2515 10.1459,
				-7.04242 21.2691 10.1598,
				-7.03524 21.2742 10.171,
				-7.03526 21.274 10.1712,
			]
		}
		coordIndex [
			0, 1, 2, 3, 4, 5, 6, 7, 8, 9, 
			10, 11, 12, 13, 14, 15, 16, 17, 18, 19, 
			20, 21, 22, 23, 24, 25, 26, 27, 28, 29, 
			30, 31, 32, 33, 34, 35, 36, -1
		]
	}
}
#---------- POLYLINE
Shape {
	appearance Appearance {
		material Material {
			diffuseColor 0 1 0
			emissiveColor 0 1 0
		}
	}
	geometry IndexedLineSet {
		coord Coordinate {
			point [
				-7.03526 21.274 10.1712,
				-6.95995 21.2696 10.0163,
				6.16105 20.5035 -16.9885,
				7.62426 20.4181 -20,
				10.0536 20.2762 -25,
				240.845 6.80021 -500,
			]
		}
		coordIndex [
			0, 1, 2, 3, 4, 5, -1
		]
	}
}
#---------- POLYLINE
Shape {
	appearance Appearance {
		material Material {
			diffuseColor 0 1 0
			emissiveColor 0 1 0
		}
	}
	geometry IndexedLineSet {
		coord Coordinate {
			point [
				-7.03526 21.274 10.1712,
				-11.8108 21.5529 20,
				-14.2402 21.6947 25,
				-245.032 35.1708 500,
			]
		}
		coordIndex [
			0, 1, 2, 3, -1
		]
	}
}
#---------- POLYLINE
Shape {
	appearance Appearance {
		material Material {
			diffuseColor 0.5 0.5 0.5
			emissiveColor 0.5 0.5 0.5
		}
	}
	geometry IndexedLineSet {
		coord Coordinate {
			point [
				-7.07331 21.1501 9.53244,
				-5.47148 15.1804 5.96412,
				-2.5519 4.29974 -0.53971,
				-0.0566256 -4.99968 -6.09834,
				8.42836 -36.6216 -25,
				132.765 -500 -301.98,
			]
		}
		coordIndex [
			0, 1, 2, 3, 4, 5, -1
		]
	}
}
#---------- POLYLINE
Shape {
	appearance Appearance {
		material Material {
			diffuseColor 0.5 0.5 0.5
			emissiveColor 0.5 0.5 0.5
		}
	}
	geometry IndexedLineSet {
		coord Coordinate {
			point [
				-7.07331 21.1501 9.53244,
				-7.07331 21.1501 9.53243,
			]
		}
		coordIndex [
			0, 1, -1
		]
	}
}
#---------- POLYLINE
Shape {
	appearance Appearance {
		material Material {
			diffuseColor 0.5 0.5 0.5
			emissiveColor 0.5 0.5 0.5
		}
	}
	geometry IndexedLineSet {
		coord Coordinate {
			point [
				-15.6717 0.0243217 -18.7931,
			]
		}
		coordIndex [
			0, -1
		]
	}
}
#---------- POLYLINE
Shape {
	appearance Appearance {
		material Material {
			diffuseColor 0 0 1
			emissiveColor 0 0 1
		}
	}
	geometry IndexedLineSet {
		coord Coordinate {
			point [
				-15.6717 0.0243217 -18.7931,
				-15.6568 0.046429 -18.9168,
				-15.6827 0.0418018 -19.0232,
				-15.6231 0.0652623 -19.0876,
				-15.6036 0.0502022 -19.1572,
				-15.5688 0.0807218 -19.198,
				-15.5279 0.0899508 -19.2267,
				-15.4894 0.0923593 -19.2479,
				-15.4672 0.0749656 -19.2709,
				-15.4373 0.0753266 -19.2752,
				-15.4161 0.0765332 -19.2834,
				-15.4109 0.0766493 -19.2886,
				-15.4104 0.076397 -19.2887,
			]
		}
		coordIndex [
			0, 1, 2, 3, 4, 5, 6, 7, 8, 9, 
			10, 11, 12, -1
		]
	}
}
#---------- POLYLINE
Shape {
	appearance Appearance {
		material Material {
			diffuseColor 0 1 0
			emissiveColor 0 1 0
		}
	}
	geometry IndexedLineSet {
		coord Coordinate {
			point [
				-15.4104 0.076397 -19.2887,
				-16.6987 3.75518 -4.79291,
				-19.3465 11.3161 25,
				-61.5613 131.863 500,
			]
		}
		coordIndex [
			0, 1, 2, 3, -1
		]
	}
}
#---------- POLYLINE
Shape {
	appearance Appearance {
		material Material {
			diffuseColor 0 1 0
			emissiveColor 0 1 0
		}
	}
	geometry IndexedLineSet {
		coord Coordinate {
			point [
				-15.4104 0.076397 -19.2887,
				-15.3472 -0.104111 -20,
				-14.9028 -1.37302 -25,
				27.312 -121.92 -500,
			]
		}
		coordIndex [
			0, 1, 2, 3, -1
		]
	}
}
#---------- POLYLINE
Shape {
	appearance Appearance {
		material Material {
			diffuseColor 0.5 0.5 0.5
			emissiveColor 0.5 0.5 0.5
		}
	}
	geometry IndexedLineSet {
		coord Coordinate {
			point [
				-15.6717 0.0243217 -18.7931,
				-24.5581 2.05508 5.34501,
				-31.7941 3.70867 25,
				-206.664 43.6708 500,
			]
		}
		coordIndex [
			0, 1, 2, 3, -1
		]
	}
}
#---------- POLYLINE
Shape {
	appearance Appearance {
		material Material {
			diffuseColor 0.5 0.5 0.5
			emissiveColor 0.5 0.5 0.5
		}
	}
	geometry IndexedLineSet {
		coord Coordinate {
			point [
				-15.6717 0.0243217 -18.7931,
				-15.6717 0.0243196 -18.7931,
			]
		}
		coordIndex [
			0, 1, -1
		]
	}
}
#---------- POLYLINE
Shape {
	appearance Appearance {
		material Material {
			diffuseColor 0.5 0.5 0.5
			emissiveColor 0.5 0.5 0.5
		}
	}
	geometry IndexedLineSet {
		coord Coordinate {
			point [
				-17.9997 -2.2182 0.28288,
			]
		}
		coordIndex [
			0, -1
		]
	}
}
#---------- POLYLINE
Shape {
	appearance Appearance {
		material Material {
			diffuseColor 0 0 1
			emissiveColor 0 0 1
		}
	}
	geometry IndexedLineSet {
		coord Coordinate {
			point [
				-17.9997 -2.2182 0.28288,
				-17.7832 -1.94989 0.276724,
				-17.778 -1.71644 0.455003,
				-17.8129 -1.56998 0.616341,
				-17.8733 -1.52378 0.750428,
				-17.9254 -1.47926 0.843533,
				-17.9448 -1.38234 0.840971,
				-18.001 -1.3333 0.864239,
				-18.0301 -1.28428 0.897952,
				-18.0444 -1.23763 0.922117,
				-18.048 -1.20516 0.947539,
				-18.0592 -1.17889 0.931708,
				-18.0802 -1.1644 0.922594,
				-18.0802 -1.16439 0.922578,
			]
		}
		coordIndex [
			0, 1, 2, 3, 4, 5, 6, 7, 8, 9, 
			10, 11, 12, 13, -1
		]
	}
}
#---------- POLYLINE
Shape {
	appearance Appearance {
		material Material {
			diffuseColor 0 1 0
			emissiveColor 0 1 0
		}
	}
	geometry IndexedLineSet {
		coord Coordinate {
			point [
				-18.0802 -1.16439 0.922578,
				-15.0029 0.169718 1.51329,
				43.0935 25.3564 12.6653,
				500 223.44 100.372,
			]
		}
		coordIndex [
			0, 1, 2, 3, -1
		]
	}
}
#---------- POLYLINE
Shape {
	appearance Appearance {
		material Material {
			diffuseColor 0 1 0
			emissiveColor 0 1 0
		}
	}
	geometry IndexedLineSet {
		coord Coordinate {
			point [
				-18.0802 -1.16439 0.922578,
				-23.5398 -3.5313 -0.12543,
				-47.9647 -14.1203 -4.81398,
				-500 -210.092 -91.5854,
			]
		}
		coordIndex [
			0, 1, 2, 3, -1
		]
	}
}
#---------- POLYLINE
Shape {
	appearance Appearance {
		material Material {
			diffuseColor 0.5 0.5 0.5
			emissiveColor 0.5 0.5 0.5
		}
	}
	geometry IndexedLineSet {
		coord Coordinate {
			point [
				-17.9997 -2.2182 0.28288,
				-16.6298 -3.69347 1.21199,
				-8.39085 -12.566 6.79981,
				-5.15997 -16.0454 8.99107,
				18.4443 -41.4649 25,
				444.235 -500 313.78,
			]
		}
		coordIndex [
			0, 1, 2, 3, 4, 5, -1
		]
	}
}
#---------- POLYLINE
Shape {
	appearance Appearance {
		material Material {
			diffuseColor 0.5 0.5 0.5
			emissiveColor 0.5 0.5 0.5
		}
	}
	geometry IndexedLineSet {
		coord Coordinate {
			point [
				-17.9997 -2.2182 0.28288,
				-17.9997 -2.21821 0.282879,
			]
		}
		coordIndex [
			0, 1, -1
		]
	}
}
#---------- POLYLINE
Shape {
	appearance Appearance {
		material Material {
			diffuseColor 0.5 0.5 0.5
			emissiveColor 0.5 0.5 0.5
		}
	}
	geometry IndexedLineSet {
		coord Coordinate {
			point [
				-19.0643 2.38315 -3.36316,
			]
		}
		coordIndex [
			0, -1
		]
	}
}
#---------- POLYLINE
Shape {
	appearance Appearance {
		material Material {
			diffuseColor 0 0 1
			emissiveColor 0 0 1
		}
	}
	geometry IndexedLineSet {
		coord Coordinate {
			point [
				-19.0643 2.38315 -3.36316,
				-19.0097 2.40073 -3.39499,
				-19.0139 2.42672 -3.43875,
				-19.0165 2.45998 -3.46511,
				-18.9954 2.47853 -3.4563,
				-18.9729 2.48233 -3.45043,
				-18.961 2.48908 -3.44911,
				-18.9613 2.48921 -3.44956,
			]
		}
		coordIndex [
			0, 1, 2, 3, 4, 5, 6, 7, -1
		]
	}
}
#---------- POLYLINE
Shape {
	appearance Appearance {
		material Material {
			diffuseColor 0 1 0
			emissiveColor 0 1 0
		}
	}
	geometry IndexedLineSet {
		coord Coordinate {
			point [
				-18.9613 2.48921 -3.44956,
				-15.1077 1.0322 -4.0354,
				-3.80812 -3.2401 -5.75321,
				-3.63044 -3.30728 -5.78022,
				3.18236 -3.8565 -11.1644,
				4.42808 -3.95693 -12.1489,
				2.99332 -4.005 -14.145,
				-1.21518 -4.14601 -20,
				-4.80909 -4.26643 -25,
				-346.231 -15.7062 -500,
			]
		}
		coordIndex [
			0, 1, 2, 3, 4, 5, 6, 7, 8, 9, -1
		]
	}
}
#---------- POLYLINE
Shape {
	appearance Appearance {
		material Material {
			diffuseColor 0 1 0
			emissiveColor 0 1 0
		}
	}
	geometry IndexedLineSet {
		coord Coordinate {
			point [
				-18.9613 2.48921 -3.44956,
				-22.9856 4.01077 -2.83777,
				-26.854 5.47338 -2.24968,
				-40.0131 -29.9826 24.5712,
				-214.455 -500 380.119,
			]
		}
		coordIndex [
			0, 1, 2, 3, 4, -1
		]
	}
}
#---------- POLYLINE
Shape {
	appearance Appearance {
		material Material {
			diffuseColor 0.5 0.5 0.5
			emissiveColor 0.5 0.5 0.5
		}
	}
	geometry IndexedLineSet {
		coord Coordinate {
			point [
				-19.0643 2.38315 -3.36316,
				-22.5417 4.30576 1.73617,
				-38.4064 13.077 25,
				-362.331 192.167 500,
			]
		}
		coordIndex [
			0, 1, 2, 3, -1
		]
	}
}
#---------- POLYLINE
Shape {
	appearance Appearance {
		material Material {
			diffuseColor 0.5 0.5 0.5
			emissiveColor 0.5 0.5 0.5
		}
	}
	geometry IndexedLineSet {
		coord Coordinate {
			point [
				-19.0643 2.38315 -3.36316,
				-19.0643 2.38314 -3.36316,
			]
		}
		coordIndex [
			0, 1, -1
		]
	}
}
#---------- POLYLINE
Shape {
	appearance Appearance {
		material Material {
			diffuseColor 0.5 0.5 0.5
			emissiveColor 0.5 0.5 0.5
		}
	}
	geometry IndexedLineSet {
		coord Coordinate {
			point [
				-21.0599 1.03613 -3.60633,
			]
		}
		coordIndex [
			0, -1
		]
	}
}
#---------- POLYLINE
Shape {
	appearance Appearance {
		material Material {
			diffuseColor 0 0 1
			emissiveColor 0 0 1
		}
	}
	geometry IndexedLineSet {
		coord Coordinate {
			point [
				-21.0599 1.03613 -3.60633,
				-21.0704 1.02493 -3.58725,
				-21.0773 1.01785 -3.57867,
				-21.0774 1.01717 -3.57859,
			]
		}
		coordIndex [
			0, 1, 2, 3, -1
		]
	}
}
#---------- POLYLINE
Shape {
	appearance Appearance {
		material Material {
			diffuseColor 0 1 0
			emissiveColor 0 1 0
		}
	}
	geometry IndexedLineSet {
		coord Coordinate {
			point [
				-21.0774 1.01717 -3.57859,
				-22.2064 -4.48683 -3.74801,
				-28.5121 -35.2275 -4.69425,
				-29.9657 -40.0257 -1.69834,
				-169.32 -500 285.505,
			]
		}
		coordIndex [
			0, 1, 2, 3, 4, -1
		]
	}
}
#---------- POLYLINE
Shape {
	appearance Appearance {
		material Material {
			diffuseColor 0 1 0
			emissiveColor 0 1 0
		}
	}
	geometry IndexedLineSet {
		coord Coordinate {
			point [
				-21.0774 1.01717 -3.57859,
				-20.2619 4.99314 -3.45621,
				-12.0341 45.1044 -2.22153,
				-11.1552 48.7397 1.60009,
				97.945 500 475.982,
			]
		}
		coordIndex [
			0, 1, 2, 3, 4, -1
		]
	}
}
#---------- POLYLINE
Shape {
	appearance Appearance {
		material Material {
			diffuseColor 0.5 0.5 0.5
			emissiveColor 0.5 0.5 0.5
		}
	}
	geometry IndexedLineSet {
		coord Coordinate {
			point [
				-21.0599 1.03613 -3.60633,
				-24.9942 -0.241449 -1.71126,
				-49.3322 -8.14477 10.012,
				-500 -154.491 227.093,
			]
		}
		coordIndex [
			0, 1, 2, 3, -1
		]
	}
}
#---------- POLYLINE
Shape {
	appearance Appearance {
		material Material {
			diffuseColor 0.5 0.5 0.5
			emissiveColor 0.5 0.5 0.5
		}
	}
	geometry IndexedLineSet {
		coord Coordinate {
			point [
				-21.0599 1.03613 -3.60633,
				-21.0599 1.03613 -3.60634,
			]
		}
		coordIndex [
			0, 1, -1
		]
	}
}
#---------- POLYLINE
Shape {
	appearance Appearance {
		material Material {
			diffuseColor 0.5 0.5 0.5
			emissiveColor 0.5 0.5 0.5
		}
	}
	geometry IndexedLineSet {
		coord Coordinate {
			point [
				-17.3428 0.509441 -3.6985,
			]
		}
		coordIndex [
			0, -1
		]
	}
}
#---------- POLYLINE
Shape {
	appearance Appearance {
		material Material {
			diffuseColor 0 0 1
			emissiveColor 0 0 1
		}
	}
	geometry IndexedLineSet {
		coord Coordinate {
			point [
				-17.3428 0.509441 -3.6985,
				-17.3422 0.521256 -3.72593,
				-17.3603 0.536451 -3.71665,
				-17.3771 0.53555 -3.70467,
				-17.3788 0.53111 -3.69776,
				-17.3784 0.531235 -3.69787,
			]
		}
		coordIndex [
			0, 1, 2, 3, 4, 5, -1
		]
	}
}
#---------- POLYLINE
Shape {
	appearance Appearance {
		material Material {
			diffuseColor 0 1 0
			emissiveColor 0 1 0
		}
	}
	geometry IndexedLineSet {
		coord Coordinate {
			point [
				-17.3784 0.531235 -3.69787,
				-15.4069 1.97577 -4.426,
				-5.60276 9.15947 -8.047,
				-6.4354 8.01368 -25,
				-29.7649 -24.0897 -500,
			]
		}
		coordIndex [
			0, 1, 2, 3, 4, -1
		]
	}
}
#---------- POLYLINE
Shape {
	appearance Appearance {
		material Material {
			diffuseColor 0 1 0
			emissiveColor 0 1 0
		}
	}
	geometry IndexedLineSet {
		coord Coordinate {
			point [
				-17.3784 0.531235 -3.69787,
				-23.268 -3.78419 -1.52264,
				-45.7218 -20.2365 6.7703,
				-500 -353.095 174.55,
			]
		}
		coordIndex [
			0, 1, 2, 3, -1
		]
	}
}
#---------- POLYLINE
Shape {
	appearance Appearance {
		material Material {
			diffuseColor 0.5 0.5 0.5
			emissiveColor 0.5 0.5 0.5
		}
	}
	geometry IndexedLineSet {
		coord Coordinate {
			point [
				-17.3428 0.509441 -3.6985,
				-16.0057 3.00763 -5.77729,
				-10.9805 12.3971 -13.5904,
				-6.85802 20.0998 -20,
				-3.64214 26.1086 -25,
				249.984 500 -419.334,
			]
		}
		coordIndex [
			0, 1, 2, 3, 4, 5, -1
		]
	}
}
#---------- POLYLINE
Shape {
	appearance Appearance {
		material Material {
			diffuseColor 0.5 0.5 0.5
			emissiveColor 0.5 0.5 0.5
		}
	}
	geometry IndexedLineSet {
		coord Coordinate {
			point [
				-17.3428 0.509441 -3.6985,
				-17.3428 0.509432 -3.69849,
			]
		}
		coordIndex [
			0, 1, -1
		]
	}
}
#---------- POLYLINE
Shape {
	appearance Appearance {
		material Material {
			diffuseColor 0.5 0.5 0.5
			emissiveColor 0.5 0.5 0.5
		}
	}
	geometry IndexedLineSet {
		coord Coordinate {
			point [
				-21.593 1.92389 12.6228,
			]
		}
		coordIndex [
			0, -1
		]
	}
}
#---------- POLYLINE
Shape {
	appearance Appearance {
		material Material {
			diffuseColor 0 0 1
			emissiveColor 0 0 1
		}
	}
	geometry IndexedLineSet {
		coord Coordinate {
			point [
				-21.593 1.92389 12.6228,
				-21.3826 1.7134 12.8468,
				-21.0899 1.67414 12.749,
				-20.8899 1.59151 12.7209,
				-20.7118 1.54242 12.7299,
				-20.5707 1.52212 12.7662,
				-20.4866 1.56129 12.8383,
				-20.3915 1.58516 12.8431,
				-20.3626 1.59409 12.9202,
				-20.3068 1.57303 12.9337,
				-20.264 1.54223 12.9339,
				-20.2479 1.51697 12.9091,
				-20.2381 1.51357 12.8806,
				-20.2383 1.53334 12.8933,
				-20.2473 1.54213 12.9052,
				-20.2478 1.54396 12.9082,
				-20.2479 1.54386 12.9082,
			]
		}
		coordIndex [
			0, 1, 2, 3, 4, 5, 6, 7, 8, 9, 
			10, 11, 12, 13, 14, 15, 16, -1
		]
	}
}
#---------- POLYLINE
Shape {
	appearance Appearance {
		material Material {
			diffuseColor 0 1 0
			emissiveColor 0 1 0
		}
	}
	geometry IndexedLineSet {
		coord Coordinate {
			point [
				-20.2479 1.54386 12.9082,
				-20.0311 4.9999 18.2042,
				-19.753 9.43464 25,
				-0.310388 319.406 500,
			]
		}
		coordIndex [
			0, 1, 2, 3, -1
		]
	}
}
#---------- POLYLINE
Shape {
	appearance Appearance {
		material Material {
			diffuseColor 0 1 0
			emissiveColor 0 1 0
		}
	}
	geometry IndexedLineSet {
		coord Coordinate {
			point [
				-20.2479 1.54386 12.9082,
				-20.6556 -4.95683 2.94648,
				-20.8623 -8.25132 -2.102,
				-25.02 -19.5049 -16.5866,
				-31.7111 -16.5266 -20.9794,
				-35.862 -17.7952 -25,
				-500 -159.646 -474.573,
			]
		}
		coordIndex [
			0, 1, 2, 3, 4, 5, 6, -1
		]
	}
}
#---------- POLYLINE
Shape {
	appearance Appearance {
		material Material {
			diffuseColor 0.5 0.5 0.5
			emissiveColor 0.5 0.5 0.5
		}
	}
	geometry IndexedLineSet {
		coord Coordinate {
			point [
				-21.593 1.92389 12.6228,
				-15.014 0.374087 13.0332,
				-4.54082 -2.09308 13.6866,
				3.12907 -3.89986 14.1651,
				47.8697 -14.4394 16.9563,
				500 -120.947 45.1626,
			]
		}
		coordIndex [
			0, 1, 2, 3, 4, 5, -1
		]
	}
}
#---------- POLYLINE
Shape {
	appearance Appearance {
		material Material {
			diffuseColor 0.5 0.5 0.5
			emissiveColor 0.5 0.5 0.5
		}
	}
	geometry IndexedLineSet {
		coord Coordinate {
			point [
				-21.593 1.92389 12.6228,
				-21.593 1.9239 12.6228,
			]
		}
		coordIndex [
			0, 1, -1
		]
	}
}
#---------- POLYLINE
Shape {
	appearance Appearance {
		material Material {
			diffuseColor 0.5 0.5 0.5
			emissiveColor 0.5 0.5 0.5
		}
	}
	geometry IndexedLineSet {
		coord Coordinate {
			point [
				-23.3589 3.15654 17.4119,
			]
		}
		coordIndex [
			0, -1
		]
	}
}
#---------- POLYLINE
Shape {
	appearance Appearance {
		material Material {
			diffuseColor 0 0 1
			emissiveColor 0 0 1
		}
	}
	geometry IndexedLineSet {
		coord Coordinate {
			point [
				-23.3589 3.15654 17.4119,
				-23.2885 3.1182 17.3468,
				-23.2284 3.10692 17.2831,
				-23.1689 3.10597 17.2242,
				-23.134 3.06499 17.1824,
				-23.1127 3.00369 17.1652,
				-23.07 2.95921 17.1475,
				-22.9629 2.84937 17.0971,
				-22.9018 2.8058 16.986,
				-22.8045 2.7963 16.9287,
				-22.7185 2.7655 16.9079,
				-22.6675 2.72013 16.8721,
				-22.6352 2.68235 16.8433,
				-22.6003 2.65752 16.8176,
				-22.56 2.64886 16.8313,
				-22.5288 2.66904 16.8314,
				-22.506 2.67066 16.8476,
				-22.4874 2.66395 16.8607,
				-22.4778 2.65171 16.8678,
				-22.4775 2.65225 16.8681,
			]
		}
		coordIndex [
			0, 1, 2, 3, 4, 5, 6, 7, 8, 9, 
			10, 11, 12, 13, 14, 15, 16, 17, 18, 19, -1
		]
	}
}
#---------- POLYLINE
Shape {
	appearance Appearance {
		material Material {
			diffuseColor 0 1 0
			emissiveColor 0 1 0
		}
	}
	geometry IndexedLineSet {
		coord Coordinate {
			point [
				-22.4775 2.65225 16.8681,
				-24.6912 1.72983 17.4072,
				-31.2638 -1.00881 19.0078,
				-42.0242 -4.02317 25,
				-500 -132.319 280.038,
			]
		}
		coordIndex [
			0, 1, 2, 3, 4, -1
		]
	}
}
#---------- POLYLINE
Shape {
	appearance Appearance {
		material Material {
			diffuseColor 0 1 0
			emissiveColor 0 1 0
		}
	}
	geometry IndexedLineSet {
		coord Coordinate {
			point [
				-22.4775 2.65225 16.8681,
				-17.925 4.54913 15.7595,
				5.87945 14.4679 9.96273,
				14.9124 18.2317 7.76305,
				32.0563 25.3751 3.58822,
				31.9721 25.263 3.01959,
				24.021 22.9225 -25,
				-110.769 -16.7552 -500,
			]
		}
		coordIndex [
			0, 1, 2, 3, 4, 5, 6, 7, -1
		]
	}
}
#---------- POLYLINE
Shape {
	appearance Appearance {
		material Material {
			diffuseColor 0.5 0.5 0.5
			emissiveColor 0.5 0.5 0.5
		}
	}
	geometry IndexedLineSet {
		coord Coordinate {
			point [
				-23.3589 3.15654 17.4119,
				-24.0734 2.8995 17.1993,
				-49.6036 -6.28392 9.60544,
				-500 -168.296 -124.364,
			]
		}
		coordIndex [
			0, 1, 2, 3, -1
		]
	}
}
#---------- POLYLINE
Shape {
	appearance Appearance {
		material Material {
			diffuseColor 0.5 0.5 0.5
			emissiveColor 0.5 0.5 0.5
		}
	}
	geometry IndexedLineSet {
		coord Coordinate {
			point [
				-23.3589 3.15654 17.4119,
				-23.3589 3.15655 17.4119,
			]
		}
		coordIndex [
			0, 1, -1
		]
	}
}
#---------- POLYLINE
Shape {
	appearance Appearance {
		material Material {
			diffuseColor 0.5 0.5 0.5
			emissiveColor 0.5 0.5 0.5
		}
	}
	geometry IndexedLineSet {
		coord Coordinate {
			point [
				-23.6142 -2.63241 13.1715,
			]
		}
		coordIndex [
			0, -1
		]
	}
}
#---------- POLYLINE
Shape {
	appearance Appearance {
		material Material {
			diffuseColor 0 0 1
			emissiveColor 0 0 1
		}
	}
	geometry IndexedLineSet {
		coord Coordinate {
			point [
				-23.6142 -2.63241 13.1715,
				-23.5933 -2.64243 13.1438,
				-23.5686 -2.6305 13.1322,
				-23.5637 -2.61229 13.1167,
				-23.553 -2.61451 13.1,
				-23.5494 -2.61392 13.0947,
				-23.5494 -2.61397 13.0947,
			]
		}
		coordIndex [
			0, 1, 2, 3, 4, 5, 6, -1
		]
	}
}
#---------- POLYLINE
Shape {
	appearance Appearance {
		material Material {
			diffuseColor 0 1 0
			emissiveColor 0 1 0
		}
	}
	geometry IndexedLineSet {
		coord Coordinate {
			point [
				-23.5494 -2.61397 13.0947,
				-21.2496 -4.84133 12.6251,
				-12.7185 -13.1036 10.8834,
				-9.15376 -16.5561 10.1556,
				-8.6712 -22.1202 8.51891,
				-6.28771 -49.6031 0.434993,
				32.7736 -500 -132.046,
			]
		}
		coordIndex [
			0, 1, 2, 3, 4, 5, 6, -1
		]
	}
}
#---------- POLYLINE
Shape {
	appearance Appearance {
		material Material {
			diffuseColor 0 1 0
			emissiveColor 0 1 0
		}
	}
	geometry IndexedLineSet {
		coord Coordinate {
			point [
				-23.5494 -2.61397 13.0947,
				-24.7989 -1.40391 13.3498,
				-36.3906 9.82258 15.7164,
				-45.7739 20.1184 18.8479,
				-483.122 500 164.805,
			]
		}
		coordIndex [
			0, 1, 2, 3, 4, -1
		]
	}
}
#---------- POLYLINE
Shape {
	appearance Appearance {
		material Material {
			diffuseColor 0.5 0.5 0.5
			emissiveColor 0.5 0.5 0.5
		}
	}
	geometry IndexedLineSet {
		coord Coordinate {
			point [
				-23.6142 -2.63241 13.1715,
				-24.0366 -2.95051 12.7014,
				-46.0342 -19.5155 -11.7819,
				-484.684 -349.837 -500,
			]
		}
		coordIndex [
			0, 1, 2, 3, -1
		]
	}
}
#---------- POLYLINE
Shape {
	appearance Appearance {
		material Material {
			diffuseColor 0.5 0.5 0.5
			emissiveColor 0.5 0.5 0.5
		}
	}
	geometry IndexedLineSet {
		coord Coordinate {
			point [
				-23.6142 -2.63241 13.1715,
				-23.6142 -2.63241 13.1715,
			]
		}
		coordIndex [
			0, 1, -1
		]
	}
}
#---------- POLYLINE
Shape {
	appearance Appearance {
		material Material {
			diffuseColor 0.5 0.5 0.5
			emissiveColor 0.5 0.5 0.5
		}
	}
	geometry IndexedLineSet {
		coord Coordinate {
			point [
				-17.1472 1.5373 -0.645687,
			]
		}
		coordIndex [
			0, -1
		]
	}
}
#---------- POLYLINE
Shape {
	appearance Appearance {
		material Material {
			diffuseColor 0 0 1
			emissiveColor 0 0 1
		}
	}
	geometry IndexedLineSet {
		coord Coordinate {
			point [
				-17.1472 1.5373 -0.645687,
				-17.1043 1.52572 -0.816618,
				-17.0952 1.48042 -0.959852,
				-17.0755 1.43287 -1.0615,
				-17.0403 1.42791 -1.15442,
				-17.0042 1.41255 -1.22605,
				-17.011 1.40497 -1.2955,
				-16.999 1.43904 -1.34242,
				-17.0125 1.45987 -1.37674,
				-17.0344 1.47299 -1.40256,
				-17.0344 1.47332 -1.40264,
			]
		}
		coordIndex [
			0, 1, 2, 3, 4, 5, 6, 7, 8, 9, 
			10, -1
		]
	}
}
#---------- POLYLINE
Shape {
	appearance Appearance {
		material Material {
			diffuseColor 0 1 0
			emissiveColor 0 1 0
		}
	}
	geometry IndexedLineSet {
		coord Coordinate {
			point [
				-17.0344 1.47332 -1.40264,
				-16.6215 3.6859 -0.690451,
				-15.9674 7.19092 0.43774,
				-13.2038 13.4613 2.50882,
				-12.8088 14.3575 2.80483,
				-13.0964 21.2259 2.5197,
				-14.2147 47.9369 1.41084,
				-33.1405 500 -17.3559,
			]
		}
		coordIndex [
			0, 1, 2, 3, 4, 5, 6, 7, -1
		]
	}
}
#---------- POLYLINE
Shape {
	appearance Appearance {
		material Material {
			diffuseColor 0 1 0
			emissiveColor 0 1 0
		}
	}
	geometry IndexedLineSet {
		coord Coordinate {
			point [
				-17.0344 1.47332 -1.40264,
				-18.1783 -4.65635 -3.37565,
				-25.352 -43.0962 -15.7486,
				-110.619 -500 -162.816,
			]
		}
		coordIndex [
			0, 1, 2, 3, -1
		]
	}
}
#---------- POLYLINE
Shape {
	appearance Appearance {
		material Material {
			diffuseColor 0.5 0.5 0.5
			emissiveColor 0.5 0.5 0.5
		}
	}
	geometry IndexedLineSet {
		coord Coordinate {
			point [
				-17.1472 1.5373 -0.645687,
				-15.0422 0.648037 2.15108,
				2.1551 -6.61703 25,
				359.665 -157.649 500,
			]
		}
		coordIndex [
			0, 1, 2, 3, -1
		]
	}
}
#---------- POLYLINE
Shape {
	appearance Appearance {
		material Material {
			diffuseColor 0.5 0.5 0.5
			emissiveColor 0.5 0.5 0.5
		}
	}
	geometry IndexedLineSet {
		coord Coordinate {
			point [
				-17.1472 1.5373 -0.645687,
				-17.1472 1.5373 -0.645681,
			]
		}
		coordIndex [
			0, 1, -1
		]
	}
}
#---------- POLYLINE
Shape {
	appearance Appearance {
		material Material {
			diffuseColor 0.5 0.5 0.5
			emissiveColor 0.5 0.5 0.5
		}
	}
	geometry IndexedLineSet {
		coord Coordinate {
			point [
				-20.3213 4.34764 13.6382,
			]
		}
		coordIndex [
			0, -1
		]
	}
}
#---------- POLYLINE
Shape {
	appearance Appearance {
		material Material {
			diffuseColor 0 0 1
			emissiveColor 0 0 1
		}
	}
	geometry IndexedLineSet {
		coord Coordinate {
			point [
				-20.3213 4.34764 13.6382,
				-20.321 4.34707 13.6381,
			]
		}
		coordIndex [
			0, 1, -1
		]
	}
}
#---------- POLYLINE
Shape {
	appearance Appearance {
		material Material {
			diffuseColor 0 1 0
			emissiveColor 0 1 0
		}
	}
	geometry IndexedLineSet {
		coord Coordinate {
			point [
				-20.321 4.34707 13.6381,
				-18.0911 -4.62128 15.2587,
				-14.9949 -17.0741 17.509,
				-14.3075 -19.8388 18.0086,
				-11.2505 -32.1336 20.2303,
				-5.91297 -31.8486 25,
				500 -4.84134 477.089,
			]
		}
		coordIndex [
			0, 1, 2, 3, 4, 5, 6, -1
		]
	}
}
#---------- POLYLINE
Shape {
	appearance Appearance {
		material Material {
			diffuseColor 0 1 0
			emissiveColor 0 1 0
		}
	}
	geometry IndexedLineSet {
		coord Coordinate {
			point [
				-20.321 4.34707 13.6381,
				-20.4777 4.97713 13.5243,
				-29.3118 40.507 7.10389,
				-143.559 500 -75.928,
			]
		}
		coordIndex [
			0, 1, 2, 3, -1
		]
	}
}
#---------- POLYLINE
Shape {
	appearance Appearance {
		material Material {
			diffuseColor 0.5 0.5 0.5
			emissiveColor 0.5 0.5 0.5
		}
	}
	geometry IndexedLineSet {
		coord Coordinate {
			point [
				-20.3213 4.34764 13.6382,
				-15.7203 -2.58542 -12.3682,
				-13.4856 -5.95294 -25,
				70.5495 -132.583 -500,
			]
		}
		coordIndex [
			0, 1, 2, 3, -1
		]
	}
}
#---------- POLYLINE
Shape {
	appearance Appearance {
		material Material {
			diffuseColor 0.5 0.5 0.5
			emissiveColor 0.5 0.5 0.5
		}
	}
	geometry IndexedLineSet {
		coord Coordinate {
			point [
				-20.3213 4.34764 13.6382,
				-20.3213 4.34765 13.6382,
			]
		}
		coordIndex [
			0, 1, -1
		]
	}
}
#---------- POLYLINE
Shape {
	appearance Appearance {
		material Material {
			diffuseColor 0.5 0.5 0.5
			emissiveColor 0.5 0.5 0.5
		}
	}
	geometry IndexedLineSet {
		coord Coordinate {
			point [
				-11.8588 -20.1011 12.5215,
			]
		}
		coordIndex [
			0, -1
		]
	}
}
#---------- POLYLINE
Shape {
	appearance Appearance {
		material Material {
			diffuseColor 0 0 1
			emissiveColor 0 0 1
		}
	}
	geometry IndexedLineSet {
		coord Coordinate {
			point [
				-11.8588 -20.1011 12.5215,
				-11.7472 -20.2339 12.6437,
				-11.7265 -20.2387 12.8275,
				-11.7765 -20.3126 12.95,
				-11.7424 -20.3919 13.0234,
				-11.723 -20.4118 13.0977,
				-11.7276 -20.4603 13.1419,
				-11.7299 -20.4987 13.1839,
				-11.7206 -20.537 13.2032,
				-11.703 -20.5682 13.2034,
				-11.6893 -20.5625 13.2266,
				-11.6886 -20.5662 13.2491,
				-11.6987 -20.5618 13.2601,
				-11.6983 -20.5602 13.2602,
			]
		}
		coordIndex [
			0, 1, 2, 3, 4, 5, 6, 7, 8, 9, 
			10, 11, 12, 13, -1
		]
	}
}
#---------- POLYLINE
Shape {
	appearance Appearance {
		material Material {
			diffuseColor 0 1 0
			emissiveColor 0 1 0
		}
	}
	geometry IndexedLineSet {
		coord Coordinate {
			point [
				-11.6983 -20.5602 13.2602,
				-14.7783 -18.7725 14.3288,
				-45.5364 -0.919987 25,
				-500 262.858 182.672,
			]
		}
		coordIndex [
			0, 1, 2, 3, -1
		]
	}
}
#---------- POLYLINE
Shape {
	appearance Appearance {
		material Material {
			diffuseColor 0 1 0
			emissiveColor 0 1 0
		}
	}
	geometry IndexedLineSet {
		coord Coordinate {
			point [
				-11.6983 -20.5602 13.2602,
				-8.90851 -22.1794 12.2923,
				11.0711 -33.7759 5.36056,
				6.79673 -21.1391 1.89979,
				5.12393 -16.1937 0.545389,
				1.28124 -4.83306 -2.56589,
				-1.91571 4.61845 -5.15433,
				-5.48126 15.1597 -8.04122,
				-7.70836 21.7439 -9.84441,
				-9.8225 27.9942 -11.5562,
				-5.97749 49.6414 14.2236,
				66.4753 457.547 500,
			]
		}
		coordIndex [
			0, 1, 2, 3, 4, 5, 6, 7, 8, 9, 
			10, 11, -1
		]
	}
}
#---------- POLYLINE
Shape {
	appearance Appearance {
		material Material {
			diffuseColor 0.5 0.5 0.5
			emissiveColor 0.5 0.5 0.5
		}
	}
	geometry IndexedLineSet {
		coord Coordinate {
			point [
				-11.8588 -20.1011 12.5215,
				-6.98305 -21.2872 15.5428,
				8.27922 -25.0001 25,
				500 -144.622 329.694,
			]
		}
		coordIndex [
			0, 1, 2, 3, -1
		]
	}
}
#---------- POLYLINE
Shape {
	appearance Appearance {
		material Material {
			diffuseColor 0.5 0.5 0.5
			emissiveColor 0.5 0.5 0.5
		}
	}
	geometry IndexedLineSet {
		coord Coordinate {
			point [
				-11.8588 -20.1011 12.5215,
				-11.8588 -20.1011 12.5215,
			]
		}
		coordIndex [
			0, 1, -1
		]
	}
}
#---------- POLYLINE
Shape {
	appearance Appearance {
		material Material {
			diffuseColor 0.5 0.5 0.5
			emissiveColor 0.5 0.5 0.5
		}
	}
	geometry IndexedLineSet {
		coord Coordinate {
			point [
				-8.22636 -17.2792 -4.97651,
			]
		}
		coordIndex [
			0, -1
		]
	}
}
#---------- POLYLINE
Shape {
	appearance Appearance {
		material Material {
			diffuseColor 0 0 1
			emissiveColor 0 0 1
		}
	}
	geometry IndexedLineSet {
		coord Coordinate {
			point [
				-8.22636 -17.2792 -4.97651,
				-8.25986 -17.2132 -4.73247,
				-8.30692 -17.2218 -4.58761,
				-8.29103 -17.1433 -4.48337,
				-8.27683 -17.0774 -4.39839,
				-8.26782 -17.0301 -4.32553,
				-8.2798 -16.9612 -4.31334,
				-8.32585 -16.9245 -4.30898,
				-8.37081 -16.9035 -4.30954,
				-8.40866 -16.8999 -4.31581,
				-8.42828 -16.9196 -4.33257,
				-8.44957 -16.9017 -4.33423,
				-8.46871 -16.8899 -4.33829,
				-8.46633 -16.8914 -4.3535,
				-8.46365 -16.8895 -4.35403,
				-8.46364 -16.8894 -4.35407,
			]
		}
		coordIndex [
			0, 1, 2, 3, 4, 5, 6, 7, 8, 9, 
			10, 11, 12, 13, 14, 15, -1
		]
	}
}
#---------- POLYLINE
Shape {
	appearance Appearance {
		material Material {
			diffuseColor 0 1 0
			emissiveColor 0 1 0
		}
	}
	geometry IndexedLineSet {
		coord Coordinate {
			point [
				-8.46364 -16.8894 -4.35407,
				-7.86128 -21.8195 -1.64631,
				-4.69239 -47.756 12.5988,
				-5.36537 -49.7113 12.6545,
				-160.349 -500 25.4867,
			]
		}
		coordIndex [
			0, 1, 2, 3, 4, -1
		]
	}
}
#---------- POLYLINE
Shape {
	appearance Appearance {
		material Material {
			diffuseColor 0 1 0
			emissiveColor 0 1 0
		}
	}
	geometry IndexedLineSet {
		coord Coordinate {
			point [
				-8.46364 -16.8894 -4.35407,
				-9.01233 -12.3985 -6.82058,
				-13.0564 20.7014 -25,
				-71.6165 500 -288.244,
			]
		}
		coordIndex [
			0, 1, 2, 3, -1
		]
	}
}
#---------- POLYLINE
Shape {
	appearance Appearance {
		material Material {
			diffuseColor 0.5 0.5 0.5
			emissiveColor 0.5 0.5 0.5
		}
	}
	geometry IndexedLineSet {
		coord Coordinate {
			point [
				-8.22636 -17.2792 -4.97651,
				-7.10615 -13.2225 -8.39666,
				-4.2028 -2.70859 -17.2609,
				-3.30565 0.540266 -20,
				-1.66798 6.47081 -25,
				134.616 500 -441.091,
			]
		}
		coordIndex [
			0, 1, 2, 3, 4, 5, -1
		]
	}
}
#---------- POLYLINE
Shape {
	appearance Appearance {
		material Material {
			diffuseColor 0.5 0.5 0.5
			emissiveColor 0.5 0.5 0.5
		}
	}
	geometry IndexedLineSet {
		coord Coordinate {
			point [
				-8.22636 -17.2792 -4.97651,
				-8.22636 -17.2792 -4.97652,
			]
		}
		coordIndex [
			0, 1, -1
		]
	}
}
#---------- POLYLINE
Shape {
	appearance Appearance {
		material Material {
			diffuseColor 0.5 0.5 0.5
			emissiveColor 0.5 0.5 0.5
		}
	}
	geometry IndexedLineSet {
		coord Coordinate {
			point [
				-13.0511 -17.1039 -14.6054,
			]
		}
		coordIndex [
			0, -1
		]
	}
}
#---------- POLYLINE
Shape {
	appearance Appearance {
		material Material {
			diffuseColor 0 0 1
			emissiveColor 0 0 1
		}
	}
	geometry IndexedLineSet {
		coord Coordinate {
			point [
				-13.0511 -17.1039 -14.6054,
				-13.0607 -17.1691 -14.6133,
				-13.0633 -17.2122 -14.6432,
				-13.0644 -17.2537 -14.6589,
				-13.0814 -17.2737 -14.6338,
				-13.1025 -17.275 -14.6136,
				-13.12 -17.2746 -14.5975,
				-13.1378 -17.2793 -14.6041,
				-13.138 -17.2783 -14.6044,
				-13.1381 -17.2782 -14.6045,
			]
		}
		coordIndex [
			0, 1, 2, 3, 4, 5, 6, 7, 8, 9, -1
		]
	}
}
#---------- POLYLINE
Shape {
	appearance Appearance {
		material Material {
			diffuseColor 0 1 0
			emissiveColor 0 1 0
		}
	}
	geometry IndexedLineSet {
		coord Coordinate {
			point [
				-13.1381 -17.2782 -14.6045,
				-14.5713 -19.3257 -13.5895,
				-29.3689 -40.4656 -3.11019,
				-351.036 -500 224.687,
			]
		}
		coordIndex [
			0, 1, 2, 3, -1
		]
	}
}
#---------- POLYLINE
Shape {
	appearance Appearance {
		material Material {
			diffuseColor 0 1 0
			emissiveColor 0 1 0
		}
	}
	geometry IndexedLineSet {
		coord Coordinate {
			point [
				-13.1381 -17.2782 -14.6045,
				-9.66142 -12.3115 -17.0666,
				1.54119 3.69259 -25,
				348.949 500 -271.026,
			]
		}
		coordIndex [
			0, 1, 2, 3, -1
		]
	}
}
#---------- POLYLINE
Shape {
	appearance Appearance {
		material Material {
			diffuseColor 0.5 0.5 0.5
			emissiveColor 0.5 0.5 0.5
		}
	}
	geometry IndexedLineSet {
		coord Coordinate {
			point [
				-13.0511 -17.1039 -14.6054,
				-10.4465 -22.28 -16.3226,
				2.71553 -48.4374 -25,
				229.936 -500 -174.801,
			]
		}
		coordIndex [
			0, 1, 2, 3, -1
		]
	}
}
#---------- POLYLINE
Shape {
	appearance Appearance {
		material Material {
			diffuseColor 0.5 0.5 0.5
			emissiveColor 0.5 0.5 0.5
		}
	}
	geometry IndexedLineSet {
		coord Coordinate {
			point [
				-13.0511 -17.1039 -14.6054,
				-13.0511 -17.1039 -14.6054,
			]
		}
		coordIndex [
			0, 1, -1
		]
	}
}
#---------- POLYLINE
Shape {
	appearance Appearance {
		material Material {
			diffuseColor 0.5 0.5 0.5
			emissiveColor 0.5 0.5 0.5
		}
	}
	geometry IndexedLineSet {
		coord Coordinate {
			point [
				-12.5231 -16.9559 15.1657,
			]
		}
		coordIndex [
			0, -1
		]
	}
}
#---------- POLYLINE
Shape {
	appearance Appearance {
		material Material {
			diffuseColor 0 0 1
			emissiveColor 0 0 1
		}
	}
	geometry IndexedLineSet {
		coord Coordinate {
			point [
				-12.5231 -16.9559 15.1657,
				-12.4793 -17.0568 15.2041,
				-12.4679 -17.1527 15.2362,
				-12.4872 -17.2278 15.2649,
				-12.4823 -17.2717 15.3188,
				-12.4933 -17.3049 15.3652,
				-12.5116 -17.3259 15.4048,
				-12.5194 -17.3304 15.4387,
				-12.5208 -17.302 15.4428,
				-12.5257 -17.2982 15.4651,
				-12.5245 -17.297 15.4781,
				-12.525 -17.2968 15.4782,
			]
		}
		coordIndex [
			0, 1, 2, 3, 4, 5, 6, 7, 8, 9, 
			10, 11, -1
		]
	}
}
#---------- POLYLINE
Shape {
	appearance Appearance {
		material Material {
			diffuseColor 0 1 0
			emissiveColor 0 1 0
		}
	}
	geometry IndexedLineSet {
		coord Coordinate {
			point [
				-12.525 -17.2968 15.4782,
				-9.89919 -19.7716 20,
				-6.99565 -22.508 25,
				268.841 -282.473 500,
			]
		}
		coordIndex [
			0, 1, 2, 3, -1
		]
	}
}
#---------- POLYLINE
Shape {
	appearance Appearance {
		material Material {
			diffuseColor 0 1 0
			emissiveColor 0 1 0
		}
	}
	geometry IndexedLineSet {
		coord Coordinate {
			point [
				-12.525 -17.2968 15.4782,
				-14.6003 -15.341 11.9046,
				-36.0311 4.85672 -25,
				-311.868 264.822 -500,
			]
		}
		coordIndex [
			0, 1, 2, 3, -1
		]
	}
}
#---------- POLYLINE
Shape {
	appearance Appearance {
		material Material {
			diffuseColor 0.5 0.5 0.5
			emissiveColor 0.5 0.5 0.5
		}
	}
	geometry IndexedLineSet {
		coord Coordinate {
			point [
				-12.5231 -16.9559 15.1657,
				-9.41408 -20.9425 20,
				-6.19856 -25.0657 25,
				299.276 -416.772 500,
			]
		}
		coordIndex [
			0, 1, 2, 3, -1
		]
	}
}
#---------- POLYLINE
Shape {
	appearance Appearance {
		material Material {
			diffuseColor 0.5 0.5 0.5
			emissiveColor 0.5 0.5 0.5
		}
	}
	geometry IndexedLineSet {
		coord Coordinate {
			point [
				-12.5231 -16.9559 15.1657,
				-12.5231 -16.9559 15.1657,
			]
		}
		coordIndex [
			0, 1, -1
		]
	}
}
#---------- POLYLINE
Shape {
	appearance Appearance {
		material Material {
			diffuseColor 0.5 0.5 0.5
			emissiveColor 0.5 0.5 0.5
		}
	}
	geometry IndexedLineSet {
		coord Coordinate {
			point [
				-6.50605 -15.1241 -14.5607,
			]
		}
		coordIndex [
			0, -1
		]
	}
}
#---------- POLYLINE
Shape {
	appearance Appearance {
		material Material {
			diffuseColor 0 0 1
			emissiveColor 0 0 1
		}
	}
	geometry IndexedLineSet {
		coord Coordinate {
			point [
				-6.50605 -15.1241 -14.5607,
				-6.4386 -15.1067 -14.6938,
				-6.38138 -15.0835 -14.8216,
				-6.32918 -15.0686 -14.9433,
				-6.33545 -15.0696 -15.0643,
				-6.32524 -15.0951 -15.1768,
				-6.29564 -15.1524 -15.2678,
				-6.2586 -15.2236 -15.332,
				-6.2202 -15.2781 -15.4011,
				-6.17825 -15.3097 -15.4752,
				-6.12856 -15.3198 -15.544,
				-6.07685 -15.3303 -15.6063,
				-6.03148 -15.3356 -15.6683,
				-5.98264 -15.3175 -15.7119,
				-5.95535 -15.2747 -15.7567,
				-5.90254 -15.287 -15.7313,
				-5.86224 -15.3214 -15.6991,
				-5.82596 -15.3576 -15.6737,
				-5.77556 -15.3713 -15.6736,
				-5.72555 -15.3769 -15.6682,
				-5.68014 -15.3899 -15.6618,
				-5.64083 -15.4065 -15.6471,
				-5.60991 -15.4227 -15.6237,
				-5.58567 -15.4379 -15.5952,
				-5.56259 -15.4508 -15.5692,
				-5.53487 -15.4648 -15.5526,
				-5.5129 -15.4799 -15.5322,
				-5.49256 -15.491 -15.511,
				-5.47664 -15.4904 -15.486,
				-5.46889 -15.488 -15.4594,
				-5.46646 -15.4807 -15.4338,
				-5.46037 -15.4738 -15.4101,
				-5.45193 -15.4656 -15.3891,
				-5.44269 -15.4564 -15.3703,
				-5.4499 -15.4468 -15.3555,
				-5.46586 -15.438 -15.3473,
				-5.48449 -15.4323 -15.3469,
				-5.50189 -15.429 -15.3468,
				-5.51788 -15.4284 -15.347,
				-5.53301 -15.4274 -15.3494,
				-5.54583 -15.4264 -15.3562,
				-5.55847 -15.4251 -15.3607,
				-5.60571 -15.4217 -15.3695,
				-5.63289 -15.3928 -15.3635,
				-5.65386 -15.3734 -15.3485,
				-5.67565 -15.359 -15.3406,
				-5.69413 -15.3472 -15.3364,
				-5.69016 -15.3567 -15.3363,
				-5.68975 -15.3572 -15.3361,
			]
		}
		coordIndex [
			0, 1, 2, 3, 4, 5, 6, 7, 8, 9, 
			10, 11, 12, 13, 14, 15, 16, 17, 18, 19, 
			20, 21, 22, 23, 24, 25, 26, 27, 28, 29, 
			30, 31, 32, 33, 34, 35, 36, 37, 38, 39, 
			40, 41, 42, 43, 44, 45, 46, 47, 48, -1
		]
	}
}
#---------- POLYLINE
Shape {
	appearance Appearance {
		material Material {
			diffuseColor 0 1 0
			emissiveColor 0 1 0
		}
	}
	geometry IndexedLineSet {
		coord Coordinate {
			point [
				-5.68975 -15.3572 -15.3361,
				-7.03503 -18.0801 -20,
				-8.47728 -20.9992 -25,
				-145.49 -298.317 -500,
			]
		}
		coordIndex [
			0, 1, 2, 3, -1
		]
	}
}
#---------- POLYLINE
Shape {
	appearance Appearance {
		material Material {
			diffuseColor 0 1 0
			emissiveColor 0 1 0
		}
	}
	geometry IndexedLineSet {
		coord Coordinate {
			point [
				-5.68975 -15.3572 -15.3361,
				-5.53644 -15.0469 -14.8046,
				-0.557254 -4.96885 2.45733,
				3.60794 3.46162 16.8973,
				5.94514 8.19219 25,
				142.958 285.51 500,
			]
		}
		coordIndex [
			0, 1, 2, 3, 4, 5, -1
		]
	}
}
#---------- POLYLINE
Shape {
	appearance Appearance {
		material Material {
			diffuseColor 0.5 0.5 0.5
			emissiveColor 0.5 0.5 0.5
		}
	}
	geometry IndexedLineSet {
		coord Coordinate {
			point [
				-6.50605 -15.1241 -14.5607,
				-5.48989 -15.1416 -17.634,
				-3.05441 -15.1835 -25,
				153.999 -17.8879 -500,
			]
		}
		coordIndex [
			0, 1, 2, 3, -1
		]
	}
}
#---------- POLYLINE
Shape {
	appearance Appearance {
		material Material {
			diffuseColor 0.5 0.5 0.5
			emissiveColor 0.5 0.5 0.5
		}
	}
	geometry IndexedLineSet {
		coord Coordinate {
			point [
				-6.50605 -15.1241 -14.5607,
				-6.50606 -15.1241 -14.5607,
			]
		}
		coordIndex [
			0, 1, -1
		]
	}
}
#---------- POLYLINE
Shape {
	appearance Appearance {
		material Material {
			diffuseColor 0.5 0.5 0.5
			emissiveColor 0.5 0.5 0.5
		}
	}
	geometry IndexedLineSet {
		coord Coordinate {
			point [
				-13.5944 -14.3037 6.12963,
			]
		}
		coordIndex [
			0, -1
		]
	}
}
#---------- POLYLINE
Shape {
	appearance Appearance {
		material Material {
			diffuseColor 0 0 1
			emissiveColor 0 0 1
		}
	}
	geometry IndexedLineSet {
		coord Coordinate {
			point [
				-13.5944 -14.3037 6.12963,
				-13.4877 -14.3095 6.1997,
				-13.4094 -14.306 6.29239,
				-13.3572 -14.3066 6.39326,
				-13.3283 -14.2957 6.49665,
				-13.3068 -14.2831 6.59059,
				-13.3024 -14.2939 6.67933,
				-13.3062 -14.2957 6.75947,
				-13.3239 -14.3165 6.82908,
				-13.3433 -14.3392 6.8933,
				-13.3635 -14.3529 6.95585,
				-13.3737 -14.3638 7.01604,
				-13.3782 -14.3597 7.07486,
				-13.3759 -14.3547 7.13047,
				-13.3661 -14.364 7.18076,
				-13.3478 -14.373 7.22488,
				-13.297 -14.4162 7.32769,
				-13.2841 -14.4805 7.39941,
				-13.2789 -14.5491 7.4429,
				-13.2561 -14.5629 7.50907,
				-13.2756 -14.5874 7.55825,
				-13.3085 -14.5942 7.59575,
				-13.3244 -14.618 7.62791,
				-13.347 -14.6459 7.63516,
				-13.3353 -14.6727 7.6384,
				-13.3431 -14.6962 7.63719,
				-13.3431 -14.6962 7.6372,
			]
		}
		coordIndex [
			0, 1, 2, 3, 4, 5, 6, 7, 8, 9, 
			10, 11, 12, 13, 14, 15, 16, 17, 18, 19, 
			20, 21, 22, 23, 24, 25, 26, -1
		]
	}
}
#---------- POLYLINE
Shape {
	appearance Appearance {
		material Material {
			diffuseColor 0 1 0
			emissiveColor 0 1 0
		}
	}
	geometry IndexedLineSet {
		coord Coordinate {
			point [
				-13.3431 -14.6962 7.6372,
				-14.0108 -20.2855 5.92538,
				-17.1963 -46.9499 -2.24107,
				-71.3189 -500 -140.996,
			]
		}
		coordIndex [
			0, 1, 2, 3, -1
		]
	}
}
#---------- POLYLINE
Shape {
	appearance Appearance {
		material Material {
			diffuseColor 0 1 0
			emissiveColor 0 1 0
		}
	}
	geometry IndexedLineSet {
		coord Coordinate {
			point [
				-13.3431 -14.6962 7.6372,
				-13.1947 -13.4537 8.01773,
				-10.4817 9.25639 14.9731,
				-8.72921 12.4642 13.5805,
				-5.24415 18.8433 10.8109,
				11.0962 48.7532 -2.1744,
				257.621 500 -198.083,
			]
		}
		coordIndex [
			0, 1, 2, 3, 4, 5, 6, -1
		]
	}
}
#---------- POLYLINE
Shape {
	appearance Appearance {
		material Material {
			diffuseColor 0.5 0.5 0.5
			emissiveColor 0.5 0.5 0.5
		}
	}
	geometry IndexedLineSet {
		coord Coordinate {
			point [
				-13.5944 -14.3037 6.12963,
				-14.2171 -14.6137 7.0978,
				-25.7304 -20.3469 25,
				-331.215 -172.467 500,
			]
		}
		coordIndex [
			0, 1, 2, 3, -1
		]
	}
}
#---------- POLYLINE
Shape {
	appearance Appearance {
		material Material {
			diffuseColor 0.5 0.5 0.5
			emissiveColor 0.5 0.5 0.5
		}
	}
	geometry IndexedLineSet {
		coord Coordinate {
			point [
				-13.5944 -14.3037 6.12963,
				-13.5945 -14.3037 6.12962,
			]
		}
		coordIndex [
			0, 1, -1
		]
	}
}
#---------- POLYLINE
Shape {
	appearance Appearance {
		material Material {
			diffuseColor 0.5 0.5 0.5
			emissiveColor 0.5 0.5 0.5
		}
	}
	geometry IndexedLineSet {
		coord Coordinate {
			point [
				-7.24094 -16.3122 9.7418,
			]
		}
		coordIndex [
			0, -1
		]
	}
}
#---------- POLYLINE
Shape {
	appearance Appearance {
		material Material {
			diffuseColor 0.5 0.5 0.5
			emissiveColor 0.5 0.5 0.5
		}
	}
	geometry IndexedLineSet {
		coord Coordinate {
			point [
				-7.24094 -16.3122 9.7418,
				-12.6476 -13.0585 -2.66128,
				-22.3853 -7.19831 -25,
				-229.443 117.41 -500,
			]
		}
		coordIndex [
			0, 1, 2, 3, -1
		]
	}
}
#---------- POLYLINE
Shape {
	appearance Appearance {
		material Material {
			diffuseColor 0.5 0.5 0.5
			emissiveColor 0.5 0.5 0.5
		}
	}
	geometry IndexedLineSet {
		coord Coordinate {
			point [
				-7.24094 -16.3122 9.7418,
				-7.24093 -16.3122 9.74182,
			]
		}
		coordIndex [
			0, 1, -1
		]
	}
}
#---------- POLYLINE
Shape {
	appearance Appearance {
		material Material {
			diffuseColor 1 0 0
			emissiveColor 1 0 0
		}
	}
	geometry IndexedLineSet {
		coord Coordinate {
			point [
				-7.24094 -16.3122 9.7418,
				-7.24094 -16.3122 9.7418,
			]
		}
		coordIndex [
			0, 1, -1
		]
	}
}
#---------- POLYLINE
Shape {
	appearance Appearance {
		material Material {
			diffuseColor 1 0 0
			emissiveColor 1 0 0
		}
	}
	geometry IndexedLineSet {
		coord Coordinate {
			point [
				-7.24094 -16.3122 9.7418,
				-7.24094 -16.3122 9.7418,
			]
		}
		coordIndex [
			0, 1, -1
		]
	}
}
#---------- POLYLINE
Shape {
	appearance Appearance {
		material Material {
			diffuseColor 0.5 0.5 0.5
			emissiveColor 0.5 0.5 0.5
		}
	}
	geometry IndexedLineSet {
		coord Coordinate {
			point [
				-7.61842 -13.3385 -10.8918,
			]
		}
		coordIndex [
			0, -1
		]
	}
}
#---------- POLYLINE
Shape {
	appearance Appearance {
		material Material {
			diffuseColor 0 0 1
			emissiveColor 0 0 1
		}
	}
	geometry IndexedLineSet {
		coord Coordinate {
			point [
				-7.61842 -13.3385 -10.8918,
				-7.60156 -13.365 -10.9151,
				-7.589 -13.3941 -10.9336,
				-7.57074 -13.4231 -10.9411,
				-7.51665 -13.5042 -10.9567,
				-7.44379 -13.5481 -10.9609,
				-7.38979 -13.5916 -10.9435,
				-7.33408 -13.6163 -10.9408,
				-7.28299 -13.6215 -10.928,
				-7.24214 -13.6291 -10.9108,
				-7.22604 -13.6428 -10.8886,
				-7.2296 -13.6177 -10.8852,
				-7.23688 -13.6033 -10.8973,
				-7.23111 -13.6025 -10.888,
				-7.23114 -13.6026 -10.8877,
			]
		}
		coordIndex [
			0, 1, 2, 3, 4, 5, 6, 7, 8, 9, 
			10, 11, 12, 13, 14, -1
		]
	}
}
#---------- POLYLINE
Shape {
	appearance Appearance {
		material Material {
			diffuseColor 0 1 0
			emissiveColor 0 1 0
		}
	}
	geometry IndexedLineSet {
		coord Coordinate {
			point [
				-7.23114 -13.6026 -10.8877,
				-6.43775 -13.7914 -10.9006,
				5.06003 -16.5276 -11.0888,
				14.7584 -18.8355 -11.2474,
				25.3062 -21.3456 -11.42,
				27.6834 -41.6369 -17.9999,
				81.3827 -500 -166.635,
			]
		}
		coordIndex [
			0, 1, 2, 3, 4, 5, 6, -1
		]
	}
}
#---------- POLYLINE
Shape {
	appearance Appearance {
		material Material {
			diffuseColor 0 1 0
			emissiveColor 0 1 0
		}
	}
	geometry IndexedLineSet {
		coord Coordinate {
			point [
				-7.23114 -13.6026 -10.8877,
				-11.6 -12.5629 -10.8162,
				-37.2754 -6.45283 -10.3961,
				-45.7556 13.2622 2.00722,
				-45.2348 10.9541 3.22858,
				-49.8852 3.38587 11.7844,
				-315.25 -428.474 500,
			]
		}
		coordIndex [
			0, 1, 2, 3, 4, 5, 6, -1
		]
	}
}
#---------- POLYLINE
Shape {
	appearance Appearance {
		material Material {
			diffuseColor 0.5 0.5 0.5
			emissiveColor 0.5 0.5 0.5
		}
	}
	geometry IndexedLineSet {
		coord Coordinate {
			point [
				-7.61842 -13.3385 -10.8918,
				-7.75664 -12.8315 -11.0494,
				-19.9866 32.0292 -25,
				-147.565 500 -170.527,
			]
		}
		coordIndex [
			0, 1, 2, 3, -1
		]
	}
}
#---------- POLYLINE
Shape {
	appearance Appearance {
		material Material {
			diffuseColor 0.5 0.5 0.5
			emissiveColor 0.5 0.5 0.5
		}
	}
	geometry IndexedLineSet {
		coord Coordinate {
			point [
				-7.61842 -13.3385 -10.8918,
				-7.61842 -13.3385 -10.8918,
			]
		}
		coordIndex [
			0, 1, -1
		]
	}
}
#---------- POLYLINE
Shape {
	appearance Appearance {
		material Material {
			diffuseColor 0.5 0.5 0.5
			emissiveColor 0.5 0.5 0.5
		}
	}
	geometry IndexedLineSet {
		coord Coordinate {
			point [
				-13.1247 -15.7277 12.2549,
			]
		}
		coordIndex [
			0, -1
		]
	}
}
#---------- POLYLINE
Shape {
	appearance Appearance {
		material Material {
			diffuseColor 0 0 1
			emissiveColor 0 0 1
		}
	}
	geometry IndexedLineSet {
		coord Coordinate {
			point [
				-13.1247 -15.7277 12.2549,
				-13.2694 -15.813 12.129,
				-13.3998 -15.8628 12.0236,
				-13.5232 -15.8576 11.9706,
				-13.5733 -15.82 11.8857,
				-13.5698 -15.8 11.7983,
				-13.5732 -15.7703 11.7522,
				-13.5725 -15.7489 11.715,
				-13.5526 -15.746 11.6851,
				-13.5462 -15.7435 11.6564,
			]
		}
		coordIndex [
			0, 1, 2, 3, 4, 5, 6, 7, 8, 9, -1
		]
	}
}
#---------- POLYLINE
Shape {
	appearance Appearance {
		material Material {
			diffuseColor 0 1 0
			emissiveColor 0 1 0
		}
	}
	geometry IndexedLineSet {
		coord Coordinate {
			point [
				-13.5462 -15.7435 11.6564,
				-14.7296 -18.922 12.5346,
				-24.0127 -43.8565 19.4244,
				-193.835 -500 145.463,
			]
		}
		coordIndex [
			0, 1, 2, 3, -1
		]
	}
}
#---------- POLYLINE
Shape {
	appearance Appearance {
		material Material {
			diffuseColor 0 1 0
			emissiveColor 0 1 0
		}
	}
	geometry IndexedLineSet {
		coord Coordinate {
			point [
				-13.5462 -15.7435 11.6564,
				-12.5174 -12.9799 10.8928,
				10.5139 48.8821 -6.20061,
				178.465 500 -130.851,
			]
		}
		coordIndex [
			0, 1, 2, 3, -1
		]
	}
}
#---------- POLYLINE
Shape {
	appearance Appearance {
		material Material {
			diffuseColor 0.5 0.5 0.5
			emissiveColor 0.5 0.5 0.5
		}
	}
	geometry IndexedLineSet {
		coord Coordinate {
			point [
				-13.1247 -15.7277 12.2549,
				-14.0137 -14.3184 12.7813,
				-19.8925 -4.99884 16.262,
				-24.4651 2.25004 18.9694,
				-34.6504 18.3966 25,
				-338.447 500 204.874,
			]
		}
		coordIndex [
			0, 1, 2, 3, 4, 5, -1
		]
	}
}
#---------- POLYLINE
Shape {
	appearance Appearance {
		material Material {
			diffuseColor 0.5 0.5 0.5
			emissiveColor 0.5 0.5 0.5
		}
	}
	geometry IndexedLineSet {
		coord Coordinate {
			point [
				-13.1247 -15.7277 12.2549,
				-13.1247 -15.7277 12.2549,
			]
		}
		coordIndex [
			0, 1, -1
		]
	}
}
#---------- POLYLINE
Shape {
	appearance Appearance {
		material Material {
			diffuseColor 0.5 0.5 0.5
			emissiveColor 0.5 0.5 0.5
		}
	}
	geometry IndexedLineSet {
		coord Coordinate {
			point [
				-6.83315 -20.4988 -7.99447,
			]
		}
		coordIndex [
			0, -1
		]
	}
}
#---------- POLYLINE
Shape {
	appearance Appearance {
		material Material {
			diffuseColor 0 0 1
			emissiveColor 0 0 1
		}
	}
	geometry IndexedLineSet {
		coord Coordinate {
			point [
				-6.83315 -20.4988 -7.99447,
				-6.88189 -20.4313 -7.9441,
				-6.90842 -20.3723 -7.88464,
				-6.93759 -20.3204 -7.83038,
				-6.98626 -20.2974 -7.78059,
				-7.04643 -20.2745 -7.75559,
				-7.18239 -20.2547 -7.72035,
				-7.28584 -20.2654 -7.65253,
				-7.35663 -20.2555 -7.5816,
				-7.40807 -20.2771 -7.51624,
				-7.44203 -20.2238 -7.54773,
				-7.43927 -20.2228 -7.60795,
				-7.40543 -20.2193 -7.64061,
				-7.40667 -20.2201 -7.67489,
				-7.39254 -20.2065 -7.69462,
				-7.38252 -20.206 -7.71385,
				-7.38396 -20.2157 -7.7214,
				-7.38435 -20.2154 -7.72209,
			]
		}
		coordIndex [
			0, 1, 2, 3, 4, 5, 6, 7, 8, 9, 
			10, 11, 12, 13, 14, 15, 16, 17, -1
		]
	}
}
#---------- POLYLINE
Shape {
	appearance Appearance {
		material Material {
			diffuseColor 0 1 0
			emissiveColor 0 1 0
		}
	}
	geometry IndexedLineSet {
		coord Coordinate {
			point [
				-7.38435 -20.2154 -7.72209,
				-6.16427 -14.0926 -8.10919,
				-3.96343 -3.04814 -8.80747,
				-2.49229 4.33457 -9.27423,
				4.86795 41.2707 -11.6095,
				-0.765535 49.9941 -7.51647,
				-291.372 500 203.624,
			]
		}
		coordIndex [
			0, 1, 2, 3, 4, 5, 6, -1
		]
	}
}
#---------- POLYLINE
Shape {
	appearance Appearance {
		material Material {
			diffuseColor 0 1 0
			emissiveColor 0 1 0
		}
	}
	geometry IndexedLineSet {
		coord Coordinate {
			point [
				-7.38435 -20.2154 -7.72209,
				-7.68669 -21.7327 -7.62616,
				-12.978 -48.2863 -5.94733,
				-102.991 -500 22.6117,
			]
		}
		coordIndex [
			0, 1, 2, 3, -1
		]
	}
}
#---------- POLYLINE
Shape {
	appearance Appearance {
		material Material {
			diffuseColor 0.5 0.5 0.5
			emissiveColor 0.5 0.5 0.5
		}
	}
	geometry IndexedLineSet {
		coord Coordinate {
			point [
				-6.83315 -20.4988 -7.99447,
				-5.98757 -20.2833 -9.28394,
				4.31836 -17.6573 -25,
				315.803 61.7127 -500,
			]
		}
		coordIndex [
			0, 1, 2, 3, -1
		]
	}
}
#---------- POLYLINE
Shape {
	appearance Appearance {
		material Material {
			diffuseColor 0.5 0.5 0.5
			emissiveColor 0.5 0.5 0.5
		}
	}
	geometry IndexedLineSet {
		coord Coordinate {
			point [
				-6.83315 -20.4988 -7.99447,
				-6.83314 -20.4988 -7.99447,
			]
		}
		coordIndex [
			0, 1, -1
		]
	}
}
#---------- POLYLINE
Shape {
	appearance Appearance {
		material Material {
			diffuseColor 0.5 0.5 0.5
			emissiveColor 0.5 0.5 0.5
		}
	}
	geometry IndexedLineSet {
		coord Coordinate {
			point [
				7.62067 -17.1028 -16.7863,
			]
		}
		coordIndex [
			0, -1
		]
	}
}
#---------- POLYLINE
Shape {
	appearance Appearance {
		material Material {
			diffuseColor 0 0 1
			emissiveColor 0 0 1
		}
	}
	geometry IndexedLineSet {
		coord Coordinate {
			point [
				7.62067 -17.1028 -16.7863,
				7.58915 -17.1239 -16.7871,
				7.56185 -17.1392 -16.7882,
				7.53934 -17.1483 -16.7791,
				7.54407 -17.1294 -16.7883,
				7.54897 -17.1261 -16.7882,
				7.54909 -17.1258 -16.7883,
			]
		}
		coordIndex [
			0, 1, 2, 3, 4, 5, 6, -1
		]
	}
}
#---------- POLYLINE
Shape {
	appearance Appearance {
		material Material {
			diffuseColor 0 1 0
			emissiveColor 0 1 0
		}
	}
	geometry IndexedLineSet {
		coord Coordinate {
			point [
				7.54909 -17.1258 -16.7883,
				11.37 -12.4914 -13.4127,
				17.92 -4.54684 -7.62622,
				24.0669 2.90868 -2.19588,
				37.7579 19.5146 9.89925,
				16.8857 36.8814 25,
				-500 466.961 398.96,
			]
		}
		coordIndex [
			0, 1, 2, 3, 4, 5, 6, -1
		]
	}
}
#---------- POLYLINE
Shape {
	appearance Appearance {
		material Material {
			diffuseColor 0 1 0
			emissiveColor 0 1 0
		}
	}
	geometry IndexedLineSet {
		coord Coordinate {
			point [
				7.54909 -17.1258 -16.7883,
				5.54078 -19.5617 -18.5625,
				-1.74608 -28.4 -25,
				-390.565 -500 -368.497,
			]
		}
		coordIndex [
			0, 1, 2, 3, -1
		]
	}
}
#---------- POLYLINE
Shape {
	appearance Appearance {
		material Material {
			diffuseColor 0.5 0.5 0.5
			emissiveColor 0.5 0.5 0.5
		}
	}
	geometry IndexedLineSet {
		coord Coordinate {
			point [
				7.62067 -17.1028 -16.7863,
				9.9318 -18.3462 -20,
				13.5275 -20.2807 -25,
				355.121 -204.063 -500,
			]
		}
		coordIndex [
			0, 1, 2, 3, -1
		]
	}
}
#---------- POLYLINE
Shape {
	appearance Appearance {
		material Material {
			diffuseColor 0.5 0.5 0.5
			emissiveColor 0.5 0.5 0.5
		}
	}
	geometry IndexedLineSet {
		coord Coordinate {
			point [
				7.62067 -17.1028 -16.7863,
				7.62067 -17.1028 -16.7863,
			]
		}
		coordIndex [
			0, 1, -1
		]
	}
}
#---------- POLYLINE
Shape {
	appearance Appearance {
		material Material {
			diffuseColor 0.5 0.5 0.5
			emissiveColor 0.5 0.5 0.5
		}
	}
	geometry IndexedLineSet {
		coord Coordinate {
			point [
				11.7249 -21.4273 -11.5545,
			]
		}
		coordIndex [
			0, -1
		]
	}
}
#---------- POLYLINE
Shape {
	appearance Appearance {
		material Material {
			diffuseColor 0 0 1
			emissiveColor 0 0 1
		}
	}
	geometry IndexedLineSet {
		coord Coordinate {
			point [
				11.7249 -21.4273 -11.5545,
				11.6691 -21.4014 -11.4891,
				11.6319 -21.3175 -11.4686,
				11.5854 -21.2531 -11.4432,
				11.5261 -21.2141 -11.4012,
				11.4597 -21.1839 -11.3724,
				11.3902 -21.1916 -11.3595,
				11.3211 -21.2075 -11.3612,
				11.1422 -21.2252 -11.3563,
				10.9967 -21.2165 -11.394,
				10.8904 -21.1654 -11.4024,
				10.8284 -21.0878 -11.4262,
				10.7974 -21.0302 -11.4516,
				10.8034 -21.0151 -11.5057,
				10.8253 -21.021 -11.5459,
				10.8362 -21.0161 -11.5641,
				10.8317 -21.0173 -11.5672,
				10.8314 -21.0174 -11.5671,
			]
		}
		coordIndex [
			0, 1, 2, 3, 4, 5, 6, 7, 8, 9, 
			10, 11, 12, 13, 14, 15, 16, 17, -1
		]
	}
}
#---------- POLYLINE
Shape {
	appearance Appearance {
		material Material {
			diffuseColor 0 1 0
			emissiveColor 0 1 0
		}
	}
	geometry IndexedLineSet {
		coord Coordinate {
			point [
				10.8314 -21.0174 -11.5671,
				5.38861 -15.3674 -13.0034,
				-39.2519 30.9724 -24.7839,
				-491.081 500 -144.02,
			]
		}
		coordIndex [
			0, 1, 2, 3, -1
		]
	}
}
#---------- POLYLINE
Shape {
	appearance Appearance {
		material Material {
			diffuseColor 0 1 0
			emissiveColor 0 1 0
		}
	}
	geometry IndexedLineSet {
		coord Coordinate {
			point [
				10.8314 -21.0174 -11.5671,
				11.7591 -21.9803 -11.3223,
				29.4851 -40.3811 -6.64442,
				472.25 -500 110.2,
			]
		}
		coordIndex [
			0, 1, 2, 3, -1
		]
	}
}
#---------- POLYLINE
Shape {
	appearance Appearance {
		material Material {
			diffuseColor 0.5 0.5 0.5
			emissiveColor 0.5 0.5 0.5
		}
	}
	geometry IndexedLineSet {
		coord Coordinate {
			point [
				11.7249 -21.4273 -11.5545,
				12.2024 -21.7888 -11.1411,
				33.0171 -37.5482 6.88396,
				500 -391.114 411.279,
			]
		}
		coordIndex [
			0, 1, 2, 3, -1
		]
	}
}
#---------- POLYLINE
Shape {
	appearance Appearance {
		material Material {
			diffuseColor 0.5 0.5 0.5
			emissiveColor 0.5 0.5 0.5
		}
	}
	geometry IndexedLineSet {
		coord Coordinate {
			point [
				11.7249 -21.4273 -11.5545,
				11.7249 -21.4273 -11.5545,
			]
		}
		coordIndex [
			0, 1, -1
		]
	}
}
#---------- POLYLINE
Shape {
	appearance Appearance {
		material Material {
			diffuseColor 0.5 0.5 0.5
			emissiveColor 0.5 0.5 0.5
		}
	}
	geometry IndexedLineSet {
		coord Coordinate {
			point [
				11.3315 -20.1589 -6.78307,
			]
		}
		coordIndex [
			0, -1
		]
	}
}
#---------- POLYLINE
Shape {
	appearance Appearance {
		material Material {
			diffuseColor 0 0 1
			emissiveColor 0 0 1
		}
	}
	geometry IndexedLineSet {
		coord Coordinate {
			point [
				11.3315 -20.1589 -6.78307,
				11.1647 -20.1313 -6.94365,
				11.0799 -20.0666 -7.11019,
				10.9468 -20.1509 -7.05764,
				10.8183 -20.1658 -7.00301,
				10.7392 -20.2148 -6.92595,
				10.6905 -20.2352 -6.8585,
				10.6371 -20.2134 -6.81809,
				10.6028 -20.1649 -6.83023,
				10.5852 -20.1323 -6.83386,
				10.5781 -20.1131 -6.85872,
				10.5706 -20.1053 -6.88397,
				10.5662 -20.0848 -6.89513,
				10.5656 -20.0965 -6.9086,
				10.5653 -20.0966 -6.90842,
			]
		}
		coordIndex [
			0, 1, 2, 3, 4, 5, 6, 7, 8, 9, 
			10, 11, 12, 13, 14, -1
		]
	}
}
#---------- POLYLINE
Shape {
	appearance Appearance {
		material Material {
			diffuseColor 0 1 0
			emissiveColor 0 1 0
		}
	}
	geometry IndexedLineSet {
		coord Coordinate {
			point [
				10.5653 -20.0966 -6.90842,
				10.934 -22.212 -11.5235,
				12.0107 -28.3893 -25,
				49.9584 -246.118 -500,
			]
		}
		coordIndex [
			0, 1, 2, 3, -1
		]
	}
}
#---------- POLYLINE
Shape {
	appearance Appearance {
		material Material {
			diffuseColor 0 1 0
			emissiveColor 0 1 0
		}
	}
	geometry IndexedLineSet {
		coord Coordinate {
			point [
				10.5653 -20.0966 -6.90842,
				9.21721 -12.3617 9.96618,
				8.01615 -5.47052 25,
				-29.9316 212.258 500,
			]
		}
		coordIndex [
			0, 1, 2, 3, -1
		]
	}
}
#---------- POLYLINE
Shape {
	appearance Appearance {
		material Material {
			diffuseColor 0.5 0.5 0.5
			emissiveColor 0.5 0.5 0.5
		}
	}
	geometry IndexedLineSet {
		coord Coordinate {
			point [
				11.3315 -20.1589 -6.78307,
				12.6202 -21.5585 -7.41626,
				29.7636 -40.1762 -15.8393,
				453.174 -500 -223.872,
			]
		}
		coordIndex [
			0, 1, 2, 3, -1
		]
	}
}
#---------- POLYLINE
Shape {
	appearance Appearance {
		material Material {
			diffuseColor 0.5 0.5 0.5
			emissiveColor 0.5 0.5 0.5
		}
	}
	geometry IndexedLineSet {
		coord Coordinate {
			point [
				11.3315 -20.1589 -6.78307,
				11.3315 -20.1589 -6.78306,
			]
		}
		coordIndex [
			0, 1, -1
		]
	}
}
#---------- POLYLINE
Shape {
	appearance Appearance {
		material Material {
			diffuseColor 0.5 0.5 0.5
			emissiveColor 0.5 0.5 0.5
		}
	}
	geometry IndexedLineSet {
		coord Coordinate {
			point [
				12.9747 -14.001 16.4443,
			]
		}
		coordIndex [
			0, -1
		]
	}
}
#---------- POLYLINE
Shape {
	appearance Appearance {
		material Material {
			diffuseColor 0 0 1
			emissiveColor 0 0 1
		}
	}
	geometry IndexedLineSet {
		coord Coordinate {
			point [
				12.9747 -14.001 16.4443,
				12.958 -14.0148 16.519,
				12.939 -13.9945 16.5804,
				12.9245 -14.0086 16.6339,
				12.9498 -13.9736 16.6579,
				12.9622 -13.9508 16.6863,
				12.9794 -13.9325 16.7009,
				12.9706 -13.9113 16.7072,
				12.9813 -13.9057 16.7154,
				12.9818 -13.9053 16.7157,
			]
		}
		coordIndex [
			0, 1, 2, 3, 4, 5, 6, 7, 8, 9, -1
		]
	}
}
#---------- POLYLINE
Shape {
	appearance Appearance {
		material Material {
			diffuseColor 0 1 0
			emissiveColor 0 1 0
		}
	}
	geometry IndexedLineSet {
		coord Coordinate {
			point [
				12.9818 -13.9053 16.7157,
				14.8698 -18.4334 12.9354,
				24.2757 -40.9923 -5.8981,
				13.6041 -37.0773 25,
				-150.451 23.107 500,
			]
		}
		coordIndex [
			0, 1, 2, 3, 4, -1
		]
	}
}
#---------- POLYLINE
Shape {
	appearance Appearance {
		material Material {
			diffuseColor 0 1 0
			emissiveColor 0 1 0
		}
	}
	geometry IndexedLineSet {
		coord Coordinate {
			point [
				12.9818 -13.9053 16.7157,
				12.6222 -13.0428 17.4358,
				8.84449 -3.98238 25,
				-201.29 500 445.755,
			]
		}
		coordIndex [
			0, 1, 2, 3, -1
		]
	}
}
#---------- POLYLINE
Shape {
	appearance Appearance {
		material Material {
			diffuseColor 0.5 0.5 0.5
			emissiveColor 0.5 0.5 0.5
		}
	}
	geometry IndexedLineSet {
		coord Coordinate {
			point [
				12.9747 -14.001 16.4443,
				13.6702 -13.9044 16.2809,
				49.1886 -8.97128 7.93463,
				500 53.6421 -97.9986,
			]
		}
		coordIndex [
			0, 1, 2, 3, -1
		]
	}
}
#---------- POLYLINE
Shape {
	appearance Appearance {
		material Material {
			diffuseColor 0.5 0.5 0.5
			emissiveColor 0.5 0.5 0.5
		}
	}
	geometry IndexedLineSet {
		coord Coordinate {
			point [
				12.9747 -14.001 16.4443,
				12.9746 -14.001 16.4443,
			]
		}
		coordIndex [
			0, 1, -1
		]
	}
}
#---------- POLYLINE
Shape {
	appearance Appearance {
		material Material {
			diffuseColor 0.5 0.5 0.5
			emissiveColor 0.5 0.5 0.5
		}
	}
	geometry IndexedLineSet {
		coord Coordinate {
			point [
				6.19968 -16.5358 -13.589,
			]
		}
		coordIndex [
			0, -1
		]
	}
}
#---------- POLYLINE
Shape {
	appearance Appearance {
		material Material {
			diffuseColor 0 0 1
			emissiveColor 0 0 1
		}
	}
	geometry IndexedLineSet {
		coord Coordinate {
			point [
				6.19968 -16.5358 -13.589,
				6.29708 -16.6047 -13.4247,
				6.39339 -16.7173 -13.337,
				6.47118 -16.7757 -13.2296,
				6.47782 -16.8967 -13.2583,
				6.40607 -16.9521 -13.3086,
				6.32868 -16.9778 -13.328,
				6.27056 -16.9414 -13.3411,
				6.22915 -16.9384 -13.3698,
				6.1894 -16.9445 -13.3657,
				6.16352 -16.9242 -13.3736,
				6.14138 -16.9174 -13.3672,
				6.1349 -16.9112 -13.376,
				6.1344 -16.9109 -13.3754,
			]
		}
		coordIndex [
			0, 1, 2, 3, 4, 5, 6, 7, 8, 9, 
			10, 11, 12, 13, -1
		]
	}
}
#---------- POLYLINE
Shape {
	appearance Appearance {
		material Material {
			diffuseColor 0 1 0
			emissiveColor 0 1 0
		}
	}
	geometry IndexedLineSet {
		coord Coordinate {
			point [
				6.1344 -16.9109 -13.3754,
				13.855 -20.4842 -16.3568,
				36.2369 -30.8429 -25,
				500 -245.48 -204.09,
			]
		}
		coordIndex [
			0, 1, 2, 3, -1
		]
	}
}
#---------- POLYLINE
Shape {
	appearance Appearance {
		material Material {
			diffuseColor 0 1 0
			emissiveColor 0 1 0
		}
	}
	geometry IndexedLineSet {
		coord Coordinate {
			point [
				6.1344 -16.9109 -13.3754,
				5.07771 -16.4219 -12.9673,
				-19.6309 -4.98636 -3.42567,
				-24.0402 -2.94566 -1.72294,
				-49.2347 8.71475 8.00635,
				-500 217.336 182.077,
			]
		}
		coordIndex [
			0, 1, 2, 3, 4, 5, -1
		]
	}
}
#---------- POLYLINE
Shape {
	appearance Appearance {
		material Material {
			diffuseColor 0.5 0.5 0.5
			emissiveColor 0.5 0.5 0.5
		}
	}
	geometry IndexedLineSet {
		coord Coordinate {
			point [
				6.19968 -16.5358 -13.589,
				5.53059 -19.5415 -11.194,
				-1.24622 -49.9845 13.0635,
				-101.423 -500 371.644,
			]
		}
		coordIndex [
			0, 1, 2, 3, -1
		]
	}
}
#---------- POLYLINE
Shape {
	appearance Appearance {
		material Material {
			diffuseColor 0.5 0.5 0.5
			emissiveColor 0.5 0.5 0.5
		}
	}
	geometry IndexedLineSet {
		coord Coordinate {
			point [
				6.19968 -16.5358 -13.589,
				6.19967 -16.5358 -13.5891,
			]
		}
		coordIndex [
			0, 1, -1
		]
	}
}
#---------- POLYLINE
Shape {
	appearance Appearance {
		material Material {
			diffuseColor 0.5 0.5 0.5
			emissiveColor 0.5 0.5 0.5
		}
	}
	geometry IndexedLineSet {
		coord Coordinate {
			point [
				6.38366 -14.4347 18.6377,
			]
		}
		coordIndex [
			0, -1
		]
	}
}
#---------- POLYLINE
Shape {
	appearance Appearance {
		material Material {
			diffuseColor 0 0 1
			emissiveColor 0 0 1
		}
	}
	geometry IndexedLineSet {
		coord Coordinate {
			point [
				6.38366 -14.4347 18.6377,
				6.39697 -14.3631 18.5627,
				6.41082 -14.2886 18.5011,
				6.41856 -14.2182 18.448,
				6.44067 -14.1478 18.4075,
				6.45587 -14.0795 18.3697,
				6.46844 -14.0116 18.3462,
				6.47693 -13.943 18.3476,
				6.49319 -13.8821 18.3669,
				6.5038 -13.8233 18.3828,
				6.50586 -13.7663 18.3971,
				6.50537 -13.7392 18.4109,
				6.50654 -13.7307 18.4175,
				6.50721 -13.7264 18.421,
				6.50741 -13.724 18.4228,
				6.50748 -13.723 18.4237,
				6.50752 -13.7223 18.4243,
				6.50754 -13.7221 18.4246,
				6.50756 -13.7219 18.4247,
				6.50757 -13.7217 18.4249,
				6.50759 -13.7216 18.425,
				6.50759 -13.7215 18.425,
				6.50761 -13.7214 18.4252,
				6.50764 -13.7212 18.4253,
				6.50774 -13.7206 18.4258,
				6.50776 -13.7205 18.426,
				6.50777 -13.7204 18.426,
				6.50778 -13.7203 18.4261,
				6.50784 -13.7199 18.4266,
				6.50785 -13.7198 18.4267,
				6.5079 -13.7194 18.4271,
				6.50796 -13.7192 18.4273,
				6.50805 -13.7186 18.4279,
				6.50838 -13.7173 18.4293,
				6.50887 -13.7157 18.4314,
				6.50962 -13.7137 18.4341,
				6.51048 -13.7109 18.4375,
				6.51134 -13.7072 18.442,
				6.51263 -13.7026 18.4483,
				6.51391 -13.6971 18.4568,
				6.51541 -13.6905 18.4684,
				6.51357 -13.682 18.483,
				6.51309 -13.6718 18.5051,
				6.51375 -13.6702 18.5364,
				6.51152 -13.673 18.5689,
				6.5034 -13.6737 18.5986,
				6.49394 -13.6685 18.6258,
				6.48663 -13.668 18.652,
				6.48424 -13.6692 18.6775,
				6.48177 -13.6768 18.6999,
				6.47739 -13.6826 18.7213,
				6.46665 -13.6862 18.7373,
				6.44941 -13.6851 18.7467,
				6.43692 -13.6826 18.7604,
				6.42726 -13.6818 18.7754,
				6.42166 -13.6814 18.7915,
				6.41614 -13.6791 18.8062,
				6.40784 -13.6791 18.8188,
				6.40043 -13.6793 18.8303,
				6.39375 -13.6776 18.8416,
				6.38888 -13.6745 18.8525,
				6.38305 -13.6715 18.8621,
				6.3765 -13.6694 18.8699,
				6.35322 -13.6632 18.8995,
				6.33971 -13.6609 18.9266,
				6.31841 -13.6513 18.9342,
				6.31621 -13.6596 18.9356,
				6.31618 -13.6598 18.936,
			]
		}
		coordIndex [
			0, 1, 2, 3, 4, 5, 6, 7, 8, 9, 
			10, 11, 12, 13, 14, 15, 16, 17, 18, 19, 
			20, 21, 22, 23, 24, 25, 26, 27, 28, 29, 
			30, 31, 32, 33, 34, 35, 36, 37, 38, 39, 
			40, 41, 42, 43, 44, 45, 46, 47, 48, 49, 
			50, 51, 52, 53, 54, 55, 56, 57, 58, 59, 
			60, 61, 62, 63, 64, 65, 66, 67, -1
		]
	}
}
#---------- POLYLINE
Shape {
	appearance Appearance {
		material Material {
			diffuseColor 0 1 0
			emissiveColor 0 1 0
		}
	}
	geometry IndexedLineSet {
		coord Coordinate {
			point [
				6.31618 -13.6598 18.936,
				1.85184 -15.559 17.1822,
				-4.24179 -23.6266 16.6678,
				-25.0401 -43.2781 16.5659,
				-500 -492.048 14.2395,
			]
		}
		coordIndex [
			0, 1, 2, 3, 4, -1
		]
	}
}
#---------- POLYLINE
Shape {
	appearance Appearance {
		material Material {
			diffuseColor 0 1 0
			emissiveColor 0 1 0
		}
	}
	geometry IndexedLineSet {
		coord Coordinate {
			point [
				6.31618 -13.6598 18.936,
				6.81037 -13.4495 19.1301,
				9.02486 -12.5074 20,
				21.7531 -7.09254 25,
				500 196.364 212.868,
			]
		}
		coordIndex [
			0, 1, 2, 3, 4, -1
		]
	}
}
#---------- POLYLINE
Shape {
	appearance Appearance {
		material Material {
			diffuseColor 0.5 0.5 0.5
			emissiveColor 0.5 0.5 0.5
		}
	}
	geometry IndexedLineSet {
		coord Coordinate {
			point [
				6.38366 -14.4347 18.6377,
				6.04179 -14.2451 18.7671,
				-10.4244 -5.1107 25,
				-500 266.475 210.317,
			]
		}
		coordIndex [
			0, 1, 2, 3, -1
		]
	}
}
#---------- POLYLINE
Shape {
	appearance Appearance {
		material Material {
			diffuseColor 0.5 0.5 0.5
			emissiveColor 0.5 0.5 0.5
		}
	}
	geometry IndexedLineSet {
		coord Coordinate {
			point [
				6.38366 -14.4347 18.6377,
				6.38367 -14.4347 18.6377,
			]
		}
		coordIndex [
			0, 1, -1
		]
	}
}
#---------- POLYLINE
Shape {
	appearance Appearance {
		material Material {
			diffuseColor 0.5 0.5 0.5
			emissiveColor 0.5 0.5 0.5
		}
	}
	geometry IndexedLineSet {
		coord Coordinate {
			point [
				7.6822 -13.6821 4.8119,
			]
		}
		coordIndex [
			0, -1
		]
	}
}
#---------- POLYLINE
Shape {
	appearance Appearance {
		material Material {
			diffuseColor 0 0 1
			emissiveColor 0 0 1
		}
	}
	geometry IndexedLineSet {
		coord Coordinate {
			point [
				7.6822 -13.6821 4.8119,
				7.76095 -13.715 4.84843,
				7.7988 -13.7497 4.90573,
				7.84998 -13.7629 4.93362,
				7.85414 -13.8078 4.941,
				7.86159 -13.8335 4.96884,
				7.8339 -13.8404 4.98441,
				7.81957 -13.8569 4.97188,
				7.82046 -13.8469 4.98777,
				7.82116 -13.8464 4.98841,
				7.8211 -13.8466 4.98845,
			]
		}
		coordIndex [
			0, 1, 2, 3, 4, 5, 6, 7, 8, 9, 
			10, -1
		]
	}
}
#---------- POLYLINE
Shape {
	appearance Appearance {
		material Material {
			diffuseColor 0 1 0
			emissiveColor 0 1 0
		}
	}
	geometry IndexedLineSet {
		coord Coordinate {
			point [
				7.8211 -13.8466 4.98845,
				7.65977 -12.8815 6.8078,
				7.09209 -9.4855 13.2098,
				-0.40196 -9.78982 25,
				-302.32 -22.0503 500,
			]
		}
		coordIndex [
			0, 1, 2, 3, 4, -1
		]
	}
}
#---------- POLYLINE
Shape {
	appearance Appearance {
		material Material {
			diffuseColor 0 1 0
			emissiveColor 0 1 0
		}
	}
	geometry IndexedLineSet {
		coord Coordinate {
			point [
				7.8211 -13.8466 4.98845,
				9.22409 -22.2394 -10.8335,
				10.4803 -29.7541 -25,
				52.6 -281.721 -500,
			]
		}
		coordIndex [
			0, 1, 2, 3, -1
		]
	}
}
#---------- POLYLINE
Shape {
	appearance Appearance {
		material Material {
			diffuseColor 0.5 0.5 0.5
			emissiveColor 0.5 0.5 0.5
		}
	}
	geometry IndexedLineSet {
		coord Coordinate {
			point [
				7.6822 -13.6821 4.8119,
				9.46737 -12.3285 4.48745,
				19.2137 -4.93779 2.71602,
				24.9668 -0.575269 1.67039,
				47.2586 16.3286 -2.38121,
				500 359.641 -84.668,
			]
		}
		coordIndex [
			0, 1, 2, 3, 4, 5, -1
		]
	}
}
#---------- POLYLINE
Shape {
	appearance Appearance {
		material Material {
			diffuseColor 0.5 0.5 0.5
			emissiveColor 0.5 0.5 0.5
		}
	}
	geometry IndexedLineSet {
		coord Coordinate {
			point [
				7.6822 -13.6821 4.8119,
				7.68219 -13.6821 4.8119,
			]
		}
		coordIndex [
			0, 1, -1
		]
	}
}
#---------- POLYLINE
Shape {
	appearance Appearance {
		material Material {
			diffuseColor 0.5 0.5 0.5
			emissiveColor 0.5 0.5 0.5
		}
	}
	geometry IndexedLineSet {
		coord Coordinate {
			point [
				12.6753 -18.9699 -4.89736,
			]
		}
		coordIndex [
			0, -1
		]
	}
}
#---------- POLYLINE
Shape {
	appearance Appearance {
		material Material {
			diffuseColor 0 0 1
			emissiveColor 0 0 1
		}
	}
	geometry IndexedLineSet {
		coord Coordinate {
			point [
				12.6753 -18.9699 -4.89736,
				12.6542 -19.0295 -4.92862,
				12.6627 -19.004 -4.98204,
				12.6725 -18.9844 -5.02921,
				12.7042 -19.0086 -5.01269,
				12.7355 -19.0239 -5.00123,
				12.7542 -19.0403 -4.98454,
				12.7752 -19.0479 -4.97463,
				12.7807 -19.0534 -4.9574,
				12.7756 -19.0543 -4.95754,
				12.7754 -19.0545 -4.95732,
			]
		}
		coordIndex [
			0, 1, 2, 3, 4, 5, 6, 7, 8, 9, 
			10, -1
		]
	}
}
#---------- POLYLINE
Shape {
	appearance Appearance {
		material Material {
			diffuseColor 0 1 0
			emissiveColor 0 1 0
		}
	}
	geometry IndexedLineSet {
		coord Coordinate {
			point [
				12.7754 -19.0545 -4.95732,
				11.5595 -12.5494 -1.84896,
				6.70573 13.4177 10.5591,
				6.75818 13.4934 10.5934,
				12.4246 21.6728 14.2949,
				26.6975 42.2758 23.6185,
				343.791 500 230.756,
			]
		}
		coordIndex [
			0, 1, 2, 3, 4, 5, 6, -1
		]
	}
}
#---------- POLYLINE
Shape {
	appearance Appearance {
		material Material {
			diffuseColor 0 1 0
			emissiveColor 0 1 0
		}
	}
	geometry IndexedLineSet {
		coord Coordinate {
			point [
				12.7754 -19.0545 -4.95732,
				13.1702 -21.1665 -5.96655,
				17.9375 -46.6717 -18.1539,
				102.673 -500 -234.772,
			]
		}
		coordIndex [
			0, 1, 2, 3, -1
		]
	}
}
#---------- POLYLINE
Shape {
	appearance Appearance {
		material Material {
			diffuseColor 0.5 0.5 0.5
			emissiveColor 0.5 0.5 0.5
		}
	}
	geometry IndexedLineSet {
		coord Coordinate {
			point [
				12.6753 -18.9699 -4.89736,
				14.6402 -19.1625 -2.67412,
				39.0977 -21.5591 25,
				458.889 -62.6955 500,
			]
		}
		coordIndex [
			0, 1, 2, 3, -1
		]
	}
}
#---------- POLYLINE
Shape {
	appearance Appearance {
		material Material {
			diffuseColor 0.5 0.5 0.5
			emissiveColor 0.5 0.5 0.5
		}
	}
	geometry IndexedLineSet {
		coord Coordinate {
			point [
				12.6753 -18.9699 -4.89736,
				12.6753 -18.9699 -4.89736,
			]
		}
		coordIndex [
			0, 1, -1
		]
	}
}
#---------- POLYLINE
Shape {
	appearance Appearance {
		material Material {
			diffuseColor 0.5 0.5 0.5
			emissiveColor 0.5 0.5 0.5
		}
	}
	geometry IndexedLineSet {
		coord Coordinate {
			point [
				11.4457 -15.1134 18.1298,
			]
		}
		coordIndex [
			0, -1
		]
	}
}
#---------- POLYLINE
Shape {
	appearance Appearance {
		material Material {
			diffuseColor 0 0 1
			emissiveColor 0 0 1
		}
	}
	geometry IndexedLineSet {
		coord Coordinate {
			point [
				11.4457 -15.1134 18.1298,
				11.4547 -15.1127 18.0937,
				11.4849 -15.1193 18.102,
				11.5115 -15.1204 18.0969,
				11.527 -15.1176 18.1114,
				11.5219 -15.1074 18.1126,
				11.5211 -15.1077 18.1126,
			]
		}
		coordIndex [
			0, 1, 2, 3, 4, 5, 6, -1
		]
	}
}
#---------- POLYLINE
Shape {
	appearance Appearance {
		material Material {
			diffuseColor 0 1 0
			emissiveColor 0 1 0
		}
	}
	geometry IndexedLineSet {
		coord Coordinate {
			point [
				11.5211 -15.1077 18.1126,
				9.7327 -12.3072 15.4769,
				7.35131 -8.57814 11.9672,
				15.5313 2.24287 17.8564,
				16.6234 3.68765 18.6428,
				25.4535 15.3687 25,
				391.802 500 288.754,
			]
		}
		coordIndex [
			0, 1, 2, 3, 4, 5, 6, -1
		]
	}
}
#---------- POLYLINE
Shape {
	appearance Appearance {
		material Material {
			diffuseColor 0 1 0
			emissiveColor 0 1 0
		}
	}
	geometry IndexedLineSet {
		coord Coordinate {
			point [
				11.5211 -15.1077 18.1126,
				12.8018 -17.113 20,
				16.1945 -22.4256 25,
				321.179 -500 474.476,
			]
		}
		coordIndex [
			0, 1, 2, 3, -1
		]
	}
}
#---------- POLYLINE
Shape {
	appearance Appearance {
		material Material {
			diffuseColor 0.5 0.5 0.5
			emissiveColor 0.5 0.5 0.5
		}
	}
	geometry IndexedLineSet {
		coord Coordinate {
			point [
				11.4457 -15.1134 18.1298,
				14.9858 -16.9231 19.1627,
				34.9929 -27.1506 25,
				500 -264.861 160.672,
			]
		}
		coordIndex [
			0, 1, 2, 3, -1
		]
	}
}
#---------- POLYLINE
Shape {
	appearance Appearance {
		material Material {
			diffuseColor 0.5 0.5 0.5
			emissiveColor 0.5 0.5 0.5
		}
	}
	geometry IndexedLineSet {
		coord Coordinate {
			point [
				11.4457 -15.1134 18.1298,
				11.4456 -15.1134 18.1298,
			]
		}
		coordIndex [
			0, 1, -1
		]
	}
}
#---------- POLYLINE
Shape {
	appearance Appearance {
		material Material {
			diffuseColor 0.5 0.5 0.5
			emissiveColor 0.5 0.5 0.5
		}
	}
	geometry IndexedLineSet {
		coord Coordinate {
			point [
				12.3365 -17.0525 15.7103,
			]
		}
		coordIndex [
			0, -1
		]
	}
}
#---------- POLYLINE
Shape {
	appearance Appearance {
		material Material {
			diffuseColor 0 0 1
			emissiveColor 0 0 1
		}
	}
	geometry IndexedLineSet {
		coord Coordinate {
			point [
				12.3365 -17.0525 15.7103,
				12.3524 -16.9178 15.6344,
				12.3872 -16.8096 15.5728,
				12.4404 -16.7289 15.5203,
				12.5205 -16.6977 15.515,
				12.5716 -16.6853 15.4638,
				12.6244 -16.6953 15.4312,
				12.6299 -16.7288 15.4054,
				12.651 -16.7489 15.4256,
				12.6447 -16.7554 15.455,
				12.6354 -16.7646 15.4725,
				12.6304 -16.7646 15.4774,
				12.6302 -16.7647 15.4774,
			]
		}
		coordIndex [
			0, 1, 2, 3, 4, 5, 6, 7, 8, 9, 
			10, 11, 12, -1
		]
	}
}
#---------- POLYLINE
Shape {
	appearance Appearance {
		material Material {
			diffuseColor 0 1 0
			emissiveColor 0 1 0
		}
	}
	geometry IndexedLineSet {
		coord Coordinate {
			point [
				12.6302 -16.7647 15.4774,
				14.967 -17.8732 18.7769,
				19.3745 -19.9638 25,
				355.788 -179.542 500,
			]
		}
		coordIndex [
			0, 1, 2, 3, -1
		]
	}
}
#---------- POLYLINE
Shape {
	appearance Appearance {
		material Material {
			diffuseColor 0 1 0
			emissiveColor 0 1 0
		}
	}
	geometry IndexedLineSet {
		coord Coordinate {
			point [
				12.6302 -16.7647 15.4774,
				6.41378 -13.8159 6.70011,
				-16.0375 -3.16609 -25,
				-352.451 156.412 -500,
			]
		}
		coordIndex [
			0, 1, 2, 3, -1
		]
	}
}
#---------- POLYLINE
Shape {
	appearance Appearance {
		material Material {
			diffuseColor 0.5 0.5 0.5
			emissiveColor 0.5 0.5 0.5
		}
	}
	geometry IndexedLineSet {
		coord Coordinate {
			point [
				12.3365 -17.0525 15.7103,
				13.7053 -13.9428 15.3253,
				17.8545 -4.51629 14.1583,
				21.8815 4.63249 13.0256,
				35.3896 35.3211 9.22624,
				239.926 500 -48.3031,
			]
		}
		coordIndex [
			0, 1, 2, 3, 4, 5, -1
		]
	}
}
#---------- POLYLINE
Shape {
	appearance Appearance {
		material Material {
			diffuseColor 0.5 0.5 0.5
			emissiveColor 0.5 0.5 0.5
		}
	}
	geometry IndexedLineSet {
		coord Coordinate {
			point [
				12.3365 -17.0525 15.7103,
				12.3365 -17.0525 15.7103,
			]
		}
		coordIndex [
			0, 1, -1
		]
	}
}
#End of file.
